of	1.342e+4
on	2337
or	1764
one	1018
other	659.8
out	569.2
only	518.3
our	422.0
over	381.1
own	247.7
old	174.3
off	170.9
often	170.1
order	167.0
others	136.8
once	135.8
open	104.3
office	77.08
outside	66.95
object	62.93
o	61.64
organization	61.03
original	52.59
Oh	41.66
offer	41.20
oil	39.90
observed	39.73
objects	39.29
opportunity	37.17
operation	36.36
occur	36.22
ones	36.08
organizations	36.06
opinion	35.27
offered	35.08
obtained	34.68
opened	34.60
October	34.40
otherwise	34.31
older	33.25
Oxford	32.40
operations	32.34
output	30.83
overall	28.71
official	28.01
occurs	27.98
onto	27.26
officer	27.22
officers	26.82
opening	25.90
options	25.55
option	24.98
opportunities	24.77
operating	24.56
obtain	24.42
occurred	24.32
obvious	24.01
objective	23.32
origin	23.21
opposite	22.86
orders	22.83
offers	22.53
ourselves	21.89
ordinary	21.73
ordered	20.78
online	20.65
officials	20.54
organized	20.26
opposition	19.21
owner	19.12
outcome	18.82
obviously	18.62
ought	18.50
observation	17.59
objectives	17.37
oral	17.36
organizational	17.19
observations	16.83
occasion	16.67
opposed	16.35
owned	15.82
ocean	15.71
okay	15.70
outcomes	15.67
organic	15.31
originally	15.27
offering	14.90
oxygen	14.22
ownership	13.97
occasionally	13.82
oriented	13.62
owners	13.11
orientation	13.06
operate	13.02
occupied	12.97
observe	12.67
overcome	12.00
opinions	11.79
outer	11.64
organisation	11.51
origins	11.38
offices	11.28
overview	11.21
optical	10.67
occupation	10.57
obligation	10.54
orange	10.11
optimal	10.08
O.	9.994
ongoing	9.980
obligations	9.968
operator	9.924
op	9.443
Ohio	9.443
occasions	9.442
OK	9.368
odd	9.366
o'clock	8.792
operational	8.558
organ	8.446
outline	8.415
occurring	8.100
opens	7.909
organs	7.864
organisms	7.823
occasional	7.801
occurrence	7.801
operated	7.663
opera	7.642
onset	7.508
obliged	7.195
operators	7.167
obtaining	7.139
organisations	7.124
outstanding	6.839
organizing	6.750
occupational	6.746
overhead	6.640
observer	6.594
organize	6.314
outlined	6.251
overseas	6.209
orthodox	6.145
owing	6.041
oldest	5.961
offensive	5.783
oak	5.738
outlook	5.647
odds	5.619
openly	5.612
opponents	5.596
observing	5.587
overwhelming	5.556
organism	5.537
ours	5.467
obstacles	5.308
objection	5.293
Orleans	5.248
ordering	5.207
outward	5.133
Oliver	5.089
opposing	5.084
operates	5.080
olive	5.073
occupy	5.064
obedience	5.063
oxide	4.992
oneself	4.959
oppression	4.911
officially	4.866
offset	4.860
observers	4.828
os	4.826
ot	4.708
obey	4.692
operative	4.642
Oregon	4.639
optimization	4.610
Ontario	4.549
owe	4.538
obscure	4.472
offence	4.447
offspring	4.406
offenders	4.343
overlap	4.336
optional	4.330
objections	4.328
opponent	4.276
offense	4.232
outdoor	4.227
oath	4.224
oxidation	4.150
omitted	4.140
oven	4.101
owed	4.082
orbit	3.927
Ottoman	3.924
originated	3.902
organised	3.898
ou	3.876
overnight	3.868
Oklahoma	3.832
occupations	3.830
offerings	3.820
OECD	3.785
observes	3.781
oracle	3.775
Oct.	3.770
orchestra	3.654
obstruction	3.623
oppose	3.579
Owen	3.568
overlooked	3.557
Oriental	3.474
obesity	3.466
obstacle	3.451
outset	3.421
optimum	3.401
overwhelmed	3.367
ol	3.342
outputs	3.245
openness	3.234
outlines	3.231
oils	3.202
outlet	3.112
overlapping	3.107
owns	3.093
optic	3.092
Oscar	3.091
Otto	2.992
outbreak	2.949
optimistic	2.946
offender	2.935
oppressed	2.888
orderly	2.867
outsiders	2.843
organisational	2.843
ordinance	2.811
ore	2.800
overly	2.787
Olympic	2.778
ordinarily	2.775
overt	2.745
optimism	2.707
onion	2.694
oaks	2.680
ontology	2.595
orbital	2.571
objected	2.569
offshore	2.548
objectivity	2.497
ozone	2.494
oval	2.483
Ottawa	2.480
ontological	2.455
offences	2.410
overcoming	2.407
ofthe	2.380
outright	2.377
occupying	2.376
offended	2.349
ordained	2.323
O'Brien	2.320
opt	2.301
O'Connor	2.289
occurrences	2.286
onwards	2.281
openings	2.268
oversight	2.261
occupies	2.260
oppressive	2.246
odor	2.194
opium	2.179
olds	2.174
oceans	2.172
observable	2.164
originating	2.142
overlooking	2.137
omission	2.127
obsession	2.112
orthodoxy	2.110
ovarian	2.104
ounces	2.098
onions	2.085
orient	2.081
offenses	2.079
outlets	2.067
outfit	2.065
ounce	2.057
outsider	2.021
onward	2.013
obeyed	1.986
overthrow	1.955
orientations	1.954
oblique	1.950
owes	1.945
obsolete	1.942
ordination	1.920
optics	1.916
originate	1.898
owl	1.893
outrage	1.889
overlook	1.873
owning	1.840
oz	1.827
Orlando	1.820
offending	1.792
ornaments	1.786
ostensibly	1.780
outsourcing	1.776
oddly	1.714
Oct	1.702
observance	1.693
ox	1.691
opted	1.689
outdoors	1.687
objectively	1.686
obscured	1.667
obtains	1.656
orchard	1.643
obsessed	1.637
optimized	1.620
ordeal	1.619
Olivia	1.608
opaque	1.604
obedient	1.599
overweight	1.596
obsessive	1.594
occult	1.587
O'Neill	1.580
observational	1.574
occupants	1.561
oder	1.554
originality	1.549
overtime	1.539
organizers	1.530
override	1.524
overload	1.521
ornament	1.517
Olson	1.505
orally	1.504
overwhelmingly	1.500
offs	1.498
outgoing	1.493
oo	1.468
ocular	1.468
obligatory	1.460
oft	1.453
outpatient	1.452
oxidative	1.451
occlusion	1.443
optimize	1.442
ominous	1.438
omit	1.438
om	1.438
overriding	1.435
osteoporosis	1.435
obese	1.414
outrageous	1.407
orthogonal	1.399
oblivious	1.399
outskirts	1.393
Oakland	1.387
ob	1.386
observatory	1.382
occasioned	1.380
outreach	1.373
oscillations	1.372
oscillation	1.353
ordinances	1.352
orphan	1.352
oceanic	1.347
organizer	1.346
obligated	1.338
oi	1.327
ornamental	1.321
oxides	1.278
occupancy	1.275
oj	1.270
outraged	1.257
obstructive	1.255
Oslo	1.253
originates	1.252
offend	1.251
Oswald	1.248
orphans	1.244
oranges	1.241
omega	1.239
opposites	1.237
overheard	1.231
outflow	1.228
overtly	1.219
Olympics	1.212
Odyssey	1.197
obscurity	1.194
orbits	1.193
o'er	1.191
ole	1.168
oxen	1.166
overflow	1.166
outstretched	1.164
oversee	1.160
Osborne	1.132
Omar	1.129
org	1.128
orgasm	1.127
otherness	1.117
Owens	1.117
oats	1.116
omissions	1.116
outlining	1.109
oblivion	1.107
olfactory	1.104
obscene	1.100
outs	1.099
olives	1.089
orator	1.083
overturned	1.080
Oedipus	1.074
overarching	1.066
ont	1.058
organise	1.056
operas	1.053
outdated	1.046
outbreaks	1.043
organising	1.036
opportunistic	1.031
Orissa	0.9974
outburst	0.9962
oppositional	0.9948
oc	0.9890
ovary	0.9882
outweigh	0.9835
oneness	0.9793
overboard	0.9755
oyster	0.9744
Ovid	0.9699
oscillator	0.9669
oaths	0.9597
O2	0.9583
oxidized	0.9574
objectionable	0.9536
oncology	0.9418
Odysseus	0.9410
overflowing	0.9391
outlaw	0.9358
Omaha	0.9303
optimizing	0.9291
Olga	0.9267
outspoken	0.9230
oysters	0.9103
od	0.9082
overland	0.9075
operatives	0.9049
overcame	0.9045
oratory	0.8962
ode	0.8940
oblige	0.8911
ornate	0.8905
Otis	0.8882
oasis	0.8838
obeying	0.8806
originals	0.8780
opposes	0.8768
onslaught	0.8675
Olivier	0.8594
overwhelm	0.8580
O'Reilly	0.8563
Orwell	0.8517
overlay	0.8499
O'Connell	0.8441
offline	0.8415
ordnance	0.8402
Othello	0.8399
Obstet	0.8387
obstinate	0.8304
Oncol	0.8277
oars	0.8277
outnumbered	0.8235
Olsen	0.8222
orchards	0.8212
outwardly	0.8103
omnibus	0.8081
osmotic	0.8075
octave	0.8032
opioid	0.8014
OSHA	0.7886
overshadowed	0.7741
overtaken	0.7736
opus	0.7671
og	0.7670
ovaries	0.7625
occupant	0.7599
oily	0.7557
Origen	0.7545
occipital	0.7512
Osaka	0.7506
Ogden	0.7485
overdose	0.7461
orchestrated	0.7428
odors	0.7411
overlying	0.7407
obituary	0.7352
Ortiz	0.7322
oxidase	0.7309
outfits	0.7309
omitting	0.7300
O'Donnell	0.7299
ordinal	0.7257
obliterated	0.7252
organizes	0.7217
Osama	0.7155
overthrown	0.7127
Orion	0.7115
overtones	0.7111
overgrown	0.7099
outlying	0.7083
overlaps	0.7068
omnipotent	0.7044
overloaded	0.7040
overrun	0.7022
Orientalism	0.7003
obstructed	0.6966
oar	0.6963
overdue	0.6915
ordinate	0.6914
opacity	0.6898
owls	0.6887
overseeing	0.6854
OA	0.6808
ointment	0.6779
Osiris	0.6758
orifice	0.6728
otter	0.6681
odour	0.6635
Olympia	0.6631
overpowering	0.6625
oppositions	0.6616
ovulation	0.6613
observant	0.6608
outbursts	0.6590
obstetrics	0.6585
outpost	0.6582
Okinawa	0.6559
oracles	0.6558
odious	0.6551
obnoxious	0.6498
omen	0.6445
overtake	0.6421
outlawed	0.6420
outcry	0.6402
oversized	0.6370
ornamented	0.6370
orchestral	0.6350
Oman	0.6332
O'Hara	0.6330
onstage	0.6250
overcoat	0.6209
obstruct	0.6208
OPEC	0.6178
orphanage	0.6169
outing	0.6160
ores	0.6143
ODA	0.6075
O'Malley	0.6005
osteoarthritis	0.6002
overlooks	0.5994
oration	0.5986
obscenity	0.5969
Oppenheimer	0.5968
oftentimes	0.5955
overcrowded	0.5951
onerous	0.5901
optimally	0.5893
overruled	0.5884
orientated	0.5883
ofa	0.5844
onlookers	0.5818
overseer	0.5811
Ortega	0.5772
outweighed	0.5771
orthopedic	0.5748
ovens	0.5735
overturn	0.5734
omnipotence	0.5724
obtainable	0.5720
outwards	0.5715
outgrowth	0.5697
overtook	0.5673
overcomes	0.5613
Orr	0.5601
outlaws	0.5582
oeuvre	0.5560
outlay	0.5539
overhaul	0.5510
ombudsman	0.5508
oscillating	0.5486
Ottomans	0.5426
oatmeal	0.5408
outliers	0.5378
onboard	0.5376
omnipresent	0.5361
ontologies	0.5352
originator	0.5332
obliquely	0.5303
oblong	0.5301
OTC	0.5293
O'Leary	0.5286
obstructions	0.5279
overstated	0.5242
orchid	0.5240
omits	0.5233
opioids	0.5227
opener	0.5223
overlapped	0.5213
Ophthalmology	0.5204
oat	0.5199
Orpheus	0.5193
opting	0.5173
Oprah	0.5166
oedipal	0.5166
overture	0.5161
omniscient	0.5140
outcast	0.5140
oxygenation	0.5121
overhanging	0.5094
obliging	0.5093
ons	0.5084
oppressors	0.5057
ornamentation	0.5032
Osborn	0.4983
offsets	0.4951
orchids	0.4940
obscures	0.4877
orphaned	0.4867
outposts	0.4859
oiled	0.4846
overestimate	0.4832
oligarchy	0.4831
overtures	0.4829
Oaxaca	0.4829
Oates	0.4825
obeys	0.4807
outermost	0.4780
Ong	0.4766
Odessa	0.4726
overpowered	0.4717
Ophelia	0.4703
octopus	0.4664
OSI	0.4649
outpouring	0.4641
overcast	0.4602
overlaid	0.4602
operatic	0.4601
occidental	0.4583
overalls	0.4580
Opin	0.4572
ostensible	0.4569
Oakley	0.4559
overuse	0.4559
O.K.	0.4556
optimisation	0.4555
optically	0.4547
oncoming	0.4518
O'Sullivan	0.4506
och	0.4491
ow	0.4489
overcrowding	0.4431
observances	0.4418
overestimated	0.4384
obsessions	0.4380
ostrich	0.4374
oversaw	0.4372
overjoyed	0.4324
obstinacy	0.4323
ordinated	0.4316
orators	0.4310
opulent	0.4299
ophthalmic	0.4299
overheads	0.4280
outflows	0.4271
ousted	0.4265
opined	0.4254
organically	0.4251
oeuvres	0.4246
opal	0.4232
overworked	0.4228
oxidizing	0.4206
oppress	0.4180
Oskar	0.4175
oe	0.4161
Olympus	0.4155
ops	0.4143
organelles	0.4139
oro	0.4114
Oceania	0.4110
OCD	0.4087
overseers	0.4077
optimality	0.4071
orbiting	0.4065
obscuring	0.4062
oedema	0.4048
opiate	0.4024
outlandish	0.4022
OAS	0.4014
ooo	0.3968
objectification	0.3951
offsetting	0.3948
overbearing	0.3943
opportunism	0.3926
occluded	0.3915
Olaf	0.3914
obsolescence	0.3880
opportune	0.3874
Orbis	0.3861
obstructing	0.3849
orchestras	0.3835
obsidian	0.3831
outmoded	0.3828
odes	0.3822
overridden	0.3790
origination	0.3775
orb	0.3775
ominously	0.3772
operant	0.3765
outlays	0.3763
overexpression	0.3763
olden	0.3746
obliterate	0.3745
oppressor	0.3742
outings	0.3742
optionally	0.3741
organist	0.3734
obstetric	0.3734
overrides	0.3726
oozing	0.3720
ostentatious	0.3710
obediently	0.3707
Oxley	0.3702
onus	0.3698
overhang	0.3684
oversees	0.3676
Orson	0.3657
OMB	0.3631
oscillators	0.3619
orchestration	0.3618
Ollie	0.3618
op.cit	0.3610
oscillatory	0.3608
O'Neil	0.3598
overturning	0.3592
Orville	0.3586
orientalist	0.3586
outbound	0.3570
omnia	0.3568
orienting	0.3559
oceanography	0.3546
outrages	0.3538
orthography	0.3530
ordinates	0.3520
outweighs	0.3518
occupiers	0.3508
objecting	0.3489
outsourced	0.3464
orbitals	0.3452
ord	0.3423
overflowed	0.3405
Odin	0.3400
outta	0.3390
omens	0.3370
obtuse	0.3364
obviate	0.3321
orthographic	0.3320
outnumber	0.3314
Osman	0.3301
operationally	0.3296
OSS	0.3290
ossification	0.3285
ohne	0.3276
Obama	0.3273
octagonal	0.3266
outperform	0.3260
overviews	0.3241
outlived	0.3202
Oakes	0.3201
ochre	0.3201
ovum	0.3195
orgy	0.3180
outcasts	0.3173
Oldham	0.3171
Ono	0.3159
offshoot	0.3144
otitis	0.3143
obliges	0.3137
orality	0.3134
Osgood	0.3134
outcrop	0.3132
opulence	0.3128
overthrew	0.3114
Oberlin	0.3103
Orestes	0.3095
O'Rourke	0.3093
Olmsted	0.3071
occlusive	0.3065
ohm	0.3050
OED	0.3049
opiates	0.3036
oligonucleotide	0.3027
outgrown	0.3021
otherworldly	0.3011
ontologically	0.2973
Orkney	0.2972
obliteration	0.2960
objectified	0.2957
outlier	0.2941
OSCE	0.2934
outcrops	0.2932
OLS	0.2928
operandi	0.2909
Ormond	0.2904
outsource	0.2897
omniscience	0.2885
obstinately	0.2881
Olympian	0.2876
outfitted	0.2876
orthopaedic	0.2875
Oppenheim	0.2872
O.J.	0.2870
oddity	0.2852
Overton	0.2838
overhear	0.2837
overloading	0.2829
overseen	0.2814
omni	0.2814
Ott	0.2813
Ouch	0.2793
Oliveira	0.2792
offish	0.2791
overrule	0.2776
oftener	0.2772
overstate	0.2767
osmosis	0.2766
oldfashioned	0.2761
ovation	0.2759
overheated	0.2737
otters	0.2725
overflows	0.2692
overpower	0.2686
Oneida	0.2677
oscillate	0.2668
oust	0.2655
oregano	0.2646
obligate	0.2639
overproduction	0.2638
O'Toole	0.2616
Oxfordshire	0.2612
overgrowth	0.2608
ordinating	0.2601
occupier	0.2599
organisers	0.2598
outhouse	0.2598
O'Keefe	0.2596
oligonucleotides	0.2589
overheating	0.2589
odours	0.2569
ooze	0.2560
OEM	0.2545
outboard	0.2537
oxygenated	0.2535
Oldenburg	0.2529
omnes	0.2524
ora	0.2524
ond	0.2510
originary	0.2509
offends	0.2507
outrun	0.2499
optimist	0.2490
obeisance	0.2490
outpatients	0.2489
onscreen	0.2477
obsessively	0.2473
ostracism	0.2465
Oxfam	0.2453
obverse	0.2436
overshadow	0.2434
Olin	0.2432
ordain	0.2432
overeating	0.2414
outage	0.2399
orgasms	0.2389
overburdened	0.2380
O'Neal	0.2379
ova	0.2378
onetime	0.2357
organics	0.2355
outlooks	0.2349
O'Keeffe	0.2343
overthrowing	0.2334
obelisk	0.2329
oversimplification	0.2324
ordre	0.2321
Orton	0.2319
outrageously	0.2308
optimizations	0.2306
octaves	0.2299
oxytocin	0.2286
orphanages	0.2286
oozed	0.2282
overwhelms	0.2281
ostracized	0.2278
oy	0.2277
Okla.	0.2275
overwork	0.2271
oratorical	0.2266
Oops	0.2254
O'Shea	0.2253
octagon	0.2247
orchestrate	0.2246
outdone	0.2244
OUP	0.2233
outperformed	0.2233
overtaking	0.2233
orifices	0.2231
ostentation	0.2228
outstripped	0.2216
oppressions	0.2213
outlive	0.2197
oocytes	0.2190
oscilloscope	0.2186
O'Grady	0.2183
Omer	0.2175
opinionated	0.2175
oversize	0.2174
Odell	0.2172
Octavia	0.2165
operand	0.2162
outbuildings	0.2155
oligopoly	0.2154
oui	0.2153
Orozco	0.2149
oases	0.2147
optimistically	0.2141
overpopulation	0.2134
officialdom	0.2129
opensource	0.2112
outdo	0.2110
onshore	0.2109
overvalued	0.2108
overs	0.2098
ointments	0.2097
ous	0.2095
orations	0.2094
overlays	0.2093
oxidant	0.2090
oversimplified	0.2076
ogre	0.2066
oddities	0.2052
Octavian	0.2049
onethird	0.2044
O'Hare	0.2039
orgies	0.2035
orderliness	0.2034
orbs	0.2032
Oliphant	0.2031
operationalized	0.2026
obscenities	0.2020
où	0.2009
oxymoron	0.2009
obstetrician	0.2007
oscillates	0.2000
origine	0.1981
Okada	0.1979
opportunist	0.1969
Oleg	0.1958
officio	0.1945
op.	0.1941
Oahu	0.1938
Orme	0.1933
ordinator	0.1933
Octavio	0.1932
osteomyelitis	0.1929
ov	0.1929
octane	0.1923
overdo	0.1923
offing	0.1922
overemphasized	0.1921
Ockham	0.1919
opts	0.1917
overstuffed	0.1910
Ogawa	0.1908
officiating	0.1906
ostentatiously	0.1905
overran	0.1905
Ochs	0.1897
obsessional	0.1888
Ooh	0.1885
objectors	0.1880
Olsson	0.1877
overpriced	0.1870
oxidize	0.1862
ohms	0.1859
Occident	0.1858
ontogeny	0.1854
osseous	0.1851
Orsay	0.1851
obdurate	0.1849
ovoid	0.1848
overwrite	0.1844
organiser	0.1843
Osmond	0.1838
oracular	0.1838
overactive	0.1834
Ogilvie	0.1831
originators	0.1826
oligarchs	0.1823
onsite	0.1818
Olney	0.1815
obituaries	0.1805
orgasmic	0.1800
onlooker	0.1796
objector	0.1794
observables	0.1793
overdone	0.1791
optimise	0.1789
ophthalmologist	0.1789
outages	0.1782
omnipresence	0.1779
obsequious	0.1761
overzealous	0.1739
ovals	0.1736
overwrought	0.1734
Oriente	0.1732
overstatement	0.1731
Ochoa	0.1728
overruling	0.1725
overused	0.1717
Oran	0.1717
offhand	0.1714
outgrow	0.1710
Oren	0.1708
orderlies	0.1707
obliterating	0.1706
ordeals	0.1705
objet	0.1705
offensives	0.1697
oboe	0.1696
oxalate	0.1689
overrated	0.1688
outback	0.1677
obtrusive	0.1677
onlv	0.1675
overruns	0.1669
Orientals	0.1663
orchestrating	0.1663
OCR	0.1662
optimists	0.1656
officeholders	0.1653
Osage	0.1653
overestimation	0.1652
outlawing	0.1647
outperforms	0.1640
overhauled	0.1635
offshoots	0.1634
omelet	0.1631
obscurely	0.1630
oppressing	0.1630
overdrive	0.1629
officious	0.1624
orderings	0.1622
overrepresented	0.1620
OAU	0.1613
opprobrium	0.1610
observatories	0.1599
oligarchic	0.1597
Ober	0.1597
obviated	0.1592
oncogene	0.1592
oligopolistic	0.1588
o'	0.1587
oddest	0.1585
Okamoto	0.1583
obligingly	0.1579
offstage	0.1568
Ozzie	0.1561
obj	0.1560
overlord	0.1551
overdetermined	0.1550
organizationally	0.1546
overblown	0.1544
overwritten	0.1533
Oberon	0.1531
orthogonality	0.1529
Ostrom	0.1527
obstructs	0.1526
Oviedo	0.1519
Ornstein	0.1519
operable	0.1518
optimised	0.1518
outof	0.1513
okra	0.1502
Oswego	0.1497
O.P.	0.1492
overhearing	0.1484
officiated	0.1483
otros	0.1481
overlords	0.1478
outwit	0.1475
Ogle	0.1469
omnium	0.1466
ortho	0.1461
outfield	0.1456
Oldfield	0.1456
outcropping	0.1453
ouster	0.1450
Obispo	0.1446
ost	0.1445
overrode	0.1439
oxidants	0.1425
overhung	0.1413
Opie	0.1409
oth	0.1399
Ola	0.1396
Oliva	0.1392
Oscars	0.1392
oratorio	0.1385
ontogenetic	0.1385
Oka	0.1380
overkill	0.1380
oaken	0.1372
operationalize	0.1372
owne	0.1371
overcoats	0.1369
opportunists	0.1365
officiate	0.1362
outstrip	0.1361
Ore.	0.1361
Olmstead	0.1357
obstetricians	0.1350
offal	0.1349
odium	0.1346
otro	0.1339
offbeat	0.1339
origines	0.1337
orthostatic	0.1335
overlain	0.1334
objets	0.1333
obfuscation	0.1328
outlast	0.1325
organises	0.1324
objectify	0.1323
obviousness	0.1322
overemphasis	0.1316
overtakes	0.1314
oceanographic	0.1309
overstepped	0.1294
overhangs	0.1294
overshoot	0.1291
obstetrical	0.1288
overdraft	0.1285
Ozark	0.1285
Osprey	0.1284
onthe	0.1283
organelle	0.1281
objectifying	0.1279
ordinariness	0.1278
openers	0.1277
Orinoco	0.1262
optimizes	0.1254
omnivorous	0.1242
odorous	0.1241
Otero	0.1235
operetta	0.1232
overweening	0.1228
objectivism	0.1227
Octavius	0.1224
oligomers	0.1220
obliquity	0.1218
orthodoxies	0.1217
objectivist	0.1217
ohn	0.1213
omelette	0.1205
overconfidence	0.1201
operationalization	0.1200
onehalf	0.1199
overshadowing	0.1195
Otago	0.1190
occlude	0.1185
Oxon	0.1185
oncologist	0.1181
ossified	0.1179
Orioles	0.1165
orients	0.1161
O3	0.1149
outwitted	0.1145
oarsmen	0.1142
oughta	0.1140
offensively	0.1140
overextended	0.1123
overemphasize	0.1122
ousting	0.1120
overreacting	0.1119
overreaching	0.1114
O'Dell	0.1104
overlaying	0.1102
outpaced	0.1102
Oceana	0.1100
overleaf	0.1100
obviates	0.1096
overreact	0.1095
Orthopsychiatry	0.1088
Occam	0.1088
overspread	0.1079
oppresses	0.1074
opines	0.1070
ould	0.1069
optima	0.1066
onyx	0.1065
overtone	0.1064
occured	0.1059
overabundance	0.1053
overestimates	0.1047
overpass	0.1046
odorless	0.1043
obs	0.1043
oscillated	0.1040
onedimensional	0.1039
overstating	0.1039
oppositely	0.1038
outspread	0.1036
overreaction	0.1035
obviating	0.1032
ome	0.1031
openended	0.1023
oblation	0.1023
ort	0.1019
overawed	0.1017
O'Callaghan	0.1016
o!	0.1015
opportunistically	0.1007
overburden	0.1004
obsess	0.1001
overdoses	0.09961
ostriches	0.09959
overshadows	0.09935
overactivity	0.09931
overconfident	0.09907
outpourings	0.09896
opere	0.09891
obelisks	0.09869
odometer	0.09864
Odeon	0.09781
overstep	0.09727
obligates	0.09693
occuring	0.09667
ornery	0.09612
optation	0.09589
Oriel	0.09572
overpaid	0.09569
otra	0.09554
optimising	0.09536
overprotective	0.09530
outhouses	0.09518
overwriting	0.09487
oversimplify	0.09476
overrepresentation	0.09457
Ogilvy	0.09429
O'Hanlon	0.09401
ornately	0.09392
Ozawa	0.09337
Orrin	0.09331
overhauling	0.09329
overstates	0.09251
Ostia	0.09232
O'Meara	0.09216
overvaluation	0.09191
oesophagus	0.09169
overeat	0.09155
overdrawn	0.09153
onely	0.09112
Obi	0.09107
Ostend	0.09106
oozes	0.09106
orig	0.09102
outcroppings	0.09097
ODBC	0.09078
occultism	0.09024
obliterates	0.09022
oiling	0.09005
outcries	0.08920
overcharged	0.08917
outgrew	0.08828
offeree	0.08823
operatively	0.08805
oppressively	0.08789
Ossian	0.08766
overdoing	0.08756
obsessing	0.08731
Ozarks	0.08726
overheat	0.08721
Oster	0.08667
ordains	0.08617
overestimating	0.08603
onr	0.08572
Oldsmobile	0.08555
oughtn't	0.08548
obsolescent	0.08400
Ota	0.08389
overlies	0.08341
oligarchies	0.08338
overgrazing	0.08276
Orwellian	0.08180
opine	0.08148
operands	0.08141
Oooh	0.08119
outgrowths	0.08070
outflank	0.08059
outsized	0.08028
onslaughts	0.08027
olde	0.07998
oversupply	0.07986
orgiastic	0.07925
ofthis	0.07920
offsite	0.07906
outdid	0.07869
obscurities	0.07859
overexposure	0.07845
O'Shaughnessy	0.07844
Odo	0.07802
overrunning	0.07793
oncogenes	0.07785
outshine	0.07785
occupationally	0.07776
outstrips	0.07773
ordaining	0.07773
ogling	0.07771
outlasted	0.07731
opalescent	0.07672
organismic	0.07644
outflanked	0.07633
ood	0.07600
ogy	0.07573
overturns	0.07536
overpopulated	0.07519
oversights	0.07517
O.C.	0.07513
obfuscate	0.07499
overstepping	0.07495
oddball	0.07477
orientate	0.07461
outworn	0.07443
overloads	0.07441
occluding	0.07434
opossum	0.07389
Obadiah	0.07360
outfitting	0.07357
overmuch	0.07348
obstreperous	0.07330
orbited	0.07309
obscurantism	0.07272
onesided	0.07247
ously	0.07235
Oilman	0.07224
Otho	0.07199
Orphic	0.07197
outbid	0.07170
occasioning	0.07068
ω	0.07031
overhears	0.07023
Olympians	0.06989
obscenely	0.06952
outsmart	0.06935
Opladen	0.06926
overripe	0.06910
obsequies	0.06851
outstripping	0.06835
Orsini	0.06794
overtaxed	0.06744
overslept	0.06728
overreacted	0.06675
oilcloth	0.06625
obloquy	0.06588
octogenarian	0.06570
oestrogen	0.06532
oilfields	0.06518
outshone	0.06505
outsides	0.06491
overpowers	0.06476
outpace	0.06463
overlordship	0.06450
overhand	0.06441
oxidizes	0.06422
oeil	0.06396
overshot	0.06382
overthe	0.06363
oneway	0.06318
Ohno	0.06307
oneyear	0.06274
outre	0.06266
oxymoronic	0.06260
othering	0.06245
operationalizing	0.06244
Oshima	0.06240
outstandingly	0.06238
Osbourne	0.06219
oldies	0.06194
overfishing	0.06188
Osier	0.06175
Ordnung	0.06145
oblations	0.06140
orientale	0.06138
offload	0.06133
overindulgence	0.06125
overexpressed	0.06114
oaf	0.06099
octavo	0.06049
overstretched	0.06046
openmouthed	0.05995
ourself	0.05995
onsets	0.05956
outnumbering	0.05946
overstimulation	0.05933
Ohta	0.05928
oflife	0.05923
O'Donovan	0.05910
offhandedly	0.05872
officinalis	0.05857
orchestrates	0.05823
Osten	0.05816
optometrist	0.05811
oceangoing	0.05809
oddness	0.05757
occlusions	0.05742
overreliance	0.05737
outclassed	0.05640
overdosed	0.05637
outmaneuvered	0.05605
obtuseness	0.05544
oleic	0.05537
omelets	0.05503
overdressed	0.05495
organiza	0.05490
ornithologist	0.05465
onequarter	0.05463
outranked	0.05445
ogres	0.05424
opportunely	0.05405
ori	0.05399
Onassis	0.05387
outspokenness	0.05365
objectifies	0.05343
Ostwald	0.05338
osteoblasts	0.05328
on't	0.05310
overstressed	0.05298
Orders@Xlibris.com	0.05242
ofhis	0.05236
o1	0.05229
outputting	0.05176
O'Brian	0.05171
oversimplifying	0.05145
ope	0.05144
ower	0.05133
outvoted	0.05122
outweighing	0.05031
Odile	0.05007
occurence	0.04967
orang	0.04906
oversimplifies	0.04882
Orientalists	0.04881
outgunned	0.04846
ony	0.04844
ook	0.04821
overspending	0.04660
octet	0.04633
overplayed	0.04607
outperforming	0.04606
obscurantist	0.04601
Ogata	0.04562
Oxbridge	0.04533
overdeveloped	0.04491
outsize	0.04475
overawe	0.04393
overreach	0.04352
ove	0.04310
occludes	0.04305
omnis	0.04289
oxy	0.04273
ocher	0.04253
oxalic	0.04248
obscura	0.04234
overexposed	0.04214
oyer	0.04204
Onondaga	0.04197
oleander	0.04171
overreached	0.04129
outran	0.04118
overexploitation	0.04103
omnibuses	0.04099
obduracy	0.04065
onefourth	0.04061
overcharging	0.04057
overthrows	0.03997
offsprings	0.03956
obfuscated	0.03921
operability	0.03849
outdistanced	0.03778
opacities	0.03754
opprobrious	0.03733
outsmarted	0.03722
ors	0.03706
overrules	0.03685
obtrude	0.03679
oncologists	0.03562
Oglethorpe	0.03559
outwitting	0.03551
obligating	0.03506
oped	0.03470
overemphasizing	0.03460
overcapacity	0.03452
omened	0.03446
obliviousness	0.03426
ose	0.03425
OOP	0.03423
origami	0.03348
oot	0.03337
offloaded	0.03314
outbuilding	0.03306
Orth	0.03284
odoriferous	0.03270
Odom	0.03268
onrush	0.03263
ory	0.03262
outpacing	0.03250
overcooked	0.03239
organi	0.03216
O'Donoghue	0.03208
obiter	0.03201
outa	0.03197
Ouest	0.03171
ordine	0.03164
OBE	0.03160
ofthese	0.03156
Olms	0.03133
overstrained	0.03115
optician	0.03106
OX2	0.03103
ofan	0.03101
ork	0.03062
Ozaki	0.03051
outgrowing	0.03009
odder	0.02989
ovations	0.02977
officered	0.02942
Ohhh	0.02936
opment	0.02925
overmastering	0.02924
overshooting	0.02911
Olivet	0.02874
overborne	0.02863
oper	0.02856
ofl	0.02841
Otway	0.02833
objectoriented	0.02824
Okazaki	0.02810
oftenest	0.02806
openminded	0.02793
oftheir	0.02790
overrate	0.02760
onrushing	0.02731
ordo	0.02723
Ophir	0.02710
OX14	0.02698
ordinations	0.02677
obsequiousness	0.02668
outmaneuver	0.02663
Offenbach	0.02657
ogled	0.02647
O.D.	0.02633
oversensitive	0.02614
obtruded	0.02612
Ortner	0.02604
ona	0.02595
Olympiad	0.02574
overexpressing	0.02550
oxidised	0.02531
overlong	0.02523
oblongata	0.02519
overcharge	0.02517
outlawry	0.02484
Orden	0.02468
ornithology	0.02418
oould	0.02405
overstocked	0.02389
ology	0.02357
outgroup	0.02356
Oude	0.02355
overfed	0.02336
ois	0.02335
omne	0.02334
oris	0.02331
occiput	0.02327
overstayed	0.02321
outed	0.02314
ouvrage	0.02281
overexcited	0.02249
Oram	0.02218
oligo	0.02213
oor	0.02146
orangutan	0.02137
ostracised	0.02123
outdoing	0.02111
Oho	0.02106
offthe	0.02078
oue	0.02060
ouse	0.02058
offi	0.02046
offensiveness	0.02041
ogni	0.02041
overdid	0.02033
ofttimes	0.01997
Odense	0.01983
overset	0.01983
offloading	0.01972
outworks	0.01964
oneto	0.01961
Onslow	0.01949
outgoings	0.01942
overworking	0.01917
ORL	0.01838
orm	0.01822
ostracize	0.01810
orthe	0.01808
Olcott	0.01802
oan	0.01801
Oregonian	0.01770
Orford	0.01746
O.S.	0.01718
Oreo	0.01715
oome	0.01698
O'Flaherty	0.01694
oppressiveness	0.01683
opals	0.01672
obstructionist	0.01662
oxygenase	0.01658
overeager	0.01656
O'Gorman	0.01652
ornamenting	0.01650
overtired	0.01622
Oporto	0.01621
outriders	0.01620
overmatched	0.01616
overdosing	0.01588
offshoring	0.01588
oratorios	0.01561
outwith	0.01556
ostler	0.01551
obsequiously	0.01543
odier	0.01525
Oxus	0.01523
obfuscating	0.01509
Orkneys	0.01506
overbalanced	0.01484
Otranto	0.01471
ofyour	0.01463
Ormsby	0.01452
ophthalmia	0.01438
overlie	0.01432
occidentale	0.01430
opposers	0.01414
O'Day	0.01390
O.R.	0.01363
Orne	0.01347
Obed	0.01318
ombre	0.01294
onoe	0.01266
oilskin	0.01263
Orvieto	0.01237
officiously	0.01236
oldtime	0.01232
Organon	0.01225
oriole	0.01220
ofwar	0.01154
oblate	0.01150
oughter	0.01150
outfielder	0.01144
oakum	0.01128
Ouverture	0.01116
otic	0.01115
Oise	0.01096
oculist	0.01072
oarsman	0.01070
occa	0.01066
omnino	0.01063
obscuration	0.01062
ofall	0.01059
otiose	0.01051
overconsumption	0.01044
olim	0.01042
Ogg	0.01037
outliving	0.01036
overwrites	0.01032
Obras	0.01018
overcometh	0.01013
Oceanus	0.009937
outwork	0.009926
oared	0.009841
Organum	0.009800
ovale	0.009767
outraging	0.009693
oligarchical	0.009692
Oktober	0.009531
overplus	0.009527
Opp	0.009437
ouly	0.009421
onee	0.009322
outrunning	0.009300
outshines	0.009275
oozy	0.009167
overtopped	0.009073
oropharynx	0.009050
ofit	0.009001
overshoes	0.008988
oure	0.008839
ordinaire	0.008752
Othman	0.008714
oilier	0.008673
oase	0.008563
orga	0.008451
ornithologists	0.008408
onomatopoeia	0.008301
omnem	0.008285
ornithological	0.008218
onl	0.008178
overbalance	0.008101
orisons	0.008070
oilskins	0.008041
obtruding	0.007967
Ossa	0.007957
ofits	0.007791
orbed	0.007708
overtopping	0.007664
oame	0.007571
overvalue	0.007558
on'y	0.007547
orderto	0.007520
oleanders	0.007468
osiers	0.007428
opaqueness	0.007371
overfilled	0.007320
orer	0.007302
ofAmerica	0.007271
Omi	0.007160
outmost	0.007104
opossums	0.007064
overtop	0.007010
objectless	0.006952
outdoorsman	0.006779
openeth	0.006743
opes	0.006680
Osceola	0.006608
officiousness	0.006588
o't	0.006490
oudook	0.006411
otber	0.006377
outlives	0.006321
omelettes	0.006188
oldish	0.006153
overmastered	0.006087
oppor	0.006040
othei	0.005966
opportunity7	0.005933
oleaginous	0.005879
obtrusively	0.005866
opposer	0.005861
oon	0.005805
overtax	0.005731
oaten	0.005731
oiler	0.005717
oversea	0.005652
oti	0.005598
oneof	0.005585
oast	0.005466
ordure	0.005463
opon	0.005389
overspreading	0.005353
oratories	0.005338
overexertion	0.005325
officiates	0.005318
otheT	0.005302
owlish	0.005277
onetenth	0.005232
outrigger	0.005208
overleap	0.005100
Orontes	0.005095
obscurest	0.005078
overflowings	0.005069
Oldenbourg	0.005066
outrank	0.005044
Oakville	0.005008
Oshkosh	0.004988
outruns	0.004943
opining	0.004914
obtrudes	0.004813
oceanfront	0.004775
onefifth	0.004774
oudet	0.004674
oomph	0.004646
outgrows	0.004631
oracularly	0.004628
onght	0.004617
overpast	0.004597
overpoweringly	0.004559
overclouded	0.004521
oversexed	0.004489
outdoes	0.004400
oversteps	0.004353
objurgations	0.004188
onone	0.004139
onco	0.004108
offertory	0.004011
ofi	0.003928
oner	0.003784
offen	0.003722
overfeeding	0.003706
oountry	0.003634
ofthem	0.003538
O.A.	0.003511
ovo	0.003508
overgeneralization	0.003380
Ohl	0.003340
outang	0.003333
oppo	0.003225
open'd	0.003179
outflanking	0.003178
overladen	0.003129
outgo	0.003084
Oxonian	0.002995
overstrain	0.002967
ofcourse	0.002945
offact	0.002943
opprest	0.002903
ough	0.002846
ound	0.002806
ordi	0.002725
oif	0.002723
overpasses	0.002673
oes	0.002656
of1	0.002561
oudine	0.002557
owYouWant.com	0.002545
occu	0.002507
oae	0.002431
othe	0.002429
otherworldliness	0.002427
overtasked	0.002409
observa	0.002386
overstimulated	0.002352
objec	0.002299
outmatched	0.002298
ods	0.002263
ooe	0.002263
outmanoeuvred	0.002225
overweighted	0.002128
overcompensate	0.002121
overawing	0.002119
owu	0.002079
overtaxing	0.002032
others.1	0.002023
oneon	0.001959
origi	0.001948
