was	2607
with	2558
which	1117
we	1074
were	1017
when	769.4
would	736.1
will	726.6
what	710.8
who	697.1
well	342.0
where	339.7
work	313.8
way	311.1
world	273.3
while	251.8
without	205.1
women	195.2
within	187.6
water	157.0
war	151.2
want	146.0
why	143.0
whether	118.7
went	115.4
white	114.7
words	113.9
whole	98.44
woman	97.21
word	92.62
working	86.47
whose	77.85
wanted	72.61
ways	70.95
west	65.77
writing	64.76
written	64.30
whom	61.47
works	61.22
wife	56.42
web	51.47
western	50.00
workers	48.55
write	46.79
W.	46.31
Washington	46.00
wrote	45.73
William	45.56
week	44.92
wide	44.41
wall	44.30
worked	40.86
window	40.12
wrong	39.86
weight	39.57
whatever	38.11
weeks	35.51
wish	32.74
walked	31.56
windows	30.72
walk	30.30
worth	29.48
waiting	27.79
wind	27.72
whereas	27.56
watch	26.90
wait	26.02
wood	25.86
w	24.58
winter	24.56
wild	23.58
wants	23.52
walls	23.25
wave	21.84
warm	21.39
welfare	21.19
willing	20.95
writer	20.93
writers	20.72
wealth	20.23
walking	20.22
widely	20.09
worse	19.66
watched	19.26
weak	18.82
wonder	18.78
watching	18.49
won	18.28
wine	18.19
wisdom	17.64
waste	17.35
weather	17.09
win	16.32
wonderful	15.73
whenever	15.71
weapons	15.42
Wilson	15.22
witness	15.16
Williams	15.09
wear	14.96
wise	14.10
waves	14.05
waters	13.84
worship	13.45
worry	13.40
wearing	13.37
worker	13.22
worst	13.19
writes	13.19
writings	12.77
waited	12.63
wondered	12.29
wet	12.25
wage	12.11
welcome	11.94
wished	11.79
warning	11.54
wages	11.44
wars	11.28
wider	11.24
wire	11.18
woods	10.88
Walter	10.84
wing	10.62
wore	10.58
wooden	10.58
wound	10.28
wedding	10.24
widespread	9.981
wake	9.778
wheel	9.635
wishes	9.569
wounded	9.481
worthy	9.357
weekly	9.248
whispered	9.151
worried	9.116
width	9.091
weakness	8.849
worn	8.550
whites	8.543
ward	8.494
website	8.363
winning	8.343
wives	8.232
whilst	8.102
wings	7.950
witnesses	7.814
wanting	7.797
wholly	7.776
Walker	7.736
worlds	7.709
Wright	7.685
wherever	7.530
weapon	7.437
wash	7.422
wheat	7.418
worldwide	7.241
warned	7.140
Wales	6.993
wrapped	6.943
workshop	6.827
wireless	6.772
wealthy	6.730
wells	6.693
wolf	6.658
wondering	6.603
warfare	6.589
workplace	6.559
withdrawal	6.472
Wiley	6.206
weekend	6.078
winds	6.043
wilderness	6.042
washed	6.020
whereby	5.991
witnessed	5.989
Wisconsin	5.874
Warren	5.857
willingness	5.819
walks	5.519
wounds	5.369
wildlife	5.328
widow	5.293
warrant	5.246
warmth	5.116
Wang	5.050
washing	5.040
weights	4.972
waist	4.817
whoever	4.814
wheels	4.814
wicked	4.709
Watson	4.659
wavelength	4.617
Wallace	4.600
wagon	4.530
warrior	4.522
WTO	4.520
weighted	4.505
warriors	4.426
Weber	4.392
weaknesses	4.380
waved	4.363
withdraw	4.261
wit	4.158
workforce	4.099
wool	4.071
welcomed	4.071
wizard	4.051
wrist	4.000
weary	3.953
Wagner	3.829
wandering	3.743
woke	3.699
Wayne	3.636
Wednesday	3.625
wonders	3.613
wishing	3.586
weaker	3.585
winner	3.583
workshops	3.574
wherein	3.573
whatsoever	3.522
warming	3.507
wiped	3.479
withdrawn	3.475
witch	3.472
wasted	3.433
wires	3.426
Warner	3.411
whisper	3.403
warehouse	3.349
winding	3.336
wrap	3.298
warn	3.244
weighed	3.229
Welsh	3.229
Wesley	3.215
wax	3.184
wrath	3.172
worldly	3.156
Webster	3.143
wa	3.133
wartime	3.114
weakened	3.080
withdrew	3.067
www	3.042
whence	3.042
weird	3.009
waving	2.980
Westminster	2.953
waking	2.913
wrought	2.866
wandered	2.846
Winston	2.825
weigh	2.779
wills	2.743
warnings	2.707
worthwhile	2.681
wins	2.672
wholesale	2.616
woven	2.592
worksheet	2.582
wretched	2.550
Willie	2.512
weeds	2.495
Wilhelm	2.494
whale	2.490
Wade	2.488
whip	2.482
wastes	2.473
willingly	2.472
wines	2.459
weighing	2.458
weeping	2.444
weed	2.442
watches	2.409
worries	2.408
websites	2.385
wi	2.360
wears	2.357
worrying	2.352
Wu	2.325
weaving	2.310
weekends	2.295
wolves	2.293
wildly	2.278
wander	2.265
worm	2.247
worms	2.233
wipe	2.217
Warsaw	2.208
Webb	2.206
whistle	2.130
ware	2.126
wasting	2.106
womb	2.090
writ	2.079
Walt	2.077
Walsh	2.075
workings	2.052
Wittgenstein	2.038
wedge	2.024
wagons	2.019
Watts	2.013
Weiss	2.012
warranty	2.005
Wheeler	1.998
witchcraft	1.991
wreck	1.982
wary	1.978
wisely	1.977
Wellington	1.973
widened	1.952
witches	1.947
waiter	1.945
Whitman	1.944
winners	1.943
westward	1.932
wept	1.931
withstand	1.927
worldview	1.927
watershed	1.926
Williamson	1.925
worthless	1.923
whipped	1.908
whiskey	1.901
whichever	1.879
widening	1.877
Wordsworth	1.866
wired	1.823
Wow	1.803
Wendy	1.802
weaver	1.801
willow	1.788
wording	1.788
withholding	1.778
Willis	1.772
wavelengths	1.762
widows	1.762
Werner	1.760
warranted	1.754
warmer	1.749
wrestling	1.747
Wong	1.727
warmed	1.717
whiteness	1.716
weaken	1.714
Wyoming	1.698
waits	1.698
woodland	1.687
Wilkins	1.686
weakly	1.684
wetlands	1.681
Whitney	1.679
workmen	1.676
Wolfe	1.666
whales	1.658
warrants	1.657
weep	1.642
warmly	1.634
workbook	1.631
wastewater	1.631
whispering	1.630
wonderfully	1.628
wrapping	1.627
woody	1.626
welcoming	1.621
waiver	1.618
winters	1.604
weakening	1.583
wan	1.582
wheelchair	1.571
worshipped	1.570
witnessing	1.547
walled	1.547
welding	1.546
Wal	1.537
Windsor	1.519
withheld	1.505
Wolfgang	1.495
workload	1.495
wallet	1.489
winged	1.477
Wilkinson	1.472
Wilde	1.467
Westport	1.465
wiring	1.465
wrists	1.421
wo	1.419
woe	1.419
wiser	1.406
Welch	1.405
weave	1.405
Winchester	1.389
warns	1.387
Woolf	1.384
wiping	1.383
Watt	1.381
whispers	1.379
whereupon	1.377
wilt	1.377
Walton	1.374
wheeled	1.366
wrongs	1.364
wards	1.363
wee	1.352
wie	1.348
Wm	1.333
wrinkled	1.330
Whig	1.316
withdrawing	1.300
workflow	1.298
wits	1.288
Woodward	1.287
walnut	1.264
wardrobe	1.258
wrongly	1.254
warden	1.245
watering	1.245
willed	1.239
waitress	1.236
Whitehead	1.235
waged	1.232
WL	1.231
wooded	1.229
wholesome	1.228
withhold	1.221
waveform	1.218
werden	1.217
wont	1.213
wickedness	1.208
Wei	1.207
weighting	1.203
witty	1.184
wt	1.181
Worcester	1.179
Weimar	1.175
Willy	1.166
wares	1.165
watery	1.159
wc	1.150
weddings	1.147
workstation	1.132
Westview	1.128
wherefore	1.128
womanhood	1.125
Warwick	1.120
whereabouts	1.113
wondrous	1.112
wilder	1.107
watchful	1.104
wed	1.079
weighs	1.079
Watkins	1.078
Wolff	1.078
Wyatt	1.077
warehouses	1.077
Willard	1.070
wrongful	1.068
watered	1.066
wharf	1.048
whore	1.047
waterfall	1.041
wh	1.027
wholeness	1.016
wanna	1.012
waterfront	1.011
Weston	1.007
Walters	1.005
wird	1.004
weld	1.003
Woodrow	1.002
winked	0.9943
wrecked	0.9943
Wharton	0.9908
WS	0.9860
whither	0.9850
widowed	0.9714
whisky	0.9681
whistling	0.9671
Westerners	0.9609
workout	0.9596
wafer	0.9558
Wilmington	0.9544
Waterloo	0.9486
whipping	0.9478
wink	0.9461
worsening	0.9406
workman	0.9403
weathering	0.9348
widest	0.9319
WB	0.9192
withered	0.9148
weakest	0.9123
whirled	0.9112
Whigs	0.9028
weathered	0.8922
webs	0.8908
workable	0.8862
wellbeing	0.8842
wetland	0.8841
wellness	0.8816
windy	0.8777
widen	0.8716
wig	0.8623
wrinkles	0.8602
wailing	0.8584
wrongdoing	0.8584
weariness	0.8544
wakes	0.8537
weavers	0.8537
warp	0.8530
weir	0.8505
Weil	0.8504
Wadsworth	0.8421
Wendell	0.8320
wir	0.8319
windshield	0.8258
worsened	0.8177
waning	0.8146
warships	0.8141
wand	0.8107
waltz	0.7965
Wally	0.7954
woo	0.7943
warranties	0.7931
Wilkes	0.7875
wraps	0.7822
willful	0.7809
Wilcox	0.7809
Walpole	0.7767
whim	0.7755
welded	0.7739
whirling	0.7705
Wilbur	0.7681
warlike	0.7669
worshippers	0.7659
waterways	0.7645
Wen	0.7645
Wiener	0.7642
waived	0.7630
whereof	0.7622
winced	0.7609
workplaces	0.7604
Welles	0.7497
Waldo	0.7486
whistled	0.7465
widths	0.7454
warring	0.7419
wallpaper	0.7395
Wallis	0.7389
wetting	0.7350
Winthrop	0.7259
Watergate	0.7244
wanton	0.7239
woodlands	0.7202
Wren	0.7200
wasteful	0.7185
Weiner	0.7154
wearily	0.7136
Waller	0.7123
workspace	0.7121
Winnipeg	0.7111
waiters	0.7012
wielded	0.6996
woes	0.6971
Whitehall	0.6936
wrapper	0.6932
workstations	0.6891
weighty	0.6882
wield	0.6844
wretch	0.6844
washes	0.6815
Weinberg	0.6772
wisest	0.6762
wavy	0.6745
wreath	0.6704
wager	0.6691
wreckage	0.6690
wail	0.6646
Wesleyan	0.6642
whaling	0.6640
workmanship	0.6625
waive	0.6607
whirlwind	0.6600
wounding	0.6586
watchers	0.6481
Wanda	0.6459
Wien	0.6453
wedded	0.6451
worsen	0.6417
wavering	0.6410
waxed	0.6404
Wentworth	0.6396
wronged	0.6362
Wes	0.6316
wildest	0.6309
WW	0.6291
whiskers	0.6278
weaponry	0.6250
wizards	0.6232
Welt	0.6205
Weinstein	0.6171
wasp	0.6167
wheeling	0.6158
wrench	0.6149
wicker	0.6102
wrestled	0.6096
wealthier	0.6096
wry	0.6087
Winnie	0.6066
Walden	0.6066
Winslow	0.6047
worksheets	0.6032
wayward	0.6021
whining	0.6021
wrestle	0.6018
wealthiest	0.5998
willows	0.5977
wellknown	0.5921
wanderer	0.5906
walkway	0.5901
worded	0.5888
WD	0.5883
W.H.	0.5874
Wakefield	0.5840
worshipping	0.5781
withdrawals	0.5757
waveforms	0.5738
worshiped	0.5709
wedges	0.5675
WJ	0.5664
wick	0.5626
Wellesley	0.5576
WR	0.5570
wort	0.5565
Wash.	0.5561
Warhol	0.5543
wielding	0.5538
Williamsburg	0.5531
wavered	0.5503
waned	0.5500
whistles	0.5457
welcomes	0.5428
whimsical	0.5415
wedged	0.5410
wanderings	0.5400
Whitaker	0.5391
W.W.	0.5376
waging	0.5375
whirl	0.5347
weakens	0.5328
warped	0.5315
wishful	0.5282
wenn	0.5268
wailed	0.5250
watchman	0.5223
Woodstock	0.5203
Wat	0.5200
washer	0.5187
W.J.	0.5178
wad	0.5171
wholesalers	0.5163
wholeheartedly	0.5150
worldviews	0.5123
writhing	0.5121
whirlpool	0.5103
waistcoat	0.5095
whine	0.5089
warts	0.5043
whims	0.5010
Watanabe	0.5003
Willoughby	0.4952
withering	0.4901
weaning	0.4881
wrung	0.4869
wanders	0.4839
wrenched	0.4839
whosoever	0.4832
waterfalls	0.4788
Wight	0.4788
Warburg	0.4775
waterproof	0.4768
wearied	0.4738
Wilberforce	0.4738
wistful	0.4737
Whiting	0.4714
warily	0.4703
walkers	0.4694
W.D.	0.4691
Wheaton	0.4665
W.B.	0.4665
Willem	0.4658
www.bibliobazaar.com	0.4638
wrenching	0.4636
windings	0.4632
whisk	0.4632
withdraws	0.4615
Webber	0.4615
Wiesbaden	0.4614
Wis.	0.4580
woollen	0.4578
wove	0.4561
wilful	0.4554
wading	0.4553
whips	0.4543
woolen	0.4534
Wald	0.4521
wistfully	0.4509
Wechsler	0.4501
Wilfred	0.4485
warmest	0.4478
Wollstonecraft	0.4475
Weldon	0.4458
wither	0.4457
WWII	0.4443
wafers	0.4433
Waugh	0.4432
woken	0.4427
whiff	0.4424
WP	0.4423
winch	0.4370
Wichita	0.4360
wasps	0.4349
waded	0.4348
wheezing	0.4347
Whoa	0.4343
Whittaker	0.4327
wiry	0.4311
warfarin	0.4305
walnuts	0.4301
wane	0.4299
wedlock	0.4267
Waterman	0.4263
Walther	0.4257
warship	0.4254
Winkler	0.4250
withers	0.4240
wonderland	0.4206
widower	0.4205
Werke	0.4197
Wiltshire	0.4197
wryly	0.4190
welled	0.4187
Worthington	0.4180
warehousing	0.4170
Witt	0.4152
wearer	0.4149
waterway	0.4113
whined	0.4094
Wehrmacht	0.4091
willfully	0.4086
windmill	0.4077
Weidenfeld	0.4067
womanly	0.4062
W3C	0.4060
workday	0.4051
wayside	0.4050
whomever	0.4044
woodwork	0.4038
Wiseman	0.4037
Whistler	0.4031
watercolor	0.4031
whisked	0.3997
Whyte	0.3986
W.A.	0.3981
WPA	0.3962
wildness	0.3948
watermelon	0.3926
whitish	0.3913
westerly	0.3910
Wilton	0.3899
watermark	0.3886
Westinghouse	0.3884
whitewashed	0.3867
Wynn	0.3866
wiles	0.3858
Wheatley	0.3846
Woodruff	0.3835
whores	0.3832
weaves	0.3817
wily	0.3794
whit	0.3788
wasteland	0.3780
wafted	0.3780
Wilma	0.3770
Westmoreland	0.3766
Waco	0.3765
Wainwright	0.3764
withstood	0.3761
wavelet	0.3759
Wiggins	0.3758
weeding	0.3750
Weinberger	0.3745
Washburn	0.3743
wipes	0.3743
Willa	0.3734
watersheds	0.3734
wurde	0.3720
winery	0.3718
Wallerstein	0.3717
wretchedness	0.3717
wrinkle	0.3715
W.R.	0.3691
weekdays	0.3682
WMD	0.3678
worrisome	0.3663
westerns	0.3653
Wickham	0.3638
withal	0.3616
Whipple	0.3605
wherewith	0.3590
Wadi	0.3588
wildflowers	0.3576
wagging	0.3573
wrappers	0.3570
Winifred	0.3558
wreaths	0.3557
waivers	0.3550
W.C.	0.3548
WG	0.3547
weekday	0.3544
Waals	0.3542
windfall	0.3541
warheads	0.3529
watchdog	0.3528
warms	0.3512
workouts	0.3505
windward	0.3479
wintry	0.3469
Weller	0.3452
worden	0.3450
worshipers	0.3449
workhouse	0.3432
wholes	0.3431
Wylie	0.3427
woolly	0.3421
Winnicott	0.3419
Whittier	0.3416
Walzer	0.3407
wakefulness	0.3399
wrecks	0.3391
wilds	0.3387
wretches	0.3387
winking	0.3386
wil	0.3386
Waterhouse	0.3374
Walcott	0.3365
Woodbridge	0.3364
wreak	0.3353
witted	0.3336
wk	0.3330
wrongfully	0.3320
whooping	0.3319
weasel	0.3319
wrest	0.3308
willpower	0.3300
Warrington	0.3299
wringing	0.3296
Witte	0.3293
Wasserman	0.3290
W.E.	0.3283
Wilkie	0.3280
widens	0.3245
Wilfrid	0.3240
Wynne	0.3239
WF	0.3227
Waite	0.3226
warlords	0.3219
Wyndham	0.3204
weaned	0.3201
Waterford	0.3196
winded	0.3177
WWF	0.3175
woefully	0.3169
waxing	0.3164
Winfield	0.3151
Wellman	0.3142
Wittenberg	0.3134
Wenger	0.3134
Wessex	0.3131
worshipper	0.3120
W.M.	0.3112
watcher	0.3106
whack	0.3088
writs	0.3067
worthiness	0.3066
Waldron	0.3059
Waring	0.3051
Wrigley	0.3026
widgets	0.3019
Westphalia	0.3017
wag	0.3014
widowhood	0.3013
Willi	0.2993
widget	0.2993
wobbly	0.2984
wrestler	0.2977
Whitfield	0.2974
wring	0.2973
wigs	0.2962
Wegener	0.2960
wardens	0.2932
waistband	0.2932
Wyman	0.2931
Warburton	0.2919
waver	0.2918
Winfrey	0.2918
Wai	0.2917
Wissenschaft	0.2916
Whitley	0.2912
wid	0.2903
Willett	0.2897
whey	0.2875
WAP	0.2875
Wilmot	0.2874
worships	0.2870
whimpered	0.2860
worshiping	0.2856
wooing	0.2849
Wallingford	0.2830
Waddell	0.2824
wilfully	0.2821
workgroup	0.2819
Wolfram	0.2811
Wingate	0.2810
Wiesel	0.2806
walkways	0.2797
welling	0.2797
Westchester	0.2788
windowsill	0.2785
Woodhouse	0.2784
Woodcock	0.2782
washers	0.2774
wheelchairs	0.2765
waxy	0.2764
whimper	0.2760
waitresses	0.2744
wetness	0.2737
wrested	0.2731
wriggled	0.2730
Weill	0.2727
wholesaler	0.2716
W.G.	0.2713
Winona	0.2709
wickedly	0.2703
wiggled	0.2693
Westwood	0.2687
Wolfson	0.2686
wisp	0.2676
wince	0.2667
wiggle	0.2664
winnings	0.2660
Wirth	0.2659
Woodman	0.2631
W.S.	0.2631
whiter	0.2629
wrecking	0.2619
writhed	0.2618
wherewithal	0.2611
waterfowl	0.2602
Woodson	0.2600
Windus	0.2599
wastage	0.2596
whittle	0.2585
Weissman	0.2577
wrangling	0.2576
Winn	0.2566
wonderment	0.2564
wisps	0.2561
Whelan	0.2560
Wabash	0.2551
whimpering	0.2545
whereon	0.2543
wrestlers	0.2539
wildfire	0.2534
workbooks	0.2530
wagged	0.2529
wordless	0.2528
waxes	0.2528
Wolsey	0.2527
Wedgwood	0.2509
worsens	0.2496
wharves	0.2474
wetted	0.2463
wearisome	0.2452
workloads	0.2432
W.L.	0.2412
weeps	0.2407
wilted	0.2394
woodpecker	0.2391
wheelbarrow	0.2391
Whitby	0.2380
Wishart	0.2380
windmills	0.2378
Wellcome	0.2374
wench	0.2369
Waldorf	0.2358
woodcut	0.2346
westwards	0.2345
Wimbledon	0.2344
windowless	0.2338
watertight	0.2337
worldliness	0.2330
warping	0.2317
wariness	0.2312
welds	0.2298
Wexler	0.2294
Waal	0.2286
wakened	0.2283
wert	0.2282
westernized	0.2281
Weinheim	0.2278
Whitehouse	0.2276
Wendt	0.2268
wanderers	0.2263
wetter	0.2261
workup	0.2254
Witherspoon	0.2250
Warwickshire	0.2248
watchfulness	0.2242
workbench	0.2241
What'd	0.2222
Wissenschaften	0.2218
wicket	0.2210
worthlessness	0.2209
W.F.	0.2204
Waltham	0.2204
warlord	0.2197
Whitefield	0.2189
whoop	0.2187
wriggling	0.2174
wouldst	0.2172
Whalen	0.2169
Woodbury	0.2165
worsted	0.2162
Woolley	0.2146
withstanding	0.2134
Waddington	0.2126
wintering	0.2121
waists	0.2119
Wray	0.2118
Wikipedia	0.2113
wart	0.2110
weal	0.2104
Worcestershire	0.2101
Waxman	0.2096
Weintraub	0.2093
wean	0.2086
Whitmore	0.2085
wobbled	0.2071
WV	0.2068
whopping	0.2049
wooed	0.2048
whorls	0.2047
Westbrook	0.2044
watercolors	0.2044
wobble	0.2043
wispy	0.2042
waterlogged	0.2036
wavelets	0.2036
whiz	0.2034
Waldman	0.2033
Werk	0.2029
Weberian	0.2018
weightless	0.2012
Whew	0.2009
Waverley	0.2007
weedy	0.2001
Wilshire	0.1999
Wilber	0.1998
whacked	0.1997
Whittington	0.1996
wantonly	0.1989
Woolworth	0.1988
wallow	0.1984
Where'd	0.1980
Wednesdays	0.1980
wields	0.1979
waked	0.1977
wallowing	0.1977
wieder	0.1972
watchword	0.1969
Willson	0.1964
wrongdoer	0.1962
woodworking	0.1958
wreathed	0.1956
wrathful	0.1948
Wah	0.1946
Westernization	0.1944
wristwatch	0.1942
wot	0.1937
Wesson	0.1936
warhead	0.1935
WN	0.1933
whitened	0.1923
walrus	0.1923
whalers	0.1920
watchmen	0.1917
wer	0.1917
workingclass	0.1917
Wyeth	0.1914
Winnebago	0.1909
Walla	0.1906
watercourse	0.1901
Wieland	0.1898
Wilks	0.1897
wicks	0.1884
Wolcott	0.1884
wallets	0.1880
weft	0.1872
webbing	0.1850
wildcat	0.1847
wincing	0.1846
wok	0.1838
Willey	0.1837
wails	0.1837
windscreen	0.1836
Weiler	0.1830
Westerner	0.1828
Wageningen	0.1827
winks	0.1827
watercourses	0.1826
Weg	0.1825
Wahl	0.1824
workweek	0.1823
wafting	0.1817
Wulf	0.1814
Wada	0.1811
Watertown	0.1809
Wenzel	0.1809
Witwatersrand	0.1798
WorldCom	0.1798
Willamette	0.1796
Weymouth	0.1790
Woodford	0.1785
Wye	0.1784
whirring	0.1784
Whiteman	0.1778
wreaked	0.1757
W.T.	0.1757
workingmen	0.1747
Weiser	0.1747
welter	0.1746
wav	0.1744
wholehearted	0.1740
wriggle	0.1733
woodcuts	0.1733
Wallach	0.1733
woeful	0.1733
Whiteside	0.1723
Wernicke	0.1721
Wolfowitz	0.1718
wracked	0.1715
werewolf	0.1713
waterline	0.1706
wishers	0.1704
Winton	0.1695
wrinkling	0.1685
waken	0.1679
webbed	0.1677
waggon	0.1675
Wheatsheaf	0.1674
Whitechapel	0.1668
Wooster	0.1662
Weis	0.1654
whiplash	0.1651
wipers	0.1651
windswept	0.1651
wordy	0.1651
Wetzel	0.1648
Westcott	0.1647
washcloth	0.1645
Womack	0.1634
whitewash	0.1629
whitening	0.1625
wineries	0.1615
whisker	0.1612
Wayland	0.1610
washroom	0.1597
waterborne	0.1593
Wegner	0.1591
wraparound	0.1588
Winkle	0.1587
walkie	0.1578
wordlessly	0.1576
WBC	0.1569
windpipe	0.1568
Wolters	0.1557
wast	0.1553
Whitworth	0.1550
whizzed	0.1549
wacky	0.1545
wasn	0.1539
wrappings	0.1534
wakeful	0.1532
worthies	0.1529
Wilford	0.1526
Wertheimer	0.1524
waren	0.1516
worshipful	0.1516
waiving	0.1513
wobbling	0.1509
wastebasket	0.1509
washout	0.1509
wiggling	0.1498
www.bibliogrande.com	0.1497
W2	0.1491
wrongness	0.1489
Wim	0.1483
warding	0.1483
What're	0.1478
worthily	0.1473
wordplay	0.1472
whiteboard	0.1467
Whitcomb	0.1465
waterworks	0.1463
waistline	0.1461
wintertime	0.1458
Wilkerson	0.1452
whizzing	0.1444
Weisman	0.1444
workin	0.1444
wis	0.1441
Why'd	0.1441
workflows	0.1431
WY	0.1429
whittled	0.1420
Wesen	0.1420
waggons	0.1418
wizened	0.1417
Wirtschaft	0.1413
workroom	0.1413
Waterbury	0.1409
withholds	0.1404
WWI	0.1398
Westin	0.1398
W.P.	0.1397
wearers	0.1388
wrongdoers	0.1386
Wiebe	0.1385
Woolwich	0.1381
watercress	0.1381
wonted	0.1379
whorl	0.1378
wellspring	0.1378
watercolour	0.1375
weeded	0.1375
wattle	0.1372
Westphal	0.1371
wineglass	0.1360
Whitewater	0.1357
Westlake	0.1356
weeklies	0.1352
Westfield	0.1348
whoosh	0.1346
woodpeckers	0.1345
wanes	0.1344
welldefined	0.1342
waitin	0.1328
Weisberg	0.1326
waives	0.1322
wilting	0.1318
welder	0.1316
Warnock	0.1315
woof	0.1312
waddled	0.1311
waffles	0.1305
Woodside	0.1303
W.E.B.	0.1298
whisking	0.1298
wonderingly	0.1298
washings	0.1294
wheeze	0.1289
westernmost	0.1287
Westphalian	0.1285
Wagnerian	0.1284
waft	0.1280
Weigel	0.1280
wardrobes	0.1279
whoso	0.1277
wellestablished	0.1276
workaholic	0.1276
whoops	0.1271
Whitelaw	0.1270
weaved	0.1269
Weitzman	0.1266
Wolverhampton	0.1262
warranting	0.1257
Whitten	0.1257
whet	0.1251
wretchedly	0.1237
wigwam	0.1231
winsome	0.1228
wimp	0.1224
womenfolk	0.1222
W.K.	0.1221
Weltanschauung	0.1221
Witter	0.1217
whist	0.1216
Wessel	0.1210
worshiper	0.1207
Wexford	0.1204
wheezed	0.1203
wands	0.1203
Walkman	0.1200
workdays	0.1192
wildcard	0.1192
www.	0.1191
Woburn	0.1191
weakling	0.1187
waa	0.1186
widowers	0.1183
workaday	0.1177
Waverly	0.1176
wouldn	0.1169
Wissenschaftliche	0.1168
workforces	0.1168
wreaking	0.1166
wiper	0.1162
watermelons	0.1159
Westbury	0.1156
Weise	0.1155
whimsy	0.1153
wuz	0.1152
Whiteley	0.1148
Wacker	0.1145
writhe	0.1141
Welshman	0.1134
wrenches	0.1133
Woolsey	0.1133
wifely	0.1130
Whaley	0.1128
wizardry	0.1127
wearable	0.1127
wantonness	0.1125
weeklong	0.1124
wha	0.1123
whetted	0.1121
whomsoever	0.1120
whys	0.1115
wattage	0.1114
windblown	0.1110
welts	0.1109
windowed	0.1109
whirls	0.1106
wormwood	0.1105
whirlpools	0.1101
watchdogs	0.1097
workhorse	0.1095
workability	0.1093
waylaid	0.1088
wadded	0.1084
Walsingham	0.1082
whioh	0.1080
Wuthering	0.1080
Warfield	0.1076
winging	0.1061
warblers	0.1058
Wingfield	0.1057
wiki	0.1050
wingspan	0.1048
Weizmann	0.1044
weirdly	0.1043
worketh	0.1040
Wahrheit	0.1039
Whitlock	0.1038
Wurzburg	0.1038
waffle	0.1037
waif	0.1034
wagers	0.1033
whooped	0.1030
workingman	0.1029
Whalley	0.1028
wrangle	0.1027
Wilhelmina	0.1024
watchmaker	0.1022
wintered	0.1020
winnowing	0.1017
willfulness	0.1016
Wandel	0.1012
Wille	0.1007
wads	0.1003
worthier	0.09995
wel	0.09958
wombs	0.09957
waxen	0.09956
weightlessness	0.09940
windowpane	0.09924
weightings	0.09918
Woodard	0.09908
wastelands	0.09900
wallowed	0.09802
worriedly	0.09745
warder	0.09735
weasels	0.09709
wittily	0.09701
Wilke	0.09685
weathers	0.09679
Waveland	0.09611
waltzes	0.09580
wresting	0.09520
Windham	0.09515
Weitz	0.09483
warded	0.09464
Warr	0.09445
windbreaker	0.09439
wearying	0.09411
warred	0.09407
watercolours	0.09389
wingers	0.09355
womankind	0.09351
Woodworth	0.09321
weevil	0.09321
witless	0.09297
wingless	0.09255
waistcoats	0.09251
workspaces	0.09245
woodsman	0.09238
weightier	0.09229
Wycliffe	0.09181
wrestles	0.09162
wraith	0.09132
wavers	0.09100
wildflower	0.09045
Waldemar	0.09032
whereat	0.08974
waders	0.08956
washable	0.08953
wondrously	0.08930
wannabe	0.08892
willowy	0.08888
whorehouse	0.08866
wheelers	0.08812
whittling	0.08768
Wiirzburg	0.08762
warders	0.08728
Wege	0.08694
weirdness	0.08694
whimsically	0.08693
workhouses	0.08676
walling	0.08671
woodpile	0.08661
whitest	0.08617
wedging	0.08609
wormed	0.08607
Wuhan	0.08551
wisteria	0.08509
windless	0.08485
Wooldridge	0.08479
waltzing	0.08419
waggled	0.08402
WTC	0.08377
whir	0.08274
whacking	0.08268
waddling	0.08258
wracking	0.08232
Winchell	0.08224
Whitey	0.08210
womanizer	0.08185
www.readhowyouwant.com	0.08177
waterless	0.08166
waterside	0.08157
waltzed	0.08131
webpage	0.08123
woozy	0.08080
watchtower	0.08078
whirred	0.08074
whisperings	0.08051
wideranging	0.08048
weevils	0.08042
worktable	0.08022
Woodhead	0.08008
witticisms	0.07887
wrapt	0.07868
wended	0.07850
wayfarer	0.07840
windowpanes	0.07840
walkin	0.07835
washbasin	0.07835
wend	0.07815
walkout	0.07740
weirs	0.07727
Welty	0.07727
winder	0.07724
Werther	0.07703
witli	0.07682
whiny	0.07597
WC2R	0.07580
wagered	0.07553
warbler	0.07547
welldeveloped	0.07539
Worsley	0.07482
warpath	0.07474
warbling	0.07457
wags	0.07450
wrongdoings	0.07450
weirdest	0.07425
waisted	0.07411
wheelbarrows	0.07407
weepy	0.07339
wittingly	0.07330
wroth	0.07288
wending	0.07281
waywardness	0.07268
welders	0.07267
Wilmer	0.07247
writerly	0.07227
warps	0.07127
whines	0.07124
workmanlike	0.07119
wrongheaded	0.07114
wets	0.07103
whiten	0.07096
welche	0.07093
wistfulness	0.07073
wor	0.07035
wouldbe	0.06959
weel	0.06902
wettest	0.06878
W.N.	0.06872
wold	0.06862
Weinstock	0.06836
washerwoman	0.06809
whatnot	0.06804
weaklings	0.06790
witticism	0.06786
windlass	0.06748
Westem	0.06727
windfalls	0.06707
Wiksell	0.06646
Wheelock	0.06644
wohl	0.06637
washboard	0.06616
wildfires	0.06600
wanderlust	0.06589
Wodehouse	0.06583
wanly	0.06571
whippings	0.06558
whaler	0.06507
Wirklichkeit	0.06468
WordPerfect	0.06452
Wootton	0.06428
whimpers	0.06408
windshields	0.06382
www.Xlibris.com	0.06355
wheresoever	0.06334
Wilcoxon	0.06291
www.wiley.com	0.06288
Wurttemberg	0.06267
Williamstown	0.06235
windstorm	0.06188
Wenner	0.06186
Winer	0.06166
watchwords	0.06166
whinnied	0.06143
Waterville	0.06127
whalebone	0.06123
wth	0.06118
washy	0.06091
whieh	0.06086
Wheelwright	0.06075
Wimmer	0.06060
whitecaps	0.06040
whoring	0.06023
Westermann	0.06010
wastepaper	0.05993
Wallenstein	0.05983
wastefulness	0.05961
washstand	0.05956
woodcutter	0.05943
wimpy	0.05911
Wessels	0.05897
wallop	0.05891
warplanes	0.05888
Wirt	0.05887
werewolves	0.05832
wafts	0.05820
wayfarers	0.05805
windup	0.05776
wolfed	0.05719
wolfish	0.05665
womanizing	0.05650
wigwams	0.05645
www.iuniverse.com	0.05608
whammy	0.05607
wishy	0.05600
wrecker	0.05558
wholesomeness	0.05529
Wicklow	0.05483
weatherman	0.05436
windowsills	0.05406
wampum	0.05378
Weems	0.05340
withstands	0.05340
whirlwinds	0.05331
weirdo	0.05321
Wiese	0.05297
Wortley	0.05218
weds	0.05201
wagering	0.05128
Wiedemann	0.05124
Wembley	0.05082
whiskered	0.05069
whiles	0.05017
WalMart	0.05017
wildernesses	0.05005
Wroclaw	0.04981
westbound	0.04977
witchery	0.04892
waddle	0.04883
wellmeaning	0.04877
workmates	0.04844
wisdoms	0.04822
W1	0.04817
Wilding	0.04807
workaround	0.04775
welleducated	0.04772
wile	0.04750
wilfulness	0.04738
Wildwood	0.04731
winches	0.04730
wheedling	0.04725
wringer	0.04719
watchtowers	0.04714
wreaks	0.04692
www.eBookstore.tandf.co.uk	0.04655
wrangled	0.04607
wellsprings	0.04584
Wundt	0.04583
winnowed	0.04553
washtub	0.04538
Wain	0.04535
Warne	0.04530
whirr	0.04529
wisecracks	0.04504
Wasser	0.04497
welldocumented	0.04492
www.copyright.com	0.04489
weirder	0.04437
wooly	0.04425
Winsor	0.04424
wobbles	0.04414
wenches	0.04378
wheedle	0.04376
Wirkung	0.04339
Walford	0.04311
whitecollar	0.04309
wineglasses	0.04296
wiretaps	0.04294
Willems	0.04284
world.1	0.04252
wimps	0.04233
Wein	0.04180
wielder	0.04163
woodsy	0.04157
wannabes	0.04128
whinny	0.04096
worksite	0.04090
Wardle	0.04064
womanish	0.04060
woodshed	0.04014
Wotton	0.03998
wrack	0.03992
wilh	0.03939
worthiest	0.03937
waifs	0.03917
wantin	0.03853
wheedled	0.03831
wainscoting	0.03826
worrier	0.03812
warble	0.03786
wellinformed	0.03775
watchin	0.03772
Wilbert	0.03743
wiretapping	0.03733
Wolpert	0.03714
Wigan	0.03683
worryingly	0.03671
WiFi	0.03668
waylay	0.03633
welltrained	0.03631
whelp	0.03570
Windermere	0.03566
Wilk	0.03551
www.eHarlequin.com	0.03543
welldesigned	0.03526
Worley	0.03517
Wilsons	0.03513
womens	0.03511
whitewashing	0.03506
Wissen	0.03502
warningly	0.03496
Wilsonian	0.03483
Wali	0.03480
warbled	0.03479
wavelike	0.03421
whiled	0.03411
wheezy	0.03411
wakening	0.03394
wadding	0.03362
wonld	0.03339
wholesaling	0.03267
Wildman	0.03252
ween	0.03242
waterproofing	0.03228
whar	0.03224
warhorse	0.03189
wellnigh	0.03187
whiffs	0.03180
whithersoever	0.03169
witching	0.03156
Watteau	0.03141
welldressed	0.03130
Warton	0.03120
warmers	0.03105
whooshed	0.03084
walketh	0.03062
we're	0.03057
withthe	0.02969
wiggles	0.02969
Whitford	0.02967
Wester	0.02946
Whewell	0.02924
wham	0.02913
woos	0.02903
Wendel	0.02897
watercraft	0.02895
wearies	0.02890
Walid	0.02883
wined	0.02881
whate'er	0.02879
where'er	0.02873
wrens	0.02857
warmhearted	0.02849
workhorses	0.02824
workrelated	0.02821
warn't	0.02821
Watters	0.02803
Wachtel	0.02788
winnow	0.02778
wisher	0.02773
wellintentioned	0.02752
walkthrough	0.02736
whan	0.02731
Wanamaker	0.02681
wordings	0.02629
woulda	0.02611
whopper	0.02608
Wolseley	0.02602
Win32	0.02579
wellorganized	0.02577
widi	0.02532
what's	0.02531
willin	0.02528
Willet	0.02517
wreckers	0.02513
wowed	0.02506
W3	0.02442
wa'n't	0.02427
Whately	0.02350
writhes	0.02324
Whatcha	0.02313
wrathfully	0.02309
Westen	0.02302
Wagoner	0.02294
worldclass	0.02289
Weick	0.02270
whisks	0.02254
Wightman	0.02245
wero	0.02224
Wrights	0.02184
Watford	0.02164
woodstove	0.02159
Wollaston	0.02152
worming	0.02098
weightlifting	0.02096
winces	0.02067
Wilts	0.02043
whacks	0.02039
wa3	0.02037
whereto	0.02034
wasters	0.02008
Weibull	0.02006
Watling	0.02001
witha	0.01966
whooshing	0.01952
Witten	0.01948
wrangler	0.01943
Welland	0.01905
witn	0.01894
Westside	0.01888
wattles	0.01878
workpeople	0.01868
wirelessly	0.01863
Weng	0.01855
wakeup	0.01847
wiggly	0.01841
whereunto	0.01816
wainscot	0.01800
Waggoner	0.01796
Wagnalls	0.01793
woebegone	0.01784
woful	0.01782
Wheatstone	0.01760
Woodville	0.01756
witb	0.01755
woodsmen	0.01715
wrangles	0.01701
womanliness	0.01699
wrings	0.01683
Wiegand	0.01679
Wardlaw	0.01671
weltering	0.01647
Whiston	0.01642
whats	0.01630
wronging	0.01623
wickets	0.01621
wraiths	0.01619
Wedderburn	0.01618
Weald	0.01612
www.cambridge.org	0.01609
www.cdc.gov	0.01601
wining	0.01588
wittiest	0.01583
Westmorland	0.01566
Wigmore	0.01548
wools	0.01533
wheaten	0.01529
wrinkly	0.01518
Watkin	0.01515
Walworth	0.01493
worke	0.01489
whetstone	0.01473
wickedest	0.01467
Wilfried	0.01467
wailings	0.01465
Williston	0.01462
www.echo	0.01457
whinnying	0.01426
willbe	0.01419
wist	0.01412
Walmsley	0.01388
Wakeman	0.01385
wbo	0.01375
whistleblower	0.01367
waster	0.01363
watchfully	0.01354
Waldenses	0.01348
www.authorhouse.com	0.01339
waB	0.01335
whisde	0.01331
wae	0.01326
wouldest	0.01324
wus	0.01308
Wythe	0.01302
woodchuck	0.01302
wTas	0.01289
Whitsuntide	0.01285
Wurtemberg	0.01281
Welshmen	0.01279
Wallachia	0.01276
waggling	0.01266
wikis	0.01264
Webbased	0.01242
Whitbread	0.01235
wayfaring	0.01234
world.2	0.01218
wildcards	0.01212
Wiesner	0.01209
whensoever	0.01206
washerwomen	0.01201
woodcraft	0.01191
wiU	0.01184
workgroups	0.01183
watermen	0.01178
wormy	0.01178
wastrel	0.01166
wakens	0.01165
windbreak	0.01165
Wandsworth	0.01159
www.penguin.com	0.01153
wearin	0.01150
warehoused	0.01136
Wapping	0.01134
wark	0.01131
wherry	0.01120
Wartburg	0.01117
wollen	0.01113
Whitsun	0.01113
woodbine	0.01111
Wesleyans	0.01105
warmup	0.01102
wreathing	0.01099
weatherbeaten	0.01097
wras	0.01093
wuss	0.01086
wooer	0.01078
weathercock	0.01074
whin	0.01064
washrooms	0.01060
wades	0.01049
worldling	0.01034
Worthing	0.01018
Wii	0.01013
wherefores	0.01009
Wickliffe	0.01009
www.bibliogr	0.009926
Walz	0.009924
wheezes	0.009765
wbich	0.009738
whene'er	0.009731
Wilkin	0.009704
whelps	0.009627
whetting	0.009527
woollens	0.009482
wliich	0.009437
Wallin	0.009416
weren	0.009378
writin	0.009367
would'st	0.009324
www.oup.com	0.009316
wher	0.009268
wofully	0.009233
weare	0.009145
Woden	0.009129
Whitsunday	0.009078
weightiest	0.009006
Wagram	0.008916
wich	0.008884
Waffen	0.008873
weddin	0.008676
wildtype	0.008655
wriggles	0.008646
widout	0.008609
wallflower	0.008422
whilom	0.008411
wish'd	0.008389
wideeyed	0.008357
wornout	0.008317
www.AuthorTracker.com	0.008316
wharfs	0.008281
woidd	0.008041
winepress	0.007957
Wenham	0.007953
wheu	0.007933
wisht	0.007915
wellto	0.007904
welkin	0.007892
Wardour	0.007782
worldlings	0.007731
waterspout	0.007623
woodcocks	0.007616
warrens	0.007549
wassail	0.007545
willeth	0.007544
Winckelmann	0.007509
woodcutters	0.007461
westering	0.007461
wiH	0.007437
warty	0.007426
whirligig	0.007372
wifehood	0.007334
wonderin	0.007316
wss	0.007300
workrooms	0.007273
www.google.com	0.007241
withes	0.007174
waggish	0.007165
wetly	0.007160
wristbands	0.007114
wattled	0.007075
Williamsport	0.007021
wreathe	0.007006
woolens	0.006990
whs	0.006968
whelmed	0.006959
Wordsworthian	0.006927
watchings	0.006858
whited	0.006806
wben	0.006768
wiih	0.006707
weie	0.006689
Walloon	0.006590
weTe	0.006577
woodmen	0.006536
wildcats	0.006527
waiteth	0.006352
wiseacres	0.006328
worser	0.006287
wherefrom	0.006236
whisded	0.006168
wholesomely	0.006047
Weser	0.005949
whiskies	0.005949
wends	0.005868
wastefully	0.005816
woodblock	0.005816
warrantable	0.005814
whelming	0.005811
whitely	0.005756
wallflowers	0.005744
wanned	0.005672
wa9	0.005645
widescreen	0.005625
waspish	0.005621
whereever	0.005527
wideawake	0.005526
wielders	0.005432
wallows	0.005430
www.AuthorHouse	0.005385
Westland	0.005381
whitefish	0.005380
whipcord	0.005176
wellbred	0.005167
wanner	0.005118
whiling	0.005089
www.xulonpress.com	0.005030
Winfried	0.004986
whets	0.004922
wellordered	0.004858
Wycombe	0.004855
wickerwork	0.004848
winningly	0.004698
wif	0.004685
wkh	0.004635
wether	0.004620
whitens	0.004608
winger	0.004581
whicli	0.004581
withall	0.004568
wasn't	0.004554
withont	0.004512
wideness	0.004456
wordly	0.004422
writhings	0.004418
whimsies	0.004361
whi	0.004361
waveless	0.004355
waitings	0.004272
W1P	0.004247
whitehaired	0.004148
wildfowl	0.004142
whe	0.004061
wellbalanced	0.004011
wranglings	0.003987
wainscoted	0.003966
whizz	0.003951
wellworn	0.003926
whipper	0.003877
wideopen	0.003805
whicb	0.003715
wbat	0.003564
wintergreen	0.003401
whipt	0.003293
whippoorwill	0.003279
wbicb	0.003273
worts	0.003262
winders	0.003136
whichis	0.003113
washin	0.003104
wns	0.003102
waggle	0.003087
warbles	0.002945
wom	0.002902
weU	0.002821
whero	0.002768
worryin	0.002669
wolfs	0.002615
waterspouts	0.002595
weaponless	0.002521
work.1	0.002474
witl	0.002458
we'll	0.002453
wastin	0.002438
wacko	0.002431
W8	0.002422
wheresoe'er	0.002409
wouldn't	0.002409
won't	0.002357
whereabout	0.002348
weeknight	0.002301
wellfounded	0.002204
willies	0.002171
whkh	0.002141
wreathes	0.002137
waffling	0.002133
www.authorhouse.co.uk	0.002067
walloped	0.002063
wUl	0.002022
waylaying	0.002000
wiil	0.001991
waj	0.001986
wannest	0.001982
wjth	0.001966
