very	315.8
value	127.9
view	104.0
various	83.72
values	74.18
v.	72.22
voice	65.20
v	49.94
volume	45.51
vol	37.89
variety	36.25
visit	33.44
violence	32.69
version	31.40
village	30.97
vision	30.48
van	30.14
views	28.67
variable	28.37
variables	26.23
visual	25.41
via	23.72
valley	20.68
video	18.84
visible	18.51
von	18.26
vast	16.89
Virginia	16.79
versus	16.38
variation	16.21
valuable	16.17
vote	16.16
viewed	15.01
vehicle	14.36
virtue	14.27
victory	14.06
vice	14.04
vary	14.03
vertical	13.90
violent	13.65
vital	13.39
victims	13.37
vi	13.36
victim	13.29
visited	12.79
velocity	12.67
voices	12.21
valid	12.18
virtually	12.17
virtual	12.10
vessels	11.78
variations	11.71
voltage	11.25
vector	11.01
vessel	10.87
Vietnam	10.78
virus	10.61
verse	10.28
visitors	10.23
ve	10.09
verbal	9.826
villages	9.809
versions	9.767
validity	9.652
varied	9.612
vs.	9.261
vii	9.079
varying	9.023
voluntary	8.833
volumes	8.766
venture	8.476
vehicles	8.461
visits	8.416
visiting	8.250
void	8.130
voting	7.987
vulnerable	7.970
verb	7.896
variance	7.844
violation	7.471
varies	7.304
vegetables	7.051
vitamin	6.949
viii	6.931
virgin	6.844
vocabulary	6.798
votes	6.673
vols	6.641
voters	6.622
Victoria	6.579
viewing	6.474
valued	6.369
valve	6.283
vascular	6.160
varieties	6.095
vain	6.043
Victor	5.877
volunteers	5.821
virtues	5.778
vein	5.726
visitor	5.640
Vienna	5.621
vague	5.605
variability	5.487
vegetation	5.354
voyage	5.346
vacuum	5.321
verses	5.299
volunteer	5.040
visions	4.979
Victorian	4.856
vis	4.701
vegetable	4.691
viable	4.586
VA	4.565
Verlag	4.504
validation	4.503
vacation	4.481
violations	4.447
vocal	4.427
verify	4.362
veins	4.335
verbs	4.334
voted	4.308
vectors	4.265
vulnerability	4.244
vitro	4.232
ventricular	4.223
veterans	4.187
Venice	4.157
viral	4.157
valuation	4.013
vivid	4.010
violated	3.977
vigorous	3.961
Vietnamese	3.855
Vincent	3.820
verification	3.719
viewpoint	3.719
viruses	3.713
variant	3.667
viewer	3.650
ventilation	3.600
vicinity	3.574
vanished	3.574
vendor	3.471
vivo	3.442
villa	3.414
veil	3.402
venous	3.380
vocational	3.331
villagers	3.325
•	3.286
vendors	3.224
verdict	3.219
vapor	3.206
versa	3.185
vaccine	3.175
veteran	3.173
viewers	3.122
vomiting	3.114
Venus	3.102
visibility	3.046
volatile	3.029
variants	2.971
vs	2.967
vibration	2.939
valleys	2.928
ventures	2.887
violate	2.871
vicious	2.829
Vatican	2.724
virtuous	2.686
vanity	2.642
vengeance	2.614
violet	2.596
voluntarily	2.584
volatility	2.559
viscosity	2.550
vitality	2.548
viz	2.525
visualization	2.518
vested	2.478
verified	2.472
vaginal	2.459
Vermont	2.455
Vegas	2.422
visually	2.408
Vancouver	2.403
vigorously	2.402
velvet	2.397
visa	2.395
violently	2.356
volcanic	2.348
vacant	2.337
vintage	2.336
vitamins	2.317
valves	2.317
videos	2.278
voter	2.261
vernacular	2.223
victories	2.170
vertically	2.159
vaguely	2.153
viability	2.147
ventured	2.121
vine	2.088
vowel	2.080
voiced	2.077
var	2.064
vulgar	2.015
victorious	2.002
venue	1.986
Venezuela	1.962
violin	1.943
Vera	1.912
Vernon	1.880
vibrations	1.863
vastly	1.841
vinegar	1.839
veto	1.828
velocities	1.827
vista	1.816
vocation	1.790
Viking	1.785
violating	1.766
vines	1.759
volunteered	1.755
vividly	1.752
vent	1.749
vertex	1.749
validated	1.739
vault	1.736
visualize	1.730
venerable	1.716
verge	1.707
veterinary	1.703
vow	1.693
validate	1.689
vows	1.685
visionary	1.665
vibrant	1.656
Vladimir	1.643
Valentine	1.635
vie	1.627
Virgil	1.605
ventricle	1.597
vase	1.595
Venetian	1.576
vagina	1.571
ventral	1.558
variously	1.549
vaccines	1.546
vertebral	1.513
vertices	1.511
vaccination	1.495
Val	1.490
volcano	1.488
visibly	1.478
vices	1.459
vantage	1.458
viewpoints	1.451
vat	1.438
vowels	1.437
vigor	1.419
vet	1.388
Versailles	1.362
Voltaire	1.343
vigilance	1.340
voyages	1.339
vowed	1.333
vanish	1.333
vol.	1.332
vanilla	1.328
veiled	1.326
vampire	1.321
vita	1.321
violates	1.315
vous	1.302
valence	1.292
vortex	1.290
vest	1.281
visitation	1.268
vineyard	1.259
visceral	1.259
venues	1.251
victimization	1.236
vile	1.235
verbally	1.219
vanishing	1.217
vinyl	1.217
VP	1.211
vegetarian	1.205
V2	1.205
VC	1.187
Valerie	1.185
villain	1.185
vicar	1.182
Vedic	1.176
Viet	1.174
vapour	1.155
Verso	1.148
vanguard	1.146
vogue	1.142
variances	1.141
viceroy	1.131
Va.	1.129
VT	1.125
vigour	1.123
versatile	1.102
veritable	1.091
voltages	1.091
visualized	1.085
vesicles	1.067
vacancy	1.065
Vaughan	1.063
viscous	1.049
Vic	1.036
valuing	1.034
videotape	1.012
vacations	0.9842
vom	0.9833
Vivian	0.9798
vigilant	0.9678
Veronica	0.9543
Vince	0.9488
vale	0.9478
vulnerabilities	0.9451
volcanoes	0.9214
Vance	0.9035
valiant	0.8955
verifying	0.8856
virginity	0.8851
vertebrae	0.8808
vegetative	0.8798
Vanessa	0.8708
Viola	0.8666
vodka	0.8604
verily	0.8604
vehemently	0.8506
veneration	0.8379
vacancies	0.8340
Valencia	0.8291
volts	0.8277
vineyards	0.8192
vexed	0.7882
vertebrates	0.7821
ville	0.7791
vibrating	0.7790
virgins	0.7726
Vishnu	0.7700
volumetric	0.7687
visas	0.7615
vases	0.7590
vor	0.7584
vindication	0.7574
vibrational	0.7539
villas	0.7529
volition	0.7521
Vanderbilt	0.7505
voluminous	0.7487
Vogel	0.7456
volunteering	0.7448
vida	0.7370
venom	0.7363
Verde	0.7354
vanishes	0.7335
versed	0.7323
vertigo	0.7301
vacated	0.7297
vertebrate	0.7251
veranda	0.7246
validating	0.7223
virulent	0.7093
Vinci	0.7004
Vedas	0.7003
veracity	0.6994
vigil	0.6974
VM	0.6963
vanquished	0.6959
Vargas	0.6883
vestibular	0.6862
Veda	0.6853
ver	0.6851
vicarious	0.6843
VR	0.6786
valor	0.6773
vouchers	0.6749
vainly	0.6736
villains	0.6702
vo	0.6693
Viscount	0.6683
virulence	0.6597
Vega	0.6594
Vicki	0.6563
vomit	0.6552
verbatim	0.6549
victimized	0.6531
vel	0.6530
vitally	0.6529
vaulted	0.6380
vicissitudes	0.6351
vial	0.6344
VB	0.6318
vagueness	0.6242
voicing	0.6196
veneer	0.6151
vu	0.6131
Vaughn	0.6130
vena	0.6119
vou	0.6106
voor	0.6094
voucher	0.6038
ventricles	0.6035
Vygotsky	0.6021
vestiges	0.5966
Vichy	0.5955
Vicente	0.5949
vaults	0.5925
Vicksburg	0.5919
valet	0.5876
volley	0.5850
vane	0.5835
vehement	0.5820
visuals	0.5767
visualizing	0.5751
veterinarian	0.5722
voids	0.5709
vaudeville	0.5685
vistas	0.5580
varnish	0.5564
ventilated	0.5507
vindicated	0.5481
ventilator	0.5479
versatility	0.5446
vents	0.5433
vestibule	0.5420
vos	0.5402
venturing	0.5364
vampires	0.5332
valuations	0.5332
Verona	0.5316
veal	0.5274
Vikings	0.5233
vagaries	0.5200
VCR	0.5196
Vickers	0.5196
vers	0.5188
vesicle	0.5177
Viktor	0.5150
volt	0.5130
vapors	0.5109
Vidal	0.5095
VPN	0.5074
veils	0.5052
victors	0.5035
Ventura	0.5029
verifiable	0.5016
Viennese	0.5013
venereal	0.4987
Valle	0.4986
Vicky	0.4975
verandah	0.4938
valour	0.4892
vans	0.4881
vertebra	0.4874
vibrate	0.4869
vitreous	0.4857
VL	0.4852
Verdi	0.4824
variegated	0.4805
valuables	0.4788
Volkswagen	0.4757
vandalism	0.4755
Venezuelan	0.4743
venerated	0.4741
vv	0.4644
voodoo	0.4616
vindictive	0.4605
vindicate	0.4593
vignettes	0.4481
vide	0.4462
vulgaris	0.4457
vehemence	0.4440
Voyager	0.4379
vitae	0.4362
VIP	0.4357
vials	0.4330
veered	0.4329
volleyball	0.4325
visage	0.4315
vignette	0.4296
Virgo	0.4292
Vries	0.4283
£	0.4275
Veblen	0.4263
vastness	0.4247
videotapes	0.4246
vassals	0.4245
Valdez	0.4220
vultures	0.4215
vocabularies	0.4210
Vedanta	0.4193
vassal	0.4189
vengeful	0.4169
violets	0.4169
varsity	0.4145
vestige	0.4052
venison	0.4036
Virginian	0.4020
vasoconstriction	0.3962
venomous	0.3960
ven	0.3955
vending	0.3951
verdicts	0.3917
vulture	0.3899
vermin	0.3891
Verne	0.3880
violinist	0.3870
voluptuous	0.3809
vesting	0.3774
vulgarity	0.3756
voiceless	0.3746
virile	0.3744
Vere	0.3739
vests	0.3736
Volga	0.3735
vacate	0.3731
vexation	0.3713
viciously	0.3658
Victorians	0.3645
Vail	0.3622
vetoed	0.3609
voir	0.3603
Villiers	0.3599
vin	0.3582
vasculature	0.3558
vas	0.3550
Volk	0.3549
voracious	0.3539
Vico	0.3539
vented	0.3522
VOC	0.3514
verifies	0.3491
violins	0.3490
Venetians	0.3489
videotaped	0.3483
vortices	0.3469
Vogt	0.3436
votive	0.3422
Veracruz	0.3412
voiding	0.3408
Volvo	0.3385
vocals	0.3379
viva	0.3371
venting	0.3371
vestments	0.3370
veer	0.3351
vulva	0.3347
vaccinated	0.3338
Valentin	0.3320
Vittorio	0.3302
viscera	0.3300
Voss	0.3299
vivacity	0.3287
Venn	0.3264
VJ	0.3230
Virginians	0.3197
Vulcan	0.3189
V1	0.3185
Vito	0.3167
virtuoso	0.3119
VW	0.3117
verdant	0.3108
Verdun	0.3100
vero	0.3095
Vasquez	0.3087
Vasco	0.3063
VCH	0.3062
VHS	0.3024
■	0.3019
validates	0.3011
vying	0.3005
vicariously	0.2975
vociferous	0.2961
vasopressin	0.2958
vasodilation	0.2947
vividness	0.2926
vied	0.2923
vn	0.2922
VF	0.2921
viper	0.2900
Visser	0.2900
vibrated	0.2897
vandals	0.2896
validly	0.2890
volitional	0.2882
valiantly	0.2874
virility	0.2873
Vespasian	0.2873
violators	0.2844
vegetarians	0.2841
Venezia	0.2832
vesicular	0.2830
V4	0.2809
virtuosity	0.2804
vexing	0.2793
vomited	0.2776
vir	0.2769
Vinson	0.2769
Valdes	0.2757
Vermeer	0.2757
vaccinations	0.2751
Vincenzo	0.2745
vehicular	0.2745
Volta	0.2734
Varanasi	0.2720
Vivien	0.2716
vaunted	0.2711
vivacious	0.2702
vour	0.2700
vermilion	0.2696
Vanuatu	0.2685
villager	0.2676
Velazquez	0.2672
V3	0.2670
virginal	0.2668
velvety	0.2660
vocations	0.2659
vouch	0.2638
vapours	0.2613
vaporization	0.2610
Valery	0.2593
vasculitis	0.2575
Volker	0.2541
vise	0.2532
vagrant	0.2532
Vulgate	0.2528
Vt.	0.2508
Velasco	0.2502
Viagra	0.2489
visor	0.2482
Vesuvius	0.2460
Vivekananda	0.2445
vestry	0.2436
Verma	0.2435
Valentino	0.2432
Vila	0.2430
visionaries	0.2417
vizier	0.2408
Valois	0.2402
vagabond	0.2397
Vaux	0.2386
verisimilitude	0.2346
vouchsafed	0.2342
Vassar	0.2332
Vincennes	0.2328
Visconti	0.2319
valvular	0.2316
veterinarians	0.2303
V.A.	0.2282
Vergil	0.2281
vagus	0.2281
VoIP	0.2279
villainous	0.2276
Vilnius	0.2259
verbalize	0.2257
victuals	0.2244
visitations	0.2229
vol.1	0.2222
varicose	0.2217
valueless	0.2213
vanities	0.2207
verity	0.2207
verdure	0.2206
Varela	0.2200
verba	0.2193
veiling	0.2192
§	0.2191
vanadium	0.2189
visualisation	0.2186
Vazquez	0.2186
vocalist	0.2162
Vallejo	0.2157
vibratory	0.2152
voce	0.2149
vocalizations	0.2146
Valera	0.2139
vellum	0.2137
Vijay	0.2126
vacuous	0.2126
variational	0.2111
vive	0.2098
vats	0.2097
Vern	0.2084
villi	0.2079
Velasquez	0.2073
voluntarism	0.2068
vue	0.2062
vernal	0.2055
vagal	0.2044
VH	0.2036
volleys	0.2023
Voigt	0.2016
votre	0.2005
VHF	0.2002
verbose	0.2001
vaulting	0.1992
varnished	0.1989
Valparaiso	0.1983
vagabonds	0.1978
villainy	0.1970
vexatious	0.1969
Vander	0.1963
vowing	0.1946
viewfinder	0.1943
vilified	0.1940
vibrates	0.1938
Venturi	0.1932
vagrants	0.1930
Varian	0.1928
vitiated	0.1925
voided	0.1924
vegetarianism	0.1923
Vivaldi	0.1922
Vann	0.1920
Valium	0.1913
vets	0.1911
V.S.	0.1905
voyeurism	0.1899
Valenzuela	0.1898
vigilante	0.1895
vex	0.1879
VD	0.1876
Vaclav	0.1870
VLSI	0.1869
Virago	0.1837
visualizations	0.1833
Vitale	0.1833
vendetta	0.1823
visualise	0.1817
Villard	0.1808
vestigial	0.1806
Vandenhoeck	0.1805
victimisation	0.1801
VCRs	0.1797
veined	0.1779
Valladolid	0.1778
©	0.1773
Valerian	0.1759
vanes	0.1757
»	0.1756
vocalization	0.1754
variably	0.1753
Veneto	0.1751
Vladivostok	0.1741
Vonnegut	0.1737
V.P.	0.1734
valise	0.1715
Vitruvius	0.1713
Vecchio	0.1710
veggies	0.1708
vires	0.1693
Velcro	0.1692
vacillating	0.1688
Villanueva	0.1670
veering	0.1668
venal	0.1666
Varma	0.1664
Vasari	0.1663
verging	0.1637
vibrator	0.1636
vox	0.1622
voyeuristic	0.1608
Vivienne	0.1604
violator	0.1601
vespers	0.1591
vociferously	0.1581
vaporized	0.1579
vagrancy	0.1576
vacationing	0.1573
Velde	0.1569
V.M.	0.1562
ventilators	0.1560
verve	0.1558
Vesta	0.1556
vanquish	0.1554
vears	0.1553
votaries	0.1543
Valerius	0.1541
Verizon	0.1540
viscoelastic	0.1538
vibrancy	0.1537
vilest	0.1524
«	0.1521
vitals	0.1509
venerate	0.1508
vacuoles	0.1508
videoconferencing	0.1500
V.V.	0.1498
V0	0.1497
voyagers	0.1495
visualised	0.1490
VG	0.1481
vacillation	0.1481
vez	0.1473
vacuity	0.1471
vigilantes	0.1471
valorization	0.1470
Vauxhall	0.1464
vibes	0.1453
voila	0.1434
vigils	0.1433
Vikas	0.1416
voluble	0.1408
vipers	0.1401
vivre	0.1393
viz.	0.1392
verbiage	0.1358
vitriolic	0.1356
vitriol	0.1354
Valentina	0.1352
Villanova	0.1351
ventilating	0.1336
viciousness	0.1336
vibe	0.1331
vieux	0.1326
volunteerism	0.1322
Villeneuve	0.1317
Viacom	0.1317
Vallee	0.1315
vocally	0.1314
ventilatory	0.1314
voyeur	0.1304
Versuch	0.1288
vasoactive	0.1287
Velez	0.1285
Veritas	0.1283
V.I.	0.1278
versification	0.1277
vinaigrette	0.1273
verities	0.1273
ventilate	0.1265
Valhalla	0.1254
vindictiveness	0.1228
vindicating	0.1223
vacationers	0.1219
Vittoria	0.1217
Verna	0.1210
Varro	0.1198
victimhood	0.1193
vicepresident	0.1180
Vestal	0.1173
VK	0.1173
Vieira	0.1167
Vandenberg	0.1167
verv	0.1166
Vienne	0.1162
vear	0.1160
V.K.	0.1158
veers	0.1156
Volpe	0.1153
V.C.	0.1146
V8	0.1145
vivendi	0.1144
vernaculars	0.1144
Venables	0.1140
vilification	0.1137
vouched	0.1124
verbalized	0.1121
voicemail	0.1120
vetoes	0.1120
vegetated	0.1118
vacantly	0.1116
vicarage	0.1114
vaster	0.1113
vapid	0.1109
vascularity	0.1102
vetted	0.1095
vocalists	0.1093
®	0.1090
videocassette	0.1087
V.N.	0.1087
valeur	0.1071
vaguest	0.1064
videotaping	0.1055
vacuuming	0.1051
verges	0.1044
Vidya	0.1043
Visigoths	0.1042
Valeria	0.1040
verbalization	0.1037
Vergleich	0.1033
vert	0.1011
vertiginous	0.1009
venial	0.1009
vasectomy	0.1006
vintages	0.1005
vegetal	0.1005
vandalized	0.1004
valorem	0.1000
visualizes	0.09963
vitiate	0.09938
VIPs	0.09926
Vaillant	0.09923
viaduct	0.09774
verandas	0.09720
vacillated	0.09691
vasodilator	0.09683
voraciously	0.09674
vrai	0.09534
V.L.	0.09486
Vaseline	0.09484
valorized	0.09457
venality	0.09438
vales	0.09431
vaporize	0.09420
Veronese	0.09412
veridical	0.09376
vacating	0.09292
vetting	0.09250
victoriously	0.09247
vasomotor	0.09199
Vigo	0.09167
V.R.	0.09166
valine	0.09150
Vater	0.09140
voles	0.08972
Vader	0.08909
Vistula	0.08883
virtuously	0.08862
viands	0.08652
varnishes	0.08620
Vickie	0.08589
Vilna	0.08480
vexations	0.08461
vicars	0.08419
VEGF	0.08401
venturesome	0.08371
veggie	0.08342
ventriloquist	0.08328
Virchow	0.08302
viewable	0.08268
V.J.	0.08266
viel	0.08226
vibrato	0.08212
vivant	0.08187
ves	0.08159
visioning	0.08154
V.G.	0.08121
vaporous	0.08109
vari	0.08075
vegan	0.08058
Vives	0.08055
vixen	0.08035
virtuality	0.08014
Viejo	0.08010
Varna	0.07978
valences	0.07970
vim	0.07927
Vz	0.07837
voluptuousness	0.07816
vituperative	0.07791
voiceover	0.07713
vivisection	0.07627
veut	0.07596
Variorum	0.07592
verticality	0.07496
vamp	0.07449
vigilantly	0.07428
vestment	0.07421
V.E.	0.07376
victimised	0.07356
vilify	0.07320
vulgarly	0.07296
verged	0.07292
vid	0.07256
Vikram	0.07230
vino	0.07115
vouchsafe	0.07080
vituperation	0.07054
verifications	0.07044
voix	0.06970
vindicates	0.06951
vesture	0.06924
Vetter	0.06906
violative	0.06891
valedictory	0.06869
vient	0.06862
valedictorian	0.06817
verticals	0.06816
vacillate	0.06802
voyaging	0.06791
vainglorious	0.06738
vacuumed	0.06731
vies	0.06720
verbosity	0.06687
Verein	0.06680
volte	0.06632
Vol.2	0.06604
Vietcong	0.06553
vole	0.06553
vacuums	0.06548
Vibrio	0.06507
™	0.06503
Vitus	0.06500
Vict	0.06491
vil	0.06448
verbalizing	0.06359
Vicenza	0.06297
viscerally	0.06263
virulently	0.06262
vomits	0.06239
valets	0.06228
valorous	0.06164
vaguer	0.06160
vill	0.06154
valorize	0.06154
Venetia	0.06116
victimize	0.06111
V5	0.06087
Varga	0.06072
vendre	0.06043
Veit	0.06023
vocalize	0.05947
Veen	0.05859
versity	0.05806
Versace	0.05742
vileness	0.05705
Vendome	0.05691
Vickery	0.05687
voluntaristic	0.05661
Vincente	0.05635
verite	0.05625
¨	0.05569
vided	0.05558
Vac	0.05552
vaccinate	0.05528
violinists	0.05482
volitions	0.05481
Virology	0.05435
vibrantly	0.05420
vee	0.05416
venir	0.05405
vermouth	0.05359
vasodilatation	0.05321
vassalage	0.05215
velvets	0.05206
vanquishing	0.05149
vainglory	0.05144
°	0.05129
vidual	0.05117
Verlaine	0.05095
Vollmer	0.05083
Vuitton	0.05060
vacationed	0.05016
vith	0.04994
vocalized	0.04973
veriest	0.04971
Vernunft	0.04971
vier	0.04944
voyeurs	0.04888
Vicomte	0.04855
vanishingly	0.04797
visualising	0.04792
vit	0.04789
Vrije	0.04754
vy	0.04707
velour	0.04652
Vesey	0.04648
validations	0.04610
voluntariness	0.04600
viceroys	0.04573
ved	0.04568
□	0.04562
Volterra	0.04535
volubility	0.04526
Verner	0.04495
verum	0.04460
valency	0.04421
Vick	0.04283
votary	0.04247
Vosges	0.04131
Venter	0.04083
viol	0.04057
V.D.	0.04042
voi	0.03956
visages	0.03943
vaginas	0.03823
veg	0.03787
voltmeter	0.03784
vacillates	0.03735
vendettas	0.03722
visors	0.03692
Vogler	0.03678
volubly	0.03677
Valverde	0.03664
Vll	0.03652
vetoing	0.03555
vivifying	0.03542
vascularized	0.03518
vation	0.03468
vasoconstrictor	0.03406
vio	0.03401
verandahs	0.03347
Vasa	0.03248
Valerio	0.03200
vocalizing	0.03162
Valenciennes	0.03106
vingt	0.03079
virtus	0.03054
Verlagsgesellschaft	0.02995
voit	0.02939
vandal	0.02884
vite	0.02878
Villon	0.02868
valueadded	0.02835
violences	0.02832
voltaic	0.02831
Valente	0.02812
varicella	0.02810
victimizing	0.02794
vate	0.02786
Varley	0.02779
Virgilio	0.02777
venerating	0.02776
Veronique	0.02686
Valentinian	0.02667
visitant	0.02661
vilifying	0.02595
vicissitude	0.02584
vides	0.02466
voyageurs	0.02441
vertu	0.02420
vitiates	0.02420
violendy	0.02404
viewings	0.02358
veracious	0.02344
veneers	0.02320
Valens	0.02295
verifiability	0.02286
verbum	0.02275
ventriloquism	0.02267
viewership	0.02262
vulgare	0.02248
veritably	0.02225
voidable	0.02186
Vermeulen	0.02129
villany	0.02125
vacillations	0.02123
Villars	0.02087
Vijaya	0.02043
vaunt	0.02032
vant	0.02022
vacuo	0.01965
veux	0.01896
veldt	0.01874
Viswanathan	0.01872
Vespucci	0.01864
vaunting	0.01847
vitalism	0.01838
vitam	0.01821
viscid	0.01812
Vandyke	0.01811
voracity	0.01775
vesper	0.01771
Victoire	0.01759
Vendee	0.01742
vivants	0.01733
V.B.	0.01727
vexes	0.01722
velveteen	0.01709
vulgarities	0.01678
visaged	0.01662
vegetate	0.01658
venules	0.01592
valorizing	0.01582
vindictively	0.01554
Vernet	0.01540
vender	0.01531
vitalized	0.01522
Vorlesungen	0.01505
vilely	0.01479
veiy	0.01473
Viterbo	0.01471
voyaged	0.01463
Voorhees	0.01463
voie	0.01430
Vinton	0.01412
vitalizing	0.01364
violoncello	0.01339
videtur	0.01337
vermillion	0.01296
vascularization	0.01289
Varennes	0.01256
vinous	0.01253
Vecchia	0.01249
Viscountess	0.01247
vintner	0.01227
Villegas	0.01226
Verhoeven	0.01223
Volney	0.01220
vertue	0.01219
vivified	0.01197
visuality	0.01197
versified	0.01188
verzeichnet	0.01188
virtuosi	0.01171
viewless	0.01162
VIIL	0.01158
villanous	0.01157
verger	0.01157
visitants	0.01129
varlet	0.01125
viri	0.01103
vobis	0.01100
Verdana	0.01081
venomously	0.01074
vitrified	0.01067
venders	0.01061
visite	0.01047
vetch	0.01029
vigilantism	0.01027
Vauban	0.01026
voluptuary	0.01010
victual	0.01007
Virgilian	0.01003
verbis	0.009908
Vlll	0.009794
vociferated	0.009654
vicegerent	0.009600
viceroyalty	0.009403
Veröffentlichung	0.009306
varia	0.009239
virtute	0.009093
varmint	0.009059
visiters	0.009053
Verulam	0.008696
varnishing	0.008532
vult	0.008489
verbena	0.008290
varmints	0.008288
vivos	0.008200
Varus	0.008112
vix	0.008103
valises	0.008068
vould	0.008009
verdigris	0.007946
venturous	0.007942
versd	0.007935
viaducts	0.007863
vestries	0.007812
vend	0.007720
venit	0.007681
variableness	0.007677
vivere	0.007591
voulu	0.007502
vallies	0.007493
vivify	0.007309
vaporizing	0.007291
videocassettes	0.007032
vidi	0.007032
verschiedenen	0.006894
varlets	0.006842
versifier	0.006745
viler	0.006712
viols	0.006676
vermicelli	0.006635
vention	0.006566
vot	0.006564
vagary	0.006518
voilà	0.006445
vittles	0.006409
vicinage	0.006350
virum	0.006298
Valentines	0.006261
vara	0.006240
villainies	0.006234
VHI	0.006168
vestibules	0.006119
vouchsafes	0.006065
Verlagsprogramm	0.006007
virtu	0.005953
vitiating	0.005866
vouches	0.005812
vised	0.005740
voluptuously	0.005681
victualled	0.005654
venire	0.005580
vociferating	0.005518
vegetating	0.005463
vagabondage	0.005434
villes	0.005407
Vorstellung	0.005291
vitalize	0.005288
vérité	0.005241
Vliet	0.005205
vivaciously	0.005188
verra	0.005178
vouching	0.005169
vasty	0.005120
vulgarized	0.005068
villanies	0.005057
verstehen	0.005037
valorizes	0.005006
voyageur	0.004949
vainest	0.004894
videlicet	0.004889
visiter	0.004887
vociferation	0.004871
victualling	0.004815
Vinod	0.004777
vocative	0.004775
vociferations	0.004676
vehemendy	0.004644
vouchsafing	0.004633
♦	0.004622
vivifies	0.004617
veri	0.004577
velopment	0.004523
venerates	0.004516
voile	0.004500
vi.	0.004480
voluntas	0.004453
voluminously	0.004438
verbo	0.004433
veneered	0.004373
vay	0.004312
voto	0.004301
Verlagswebseite	0.004216
voy	0.004110
vhich	0.004025
Veni	0.003975
vois	0.003879
volatilized	0.003798
voire	0.003740
ventre	0.003677
vont	0.003650
visioned	0.003598
vraiment	0.003414
vais	0.003206
VIH	0.003093
voulez	0.002738
vaunts	0.002736
vasdy	0.002702
verboten	0.002525
ving	0.002510
valetudinarian	0.002397
volleyed	0.002278
verted	0.002204
vious	0.002043
versation	0.001996
volved	0.001959
