for	3321
from	1633
first	437.2
found	188.7
figure	181.9
form	156.3
family	155.9
few	150.8
find	144.5
following	140.1
fact	134.2
four	120.3
far	118.8
face	111.0
father	107.9
further	99.11
free	98.30
five	96.74
full	94.29
field	84.27
felt	83.32
function	82.06
future	81.33
feel	79.18
force	76.57
food	76.32
finally	68.02
front	65.88
foreign	64.84
forms	62.83
financial	58.89
French	58.63
friends	58.50
factors	56.63
feet	54.95
fire	54.38
followed	53.13
friend	52.77
final	50.69
file	49.38
follow	49.23
focus	49.10
federal	48.62
Fig	48.44
forces	46.01
fall	45.56
flow	44.50
feeling	43.57
former	43.48
fear	43.21
f	43.06
features	42.88
faith	42.70
film	41.86
forward	41.64
fine	40.73
freedom	40.42
France	40.03
F.	39.97
factor	39.69
failure	38.91
female	38.78
functions	38.15
families	37.97
floor	37.52
follows	34.73
firm	34.71
fully	34.26
formed	32.78
frequently	30.40
fixed	30.22
fell	29.98
fast	29.38
fair	29.09
figures	28.96
foot	28.88
filled	28.87
formation	28.77
frequency	28.73
fish	28.16
February	27.96
finding	27.82
feelings	27.50
fields	27.40
formal	26.68
forest	26.65
fit	26.46
forced	26.36
facts	26.14
foundation	25.67
failed	25.24
framework	25.19
fight	25.09
feature	24.94
forth	24.85
fundamental	24.12
false	23.69
fourth	23.69
firms	23.50
frame	23.50
familiar	23.30
fresh	22.86
files	22.56
funds	22.18
famous	21.79
finished	21.25
Fig.	20.48
fellow	20.23
findings	19.88
farm	19.64
focused	19.55
functional	19.50
fund	19.41
fat	18.66
Frank	18.62
fifty	18.42
Furthermore	18.19
forty	17.89
flat	17.77
fighting	17.27
facilities	17.22
forget	17.03
flight	16.91
fashion	16.90
fingers	16.81
fill	16.78
faced	16.49
flowers	16.33
fruit	16.33
fluid	16.30
films	15.75
format	15.71
faces	15.41
fairly	15.33
fun	15.03
fail	15.00
fifth	14.90
finance	14.76
finds	14.67
fiction	14.42
favor	14.40
fifteen	14.02
founded	14.01
farmers	14.01
falls	13.96
formula	13.91
faculty	13.87
falling	13.81
fuel	13.55
frequent	13.52
fort	13.52
Francisco	13.19
facing	12.76
fly	12.66
fate	12.60
fault	12.45
friendly	12.43
finger	12.39
fallen	12.27
flows	12.26
flesh	12.21
feed	12.10
feedback	11.90
funding	11.89
feels	11.77
forever	11.59
forgotten	11.54
favorite	11.47
foods	11.43
Florida	11.37
flying	11.30
fought	11.23
faster	11.06
fewer	11.02
finish	11.00
fed	10.87
filter	10.82
friendship	10.78
feminist	10.77
facility	10.65
fee	10.59
fishing	10.56
forming	10.46
fortune	10.39
Francis	10.38
fees	10.28
factory	10.17
fathers	9.602
functioning	9.459
Ford	9.453
feeding	9.355
flexible	9.316
flower	9.201
fax	9.110
folk	9.102
females	9.099
favour	9.000
fears	8.994
folder	8.985
foster	8.839
facilitate	8.826
fever	8.720
fired	8.664
fiber	8.592
forests	8.591
firmly	8.528
fraction	8.425
filed	8.350
freely	8.349
flash	8.346
flexibility	8.328
foundations	8.303
fox	8.287
fiscal	8.281
furniture	8.182
fails	8.146
faithful	8.129
football	8.009
flag	7.995
focuses	7.910
focusing	7.851
Franklin	7.758
farther	7.687
fleet	7.630
forum	7.614
finite	7.606
fragments	7.584
Friday	7.531
feared	7.467
festival	7.438
farmer	7.437
filling	7.422
financing	7.416
followers	7.363
frontier	7.311
fruits	7.286
fix	7.266
flood	7.257
formerly	7.255
fabric	7.254
Freud	7.193
frames	7.176
funny	7.029
ft	7.019
funeral	6.937
fur	6.807
fold	6.759
frozen	6.744
fancy	6.704
fool	6.699
formulation	6.599
floating	6.553
farming	6.506
fourteen	6.500
flew	6.407
Frederick	6.405
fame	6.353
Federation	6.346
fatigue	6.314
failing	6.240
Fred	6.155
fracture	6.097
fraud	6.066
fan	6.035
forgive	6.029
feminine	6.025
fatal	5.996
fantasy	5.972
figured	5.959
failures	5.922
forehead	5.894
frequencies	5.873
favorable	5.860
Fortunately	5.816
formally	5.811
filing	5.804
folks	5.797
flame	5.790
fibers	5.786
flowing	5.783
fitness	5.773
farms	5.703
fitting	5.637
firing	5.630
frightened	5.570
fence	5.559
fires	5.530
facial	5.502
Florence	5.453
flux	5.418
fitted	5.389
fans	5.374
founder	5.365
fled	5.355
frustration	5.231
faint	5.201
Fe	5.196
fits	5.168
founding	5.106
fertility	5.105
fusion	5.103
fragment	5.079
forgot	4.884
forcing	4.839
feast	4.822
folded	4.817
forbidden	4.817
funded	4.778
focal	4.754
fierce	4.702
Fisher	4.699
flour	4.699
foolish	4.639
favored	4.627
feminism	4.623
friction	4.597
fulfilled	4.591
fetal	4.588
forgiveness	4.558
factories	4.531
framed	4.458
FBI	4.397
furnished	4.379
filters	4.373
fundamentally	4.368
fatty	4.343
fond	4.330
featured	4.314
feasible	4.311
fortunate	4.292
fashioned	4.245
foreigners	4.151
fascinating	4.134
formulated	4.129
fuzzy	4.127
flames	4.096
fulfill	4.091
finest	4.083
functionality	4.076
F.2d	4.063
flies	4.053
fractures	3.985
formats	3.979
frustrated	3.943
faded	3.936
fellows	3.916
Foucault	3.914
fuller	3.911
fairy	3.804
fearful	3.791
freed	3.782
floors	3.754
font	3.741
fellowship	3.733
fourteenth	3.692
faults	3.689
favourite	3.661
fluctuations	3.658
forthcoming	3.633
foremost	3.618
fluids	3.613
fl	3.582
formulas	3.556
fairness	3.514
fog	3.477
fragile	3.475
Finland	3.465
float	3.463
F.3d	3.459
frost	3.443
futures	3.434
forecast	3.421
finishing	3.413
fork	3.379
Feb.	3.339
favourable	3.336
ff	3.330
fertile	3.328
fortress	3.318
fisheries	3.314
fifteenth	3.309
Freeman	3.305
fury	3.280
fulfillment	3.268
frontal	3.243
formidable	3.242
fuck	3.236
fantastic	3.235
fossil	3.208
fountain	3.201
factual	3.197
feathers	3.186
freezing	3.177
facilitated	3.164
fare	3.155
flavor	3.155
furious	3.130
farewell	3.097
fixing	3.072
Friedrich	3.072
Frankfurt	3.067
fist	3.056
framing	3.041
frowned	3.015
fictional	2.986
famine	2.973
fortunes	2.966
fulfilling	2.959
fighter	2.947
fixation	2.946
flora	2.942
fr	2.938
fucking	2.935
ferry	2.933
footsteps	2.933
Frances	2.918
flung	2.915
freeze	2.894
filtering	2.877
familiarity	2.874
fragmentation	2.853
faculties	2.835
flashed	2.829
financially	2.821
foul	2.819
flags	2.808
forensic	2.785
festivals	2.772
fi	2.767
fractions	2.763
frameworks	2.757
FDA	2.757
flights	2.738
franchise	2.718
forgetting	2.714
freight	2.694
fighters	2.686
forestry	2.684
fried	2.669
figs	2.660
fashionable	2.657
furnish	2.654
Felix	2.639
fills	2.629
foam	2.628
finances	2.624
flip	2.623
fluorescence	2.611
finely	2.610
fidelity	2.606
familial	2.604
formulate	2.602
fore	2.597
furnace	2.586
flowed	2.575
formations	2.570
folly	2.559
favoured	2.542
facilitating	2.541
flock	2.533
fa	2.530
frankly	2.525
feminists	2.521
flush	2.521
Friedman	2.511
folklore	2.505
founders	2.487
fantasies	2.474
financed	2.469
flap	2.469
fibre	2.468
fetus	2.450
folders	2.446
Franco	2.439
fin	2.419
Franz	2.414
Fischer	2.403
folding	2.376
fragmented	2.369
fascinated	2.368
fetch	2.364
fascination	2.348
freshly	2.347
folds	2.342
Fletcher	2.342
fringe	2.338
fights	2.337
featuring	2.336
formatting	2.335
fake	2.317
fungi	2.303
feudal	2.294
Francois	2.289
flee	2.288
frightening	2.288
firstly	2.281
feather	2.262
flowering	2.260
friendships	2.256
fearing	2.255
foregoing	2.255
filtered	2.252
fireplace	2.249
fuels	2.243
Fraser	2.242
fulfil	2.224
fiery	2.221
feeble	2.221
Ferguson	2.220
fading	2.207
flooding	2.198
facto	2.191
flushed	2.189
facilitates	2.187
fruitful	2.187
fundamentals	2.186
fade	2.179
foliage	2.178
forged	2.174
favors	2.159
foreword	2.158
freedoms	2.145
fry	2.135
FDI	2.134
factions	2.134
forecasting	2.119
feasibility	2.118
fishermen	2.116
Ferdinand	2.107
flooded	2.103
frontiers	2.099
flashing	2.099
flourish	2.095
fascist	2.087
formulations	2.086
flank	2.085
fats	2.083
Fitzgerald	2.076
footnote	2.073
finer	2.063
fishes	2.062
Fanny	2.049
faithfully	2.048
Fourier	2.047
facade	2.041
frog	2.034
floods	2.031
floated	2.029
fastened	2.019
forge	2.014
feeds	2.007
faction	2.005
fascism	1.998
fasting	1.994
fibres	1.979
foe	1.973
für	1.962
fluorescent	1.945
footing	1.940
foreground	1.940
forecasts	1.939
formative	1.921
fastest	1.918
futile	1.909
flint	1.907
fabrication	1.907
foil	1.905
Finnish	1.883
flourished	1.868
ft.	1.846
fabrics	1.843
freshwater	1.837
fortified	1.835
fiercely	1.825
FM	1.820
femininity	1.820
forgiven	1.818
fieldwork	1.813
fools	1.808
fertilizer	1.807
flown	1.796
fines	1.793
faulty	1.764
Forbes	1.762
fostered	1.738
favorites	1.707
fu	1.694
fungal	1.693
facets	1.690
flaws	1.688
fostering	1.683
fibrosis	1.674
fists	1.668
flawed	1.660
fused	1.659
fo	1.659
Fritz	1.659
femoral	1.658
Fernando	1.648
firewall	1.645
fronts	1.644
fiduciary	1.636
federalism	1.635
flashes	1.623
filtration	1.615
fulfilment	1.614
frantic	1.598
fleeing	1.596
fraudulent	1.594
fabulous	1.589
frustrating	1.583
fauna	1.578
flipped	1.572
Fleming	1.570
forbid	1.564
flourishing	1.564
fugitive	1.563
flats	1.559
frail	1.557
fences	1.557
fifties	1.542
Faber	1.535
Filipino	1.533
filthy	1.533
flexion	1.525
functioned	1.521
faire	1.506
fullness	1.503
Fowler	1.495
fossils	1.493
flattened	1.493
francs	1.484
fc	1.479
froze	1.475
fermentation	1.467
frown	1.462
frogs	1.457
fleeting	1.455
FTP	1.443
formulating	1.439
forearm	1.436
fabricated	1.432
fibrous	1.427
fraternity	1.426
flute	1.424
forums	1.422
forwarded	1.412
forts	1.411
fueled	1.406
floral	1.395
Faulkner	1.394
fertilization	1.393
fisherman	1.393
fullest	1.390
faintly	1.385
fuse	1.382
firearms	1.378
footage	1.373
FCC	1.371
foreman	1.367
forcibly	1.366
forceful	1.365
feat	1.360
Frenchman	1.346
forwards	1.344
fishery	1.344
functionally	1.343
fragrance	1.343
forefront	1.335
fonts	1.330
Francesco	1.329
Feb	1.324
freshman	1.319
figuring	1.319
foreigner	1.296
facet	1.295
fuss	1.293
furnishings	1.292
frenzy	1.292
fictitious	1.291
follower	1.287
Finn	1.282
fro	1.278
fractional	1.274
foes	1.273
facilitator	1.270
forcefully	1.263
fortnight	1.263
fingertips	1.255
Floyd	1.253
fragrant	1.253
fallacy	1.252
fireworks	1.246
finishes	1.245
fol	1.244
fir	1.243
fright	1.242
figurative	1.238
foundational	1.236
fractured	1.236
falsely	1.234
fashions	1.229
flaw	1.228
Fernandez	1.227
formulae	1.223
favorably	1.222
flashlight	1.221
flocks	1.217
flu	1.216
furiously	1.216
fluency	1.207
fundamentalist	1.204
flakes	1.203
Flanders	1.200
freeing	1.195
fluent	1.192
forging	1.187
Fielding	1.187
Forrest	1.173
fancied	1.169
falsehood	1.168
fraught	1.168
famously	1.161
floppy	1.157
frantically	1.153
fetched	1.152
fait	1.145
felony	1.140
flare	1.140
facilitation	1.135
fundamentalism	1.134
forties	1.124
foreseeable	1.122
Frederic	1.117
fray	1.115
flavour	1.108
flask	1.103
fungus	1.102
flaming	1.096
foreseen	1.095
Forster	1.094
forbidding	1.090
faithfulness	1.087
Federalist	1.085
forbade	1.080
fs	1.077
firsthand	1.077
fixtures	1.076
fictions	1.075
fable	1.071
foraging	1.070
Flynn	1.061
fortifications	1.061
formalism	1.054
forgiving	1.048
fide	1.043
formality	1.042
Feldman	1.040
fountains	1.039
favoring	1.038
fern	1.036
filaments	1.034
favours	1.033
frivolous	1.033
fertilizers	1.025
fairs	1.024
famed	1.021
fragmentary	1.014
flushing	1.013
fearless	1.008
Franks	1.007
ferocious	1.005
forwarding	1.004
frighten	0.9961
Foley	0.9933
fervent	0.9917
flanked	0.9892
farmhouse	0.9832
frowning	0.9813
FAO	0.9807
fluctuation	0.9782
festivities	0.9777
frying	0.9776
filmmakers	0.9763
filmed	0.9760
frustrations	0.9737
forks	0.9724
foresee	0.9706
flavors	0.9706
fumes	0.9653
foresight	0.9650
frightful	0.9643
falcon	0.9636
flickering	0.9622
fluxes	0.9590
footprints	0.9590
flattering	0.9586
Frankie	0.9553
finder	0.9544
footnotes	0.9537
faiths	0.9525
fringes	0.9519
formalized	0.9504
fascia	0.9471
filename	0.9435
freak	0.9422
Freddie	0.9407
facie	0.9406
folio	0.9384
Freudian	0.9384
fries	0.9364
funerals	0.9356
filming	0.9317
farthest	0.9295
felicity	0.9293
Fiona	0.9285
feasts	0.9263
floats	0.9255
Florentine	0.9249
festive	0.9236
Fiji	0.9182
forage	0.9175
fingerprints	0.9163
Fran	0.9158
funnel	0.9137
Fulton	0.9091
fixes	0.9079
Flemish	0.9071
flaps	0.9025
flared	0.8973
fluctuating	0.8971
firmness	0.8971
Franciscan	0.8966
freezer	0.8900
Farrell	0.8900
Fairfax	0.8893
FDR	0.8827
firewood	0.8804
fairies	0.8795
flattered	0.8794
Freedman	0.8779
futility	0.8766
furnishing	0.8761
friar	0.8737
fanciful	0.8733
filler	0.8728
fins	0.8725
flatter	0.8714
forthwith	0.8702
farmland	0.8672
fledged	0.8648
freshness	0.8644
fined	0.8644
fruitless	0.8633
fervor	0.8628
fixture	0.8610
fowl	0.8605
fundraising	0.8602
fondness	0.8593
frequented	0.8582
freelance	0.8582
filament	0.8561
fooled	0.8530
forma	0.8522
formatted	0.8507
friars	0.8505
fodder	0.8499
Faust	0.8483
fished	0.8433
fencing	0.8431
fibrillation	0.8409
flicker	0.8351
Fay	0.8337
flutter	0.8333
flicked	0.8303
Figs.	0.8293
fer	0.8268
Feng	0.8254
fractal	0.8223
fateful	0.8194
fares	0.8173
Finch	0.8165
fraternal	0.8162
fables	0.8161
foxes	0.8156
fn	0.8154
fated	0.8085
flanks	0.8067
fluttering	0.8055
fission	0.8042
forefathers	0.8023
ferns	0.7994
Fla.	0.7987
freer	0.7946
freeway	0.7939
facsimile	0.7922
fridge	0.7886
feeder	0.7878
filth	0.7867
femur	0.7857
furs	0.7844
feverish	0.7829
fluttered	0.7829
Fremont	0.7808
fittings	0.7777
Farrar	0.7770
forbids	0.7768
fluoride	0.7762
Fidel	0.7740
flatly	0.7733
fossa	0.7721
Faraday	0.7708
Frenchmen	0.7703
fades	0.7699
FTC	0.7681
foodstuffs	0.7656
Frau	0.7649
Filipinos	0.7628
flop	0.7623
Fang	0.7621
fared	0.7610
fiddle	0.7595
fortitude	0.7583
fondly	0.7566
forsaken	0.7566
foyer	0.7560
forlorn	0.7536
forgets	0.7503
fates	0.7498
forfeiture	0.7475
failings	0.7475
FAS	0.7461
farce	0.7458
fistula	0.7445
foci	0.7426
fiat	0.7399
Flores	0.7374
flexed	0.7335
fluidity	0.7333
finality	0.7309
federally	0.7302
fingernails	0.7249
feats	0.7246
fingerprint	0.7231
forested	0.7225
furnaces	0.7215
flea	0.7203
fleets	0.7196
fucked	0.7193
fancies	0.7185
flattery	0.7143
frigate	0.7139
furnishes	0.7126
footed	0.7121
fling	0.7119
fruition	0.7118
Francesca	0.7103
filial	0.7102
fragility	0.7061
flapping	0.7056
F2	0.7044
fathom	0.7036
Fermi	0.7036
foolishness	0.7032
femme	0.7028
fecal	0.7021
finale	0.7015
flipping	0.7006
fundamentalists	0.6991
fosters	0.6970
flex	0.6945
flurry	0.6937
forceps	0.6928
flickered	0.6910
Frankenstein	0.6901
facilitators	0.6887
faltered	0.6884
foothills	0.6864
funk	0.6860
fatherland	0.6809
feces	0.6785
forfeited	0.6778
franc	0.6767
friendliness	0.6763
forsake	0.6761
flannel	0.6749
Fuchs	0.6695
fugitives	0.6692
flax	0.6678
flick	0.6676
Felipe	0.6667
firefighters	0.6651
fibroblasts	0.6648
formalities	0.6648
ferocity	0.6646
footprint	0.6637
Frye	0.6628
forefinger	0.6623
FAA	0.6560
fourths	0.6544
footwear	0.6535
filmmaker	0.6521
flyer	0.6467
follicles	0.6455
fainted	0.6450
forcible	0.6449
fifths	0.6448
fra	0.6445
foreclosure	0.6430
fissure	0.6423
Fanon	0.6414
flagship	0.6404
Ferris	0.6398
fanatical	0.6396
foothold	0.6378
freshmen	0.6359
flanking	0.6319
fervently	0.6316
Fitzpatrick	0.6307
fanaticism	0.6297
Fink	0.6296
feigned	0.6281
feudalism	0.6277
fend	0.6270
fumbled	0.6249
fasten	0.6244
fledgling	0.6238
Farley	0.6232
follicle	0.6182
flowered	0.6154
fleshy	0.6151
Freddy	0.6119
foramen	0.6094
favourably	0.6088
Federalists	0.6085
fertilized	0.6080
flavored	0.6056
Frey	0.6047
falsity	0.6037
freedmen	0.6026
feud	0.6017
folic	0.6001
fatally	0.5991
forerunner	0.5954
follies	0.5936
fenced	0.5923
francaise	0.5912
frenzied	0.5912
feasting	0.5906
flocked	0.5898
foretold	0.5892
foresaw	0.5875
functionaries	0.5865
feathered	0.5851
forgery	0.5848
forfeit	0.5847
FY	0.5841
fanning	0.5840
fellowships	0.5834
flimsy	0.5807
fain	0.5797
Fenton	0.5770
fanned	0.5769
flyers	0.5758
fissures	0.5748
fj	0.5747
Fiske	0.5735
focussed	0.5734
fermented	0.5728
fatigued	0.5695
funerary	0.5688
furthest	0.5683
Frazier	0.5668
flooring	0.5666
fuelled	0.5661
forte	0.5655
fishers	0.5650
fatalities	0.5648
fatherhood	0.5625
fainting	0.5618
Fahrenheit	0.5614
fulfills	0.5610
fresco	0.5591
farmed	0.5581
flirting	0.5566
FP	0.5565
fleece	0.5545
fours	0.5531
fetuses	0.5530
forgetfulness	0.5526
fret	0.5511
flair	0.5503
fallow	0.5501
ferment	0.5497
Fairbanks	0.5486
fluffy	0.5485
Fabian	0.5481
follicular	0.5478
Foote	0.5474
Fontana	0.5461
fallout	0.5457
Fein	0.5443
firewalls	0.5428
flares	0.5426
foolishly	0.5413
franchises	0.5407
flange	0.5376
frees	0.5372
forgave	0.5370
Freire	0.5349
flamboyant	0.5322
Ferrari	0.5306
forbearance	0.5295
fluctuate	0.5280
figurines	0.5271
fingered	0.5269
Faye	0.5266
frauds	0.5259
fascists	0.5255
Falk	0.5247
fevers	0.5234
foundry	0.5219
fetish	0.5211
figuratively	0.5197
Frankfurter	0.5192
frankness	0.5186
Flanagan	0.5170
fortresses	0.5165
frigid	0.5159
faraway	0.5156
fuckin	0.5149
Fitch	0.5149
frustrate	0.5149
flake	0.5139
firemen	0.5135
feeders	0.5127
facies	0.5125
Ferrara	0.5120
faintest	0.5116
formaldehyde	0.5102
Fichte	0.5101
furthering	0.5092
frock	0.5082
Flaubert	0.5072
filings	0.5065
frescoes	0.5054
Fatima	0.5050
fortuitous	0.5046
fanatic	0.5035
Fannie	0.5032
fringed	0.5019
fangs	0.5002
fortification	0.4998
fulness	0.4986
Fitz	0.4984
foaming	0.4983
fashioning	0.4980
Frazer	0.4975
Fri	0.4958
Fontaine	0.4953
Frankel	0.4943
fuses	0.4930
fearfully	0.4927
fearsome	0.4924
firmer	0.4918
Freiburg	0.4913
flawless	0.4911
Federico	0.4901
folate	0.4893
frontline	0.4885
forgo	0.4871
facades	0.4868
fervour	0.4847
fairer	0.4826
Fisk	0.4813
foreboding	0.4812
felled	0.4797
fad	0.4785
femmes	0.4772
fireman	0.4754
flattening	0.4753
forestall	0.4733
fife	0.4733
filmmaking	0.4732
fractionation	0.4687
fleas	0.4676
frontispiece	0.4675
feller	0.4667
finalized	0.4660
fanatics	0.4654
Fawcett	0.4653
forego	0.4642
freezes	0.4640
fooling	0.4636
flagrant	0.4636
frictional	0.4630
facile	0.4606
Finley	0.4602
functionalism	0.4598
fickle	0.4589
Forsyth	0.4587
flourishes	0.4574
forebears	0.4567
fittest	0.4561
fiance	0.4558
Fordham	0.4540
fallacies	0.4512
favouring	0.4510
ferrous	0.4505
Fergus	0.4504
framers	0.4496
factorial	0.4495
fibrin	0.4484
furrowed	0.4469
formulaic	0.4469
fora	0.4461
frailty	0.4452
faux	0.4449
firstborn	0.4444
feline	0.4435
floodplain	0.4434
FD	0.4433
flammable	0.4424
financiers	0.4416
Fargo	0.4402
Franciscans	0.4395
Fillmore	0.4384
forearms	0.4377
flexor	0.4376
firearm	0.4373
frayed	0.4373
fiasco	0.4360
flinched	0.4352
fecundity	0.4351
fender	0.4349
Forman	0.4343
fiftieth	0.4332
Felicia	0.4326
flopped	0.4324
Fairfield	0.4314
Flannery	0.4310
fronted	0.4310
fairest	0.4287
feebly	0.4282
forester	0.4275
federated	0.4266
firmament	0.4266
foggy	0.4241
François	0.4237
fatality	0.4235
fiir	0.4233
fiancee	0.4231
frieze	0.4215
furtherance	0.4198
functionalist	0.4194
fowls	0.4168
Forrester	0.4164
flowchart	0.4160
fudge	0.4151
flatten	0.4147
forthright	0.4145
formless	0.4142
febrile	0.4135
frosty	0.4135
flagged	0.4134
forked	0.4131
finals	0.4125
fireside	0.4124
flotation	0.4122
fiesta	0.4104
Frankish	0.4102
faltering	0.4101
familiarize	0.4093
factored	0.4084
fuselage	0.4075
fiend	0.4064
FTA	0.4064
flirt	0.4059
FSH	0.4054
flue	0.4050
furry	0.4045
fumbling	0.4023
finesse	0.4002
flinging	0.4002
frugal	0.3998
Fredericksburg	0.3992
francophone	0.3983
fanfare	0.3968
firepower	0.3966
flaring	0.3964
fastidious	0.3958
federations	0.3955
Fridays	0.3953
Fishman	0.3948
Finney	0.3935
foreshadowed	0.3933
Francine	0.3931
Freemasonry	0.3930
FIFO	0.3928
financier	0.3924
fastening	0.3924
fetters	0.3921
franca	0.3915
Firth	0.3902
forays	0.3892
furtive	0.3888
fourfold	0.3866
forme	0.3864
flowery	0.3858
Fairchild	0.3849
faceted	0.3843
fireplaces	0.3838
Falstaff	0.3836
francais	0.3833
furrow	0.3831
F1	0.3828
footman	0.3825
favourites	0.3823
fawn	0.3820
faucet	0.3797
factoring	0.3792
Fuentes	0.3781
flutes	0.3753
furrows	0.3752
fabricate	0.3734
fructose	0.3732
FX	0.3709
ferret	0.3704
Faso	0.3692
furthered	0.3692
fillet	0.3683
fabled	0.3674
Fukuyama	0.3672
fornication	0.3668
Frankfort	0.3661
Frick	0.3646
fetching	0.3645
Frieda	0.3640
forgetful	0.3632
fortify	0.3627
fiberglass	0.3622
foray	0.3606
fam	0.3592
fluently	0.3590
feral	0.3590
fen	0.3584
Fresno	0.3569
fillers	0.3560
frigates	0.3541
flashy	0.3541
foregone	0.3537
footer	0.3523
fusing	0.3516
finery	0.3506
factional	0.3499
flustered	0.3498
fennel	0.3493
fulfils	0.3481
fillets	0.3471
Filippo	0.3450
fretted	0.3446
feuds	0.3443
fetishism	0.3431
flops	0.3430
fronds	0.3421
freestanding	0.3406
Fuji	0.3397
Firestone	0.3388
functionalities	0.3388
falsified	0.3384
falter	0.3370
fictive	0.3366
florid	0.3359
fluctuated	0.3356
fussy	0.3353
freemen	0.3348
Finkelstein	0.3341
Fulbright	0.3332
fella	0.3325
fathoms	0.3323
Fodor	0.3316
fallacious	0.3315
feedings	0.3313
futuristic	0.3311
freaks	0.3310
fie	0.3310
Finns	0.3306
FH	0.3303
fathered	0.3301
favoritism	0.3298
formalization	0.3296
flirtation	0.3294
flinch	0.3289
faceless	0.3278
foreheads	0.3267
feds	0.3261
Fromm	0.3256
freckles	0.3245
Fallon	0.3220
fatherly	0.3218
fixated	0.3213
footpath	0.3202
fibrinogen	0.3200
Freund	0.3199
Franck	0.3191
Frith	0.3187
Falkland	0.3187
flapped	0.3184
frosted	0.3178
ferric	0.3162
fallible	0.3159
Frege	0.3155
forbear	0.3142
Feynman	0.3131
Felice	0.3124
foetus	0.3120
fewest	0.3117
foal	0.3117
froth	0.3109
ferries	0.3105
flicking	0.3104
fulcrum	0.3103
fatalism	0.3100
FG	0.3091
Faustus	0.3086
fitful	0.3084
feverishly	0.3084
flasks	0.3069
flotilla	0.3068
finitude	0.3066
Flo	0.3057
faunal	0.3053
falsification	0.3051
fiddler	0.3048
ful	0.3045
faithless	0.3045
fatigues	0.3041
faked	0.3037
fingerprinting	0.3036
Figaro	0.3033
Fullerton	0.3025
Feinberg	0.3002
fainter	0.2999
fearlessly	0.2995
F.J.	0.2994
faeces	0.2981
fibroblast	0.2980
forensics	0.2980
famines	0.2977
fingering	0.2975
flak	0.2969
faut	0.2964
familiarly	0.2961
Frantz	0.2960
flitted	0.2960
Francoise	0.2953
Farrington	0.2951
fronting	0.2946
floorboards	0.2943
flogging	0.2938
FSA	0.2935
Festschrift	0.2935
flexibly	0.2932
fugue	0.2916
factly	0.2913
formulates	0.2912
Formosa	0.2896
Farber	0.2895
Ferreira	0.2894
flexing	0.2892
followup	0.2891
flailing	0.2891
Furman	0.2890
freehold	0.2886
flashbacks	0.2883
firelight	0.2878
FedEx	0.2868
flips	0.2866
Fiedler	0.2864
felling	0.2859
Fong	0.2859
flashback	0.2855
feigning	0.2854
flatness	0.2853
Farr	0.2852
fixity	0.2851
fulltime	0.2850
Fayette	0.2849
fallopian	0.2836
foiled	0.2836
funky	0.2834
Fourthly	0.2829
Fonda	0.2823
fretting	0.2820
Fung	0.2818
freighter	0.2816
F.A.	0.2812
flees	0.2810
fraternities	0.2807
formalize	0.2802
foi	0.2796
fingernail	0.2796
flitting	0.2779
FW	0.2772
famished	0.2767
fertiliser	0.2766
Flinders	0.2761
FEMA	0.2761
flogged	0.2756
frenetic	0.2754
frowns	0.2740
filtrate	0.2738
fois	0.2736
filamentous	0.2734
flirted	0.2723
Firenze	0.2719
fasteners	0.2717
fingertip	0.2716
Fenwick	0.2713
FB	0.2707
falsehoods	0.2701
fiddling	0.2700
Finlay	0.2690
faxes	0.2684
Fagan	0.2679
Feinstein	0.2678
fads	0.2677
Findlay	0.2677
foolhardy	0.2667
Frisch	0.2666
filmic	0.2663
faking	0.2662
Falconer	0.2662
Folsom	0.2656
fluctuates	0.2651
frills	0.2648
Farnsworth	0.2643
fluvial	0.2642
frequendy	0.2641
Friedlander	0.2640
feasted	0.2638
Featherstone	0.2638
Frei	0.2631
fueling	0.2630
Fiihrer	0.2627
firefighter	0.2626
fineness	0.2617
folktales	0.2617
Flaherty	0.2612
fumed	0.2609
furtively	0.2607
fleur	0.2604
Flagstaff	0.2589
forerunners	0.2583
feathery	0.2580
Frans	0.2573
forecasted	0.2573
Fayetteville	0.2572
Falmer	0.2566
foreclose	0.2551
foams	0.2545
fluorine	0.2545
forgives	0.2539
fibula	0.2538
felon	0.2536
foreclosed	0.2534
Felton	0.2532
felons	0.2531
forethought	0.2519
F3	0.2518
feminization	0.2518
floored	0.2511
Fredric	0.2509
fasted	0.2508
Faure	0.2505
flounder	0.2504
faulted	0.2501
fracturing	0.2500
futurist	0.2496
formalist	0.2494
Fernand	0.2490
fliers	0.2489
functionary	0.2480
factually	0.2478
Ferrer	0.2478
Foss	0.2470
figural	0.2469
foremen	0.2460
fiercest	0.2449
frugality	0.2449
foreknowledge	0.2449
firs	0.2447
forenoon	0.2443
figuration	0.2435
Fournier	0.2429
Flamingo	0.2429
funders	0.2428
fouling	0.2427
Freemasons	0.2426
fob	0.2424
frosting	0.2422
Foner	0.2421
frivolity	0.2418
Friedan	0.2416
flagging	0.2412
focussing	0.2410
fielded	0.2406
foibles	0.2403
fuming	0.2399
FV	0.2398
Frage	0.2393
Fergusson	0.2393
forebrain	0.2387
forewarned	0.2378
fillings	0.2378
faultless	0.2372
foundered	0.2370
Fogg	0.2366
forthe	0.2363
Fonseca	0.2363
Feuerbach	0.2351
fibrils	0.2351
Fleischer	0.2344
factionalism	0.2344
floss	0.2342
faecal	0.2339
fierceness	0.2338
Framingham	0.2336
fussing	0.2336
feminized	0.2334
freckled	0.2330
fMRI	0.2326
foreshadowing	0.2323
furies	0.2312
florist	0.2310
Faerie	0.2310
fleshly	0.2309
Falmouth	0.2307
flaccid	0.2299
Fordist	0.2296
Farmington	0.2293
feign	0.2291
fabricating	0.2291
flavours	0.2283
frontage	0.2282
fete	0.2281
Ferrell	0.2280
fatalistic	0.2276
fluke	0.2275
Freda	0.2273
foregrounds	0.2273
Florian	0.2267
furlough	0.2265
fraudulently	0.2264
fetter	0.2263
foretell	0.2260
finalize	0.2259
fatherless	0.2257
feisty	0.2252
furor	0.2251
FFT	0.2250
flanges	0.2248
figurine	0.2248
folios	0.2245
FrontPage	0.2239
Fellini	0.2230
Fernandes	0.2227
frolic	0.2222
F.W.	0.2218
felonies	0.2218
fluted	0.2217
floundering	0.2214
fantastical	0.2212
flamed	0.2208
frosts	0.2203
festivity	0.2203
FDIC	0.2201
fittingly	0.2196
felicitous	0.2195
Fujian	0.2194
Fujita	0.2191
featureless	0.2187
fume	0.2186
Friedmann	0.2185
fides	0.2183
frightens	0.2180
footmen	0.2168
foils	0.2167
flashlights	0.2165
fealty	0.2164
fresher	0.2164
flirtatious	0.2163
flushes	0.2162
fantasized	0.2159
F.M.	0.2158
Fitzroy	0.2158
Fleetwood	0.2155
Freeport	0.2148
fart	0.2148
fasts	0.2144
Fortran	0.2141
fairway	0.2141
Falklands	0.2141
Farah	0.2138
FAQ	0.2137
Fontainebleau	0.2133
flecked	0.2132
fertilisers	0.2130
fluff	0.2127
française	0.2126
Fuhrer	0.2126
flabby	0.2123
festering	0.2120
fitter	0.2119
frothy	0.2118
funniest	0.2116
Fitzhugh	0.2112
Farquhar	0.2111
flecks	0.2110
Fei	0.2110
fives	0.2101
falsify	0.2100
farthing	0.2096
fertilisation	0.2092
foetal	0.2091
formalised	0.2090
foolproof	0.2084
foresters	0.2081
fortieth	0.2077
Fogel	0.2077
Forsythe	0.2069
freaked	0.2068
frightfully	0.2065
fussed	0.2063
furthers	0.2062
familia	0.2055
fatter	0.2053
fungicides	0.2051
fez	0.2048
forgeries	0.2047
Fleury	0.2043
foregrounded	0.2042
fireball	0.2040
flocking	0.2039
fertilize	0.2035
F5	0.2033
farcical	0.2033
Foy	0.2030
foregrounding	0.2025
farewells	0.2023
flavoured	0.2016
fluoxetine	0.2014
Flavius	0.2013
fevered	0.2011
fixedly	0.2010
Faisal	0.2009
faxed	0.2009
fishy	0.2007
Farnham	0.2004
Forschung	0.2003
fragrances	0.2001
Francia	0.1999
Frankl	0.1998
fossilized	0.1998
flexure	0.1994
forges	0.1988
ferociously	0.1987
fords	0.1978
Fujiwara	0.1973
fleshed	0.1973
founds	0.1971
Folger	0.1968
fruity	0.1964
ferromagnetic	0.1961
Figueroa	0.1948
forsook	0.1947
folkloric	0.1947
finches	0.1946
fetid	0.1943
flippant	0.1941
faring	0.1934
fusions	0.1927
falcons	0.1924
fiends	0.1924
fluorescein	0.1921
festooned	0.1915
feldspar	0.1912
figurehead	0.1911
Finnegan	0.1910
F.R.	0.1905
fantasize	0.1904
fitfully	0.1903
facilitative	0.1902
fag	0.1896
friendless	0.1896
façade	0.1894
filenames	0.1891
foreskin	0.1891
fattening	0.1890
fouled	0.1890
fos	0.1889
fidgeted	0.1889
foragers	0.1888
fut	0.1886
Fiore	0.1884
fibromyalgia	0.1883
footstool	0.1882
fiddled	0.1881
fantastically	0.1878
Franke	0.1877
flaunt	0.1875
flywheel	0.1874
Fabio	0.1874
fidgeting	0.1874
flier	0.1873
Fortuna	0.1873
Feingold	0.1871
fount	0.1868
fearlessness	0.1866
figment	0.1865
fertilizing	0.1864
Fenn	0.1862
Frere	0.1853
F.C.	0.1845
fractious	0.1843
footstep	0.1841
friendlier	0.1840
foreshadows	0.1837
Foucauldian	0.1836
fruitfully	0.1835
fictionalized	0.1835
fascinate	0.1833
Feeney	0.1827
frictions	0.1824
flit	0.1823
fireflies	0.1817
farmyard	0.1809
fest	0.1809
Fantasia	0.1807
fatiguing	0.1807
farmhouses	0.1806
FK	0.1800
Fukuda	0.1798
fiendish	0.1798
ferried	0.1795
Fairbairn	0.1795
Fenimore	0.1787
fortnightly	0.1786
fruitfulness	0.1786
Fryer	0.1786
Friesen	0.1781
fermenting	0.1778
fisted	0.1777
foo	0.1772
flings	0.1771
folktale	0.1769
Ferber	0.1762
Flammarion	0.1759
fettered	0.1759
Fabre	0.1749
farmlands	0.1745
Falwell	0.1744
flaunting	0.1743
F4	0.1742
fallibility	0.1742
freeways	0.1740
Fyodor	0.1740
florins	0.1729
Fordism	0.1729
Feld	0.1729
foretaste	0.1725
floodplains	0.1721
F.H.	0.1718
farmworkers	0.1709
fictitiously	0.1707
fivefold	0.1701
Fairclough	0.1698
forsaking	0.1694
Fitzwilliam	0.1693
fretful	0.1691
flaking	0.1690
Flor	0.1685
flatulence	0.1685
footings	0.1685
facetious	0.1684
Feder	0.1679
foreseeing	0.1676
français	0.1673
fiercer	0.1669
fellas	0.1667
flicks	0.1664
fortifying	0.1660
fot	0.1657
floundered	0.1655
flaky	0.1652
Frederik	0.1650
fief	0.1650
fathering	0.1646
Frida	0.1643
Fleck	0.1643
Ferro	0.1642
famille	0.1641
fielder	0.1641
flavoring	0.1639
fogs	0.1634
fortiori	0.1621
Farrow	0.1621
frailties	0.1620
facedown	0.1619
fils	0.1615
formalin	0.1612
F.E.	0.1607
friable	0.1599
foresees	0.1597
Fogarty	0.1595
fundraiser	0.1592
fondling	0.1589
frostbite	0.1587
feebleness	0.1577
flabbergasted	0.1575
fakes	0.1572
Furlong	0.1568
futurity	0.1564
facultative	0.1560
freshen	0.1555
feedbacks	0.1554
flavorful	0.1552
feuding	0.1551
flopping	0.1546
forebodings	0.1546
frankincense	0.1546
flail	0.1545
forgone	0.1545
Farris	0.1544
fatness	0.1542
fastener	0.1537
fleetingly	0.1533
fondest	0.1533
foamy	0.1524
foreignness	0.1523
floodgates	0.1521
forecastle	0.1514
flints	0.1503
fab	0.1502
foundries	0.1501
Ferraro	0.1501
forestalled	0.1499
FAQs	0.1496
freaking	0.1493
Feldstein	0.1488
fundus	0.1486
funereal	0.1485
Frenkel	0.1485
Fresnel	0.1484
fantasizing	0.1482
fending	0.1482
F.S.	0.1475
Fenner	0.1474
foreplay	0.1471
fenders	0.1470
flinching	0.1470
Froude	0.1459
fucker	0.1458
ferrets	0.1454
funnels	0.1451
fatten	0.1448
foment	0.1447
faucets	0.1444
firestorm	0.1436
footbridge	0.1436
flagpole	0.1435
frictionless	0.1431
fumble	0.1427
funneled	0.1424
frighteningly	0.1422
Flemming	0.1421
Frisbee	0.1420
feint	0.1418
fabrications	0.1416
Fredrick	0.1415
frocks	0.1415
formalistic	0.1412
farreaching	0.1411
footpaths	0.1411
Fonds	0.1411
fuzz	0.1410
flaunted	0.1409
franchising	0.1406
Fahey	0.1406
fashionably	0.1405
footers	0.1401
Fritsch	0.1399
foreshadow	0.1398
frequenting	0.1398
finders	0.1393
firings	0.1390
Friedland	0.1389
forecasters	0.1388
factitious	0.1383
falsifying	0.1383
freelancers	0.1381
Fayard	0.1380
fetches	0.1377
fervid	0.1376
fawning	0.1369
frustrates	0.1368
freshest	0.1366
Ferrier	0.1366
frilly	0.1363
fabulously	0.1359
fondled	0.1359
fragmenting	0.1358
flippers	0.1355
fruiting	0.1351
Farkas	0.1351
faintness	0.1345
Freeland	0.1342
formers	0.1340
forger	0.1340
floes	0.1339
fixations	0.1335
firefly	0.1330
Follett	0.1328
fester	0.1328
flawlessly	0.1328
firecrackers	0.1322
fatuous	0.1321
filmy	0.1320
filigree	0.1319
flattens	0.1318
footfalls	0.1314
fomenting	0.1312
fairytale	0.1312
Frauen	0.1311
fascinates	0.1308
feu	0.1306
Francke	0.1306
faulting	0.1305
fixer	0.1303
factorization	0.1302
Fairbank	0.1301
foursome	0.1299
flatbed	0.1296
fattened	0.1294
fiscally	0.1293
fulsome	0.1292
Fulham	0.1290
feelers	0.1287
freighters	0.1284
firefighting	0.1283
flouted	0.1282
freighted	0.1280
fitly	0.1279
Forschungen	0.1278
flotsam	0.1276
fecund	0.1275
F0	0.1274
formalisms	0.1273
fac	0.1273
firefight	0.1272
fetishes	0.1270
firsts	0.1267
finalists	0.1263
finalised	0.1255
fireproof	0.1252
F.L.	0.1252
fractionated	0.1251
Fukuoka	0.1251
fiberoptic	0.1246
fiancé	0.1246
foals	0.1246
Fisch	0.1245
flaked	0.1244
fallback	0.1238
forgoing	0.1237
freehand	0.1235
footwork	0.1234
flagrantly	0.1232
foisted	0.1231
Frontera	0.1229
fuzziness	0.1228
fidgety	0.1227
forfeiting	0.1225
Firefox	0.1224
fastenings	0.1223
Formica	0.1222
facticity	0.1219
filibuster	0.1216
fibrotic	0.1215
Fairview	0.1215
finalizing	0.1212
forecourt	0.1210
formalizing	0.1209
flayed	0.1208
flickers	0.1207
fracas	0.1206
freewheeling	0.1205
fairyland	0.1203
fistful	0.1197
forklift	0.1197
farmstead	0.1195
fomented	0.1194
Fredrickson	0.1186
freezers	0.1184
franchisees	0.1177
fille	0.1176
flukes	0.1174
fortuitously	0.1169
freest	0.1169
familiarized	0.1168
flighty	0.1166
fiveyear	0.1163
flailed	0.1163
Fondation	0.1163
fancier	0.1162
falsetto	0.1161
Ferrand	0.1160
feted	0.1154
funnier	0.1154
Fujii	0.1152
furred	0.1138
flagstones	0.1137
falters	0.1136
foodstuff	0.1136
franchised	0.1133
freshened	0.1126
farmsteads	0.1123
Fairmont	0.1123
fancying	0.1120
fatwa	0.1120
folklorists	0.1120
Fribourg	0.1114
Furness	0.1114
formes	0.1113
Frisco	0.1113
Fondo	0.1111
freakish	0.1108
Feminisms	0.1107
Florentines	0.1102
F.G.	0.1101
foxhole	0.1097
faggot	0.1095
fastness	0.1093
Fazio	0.1092
finalist	0.1091
forelegs	0.1091
ferrying	0.1087
fundraisers	0.1086
formic	0.1086
F.D.	0.1084
favouritism	0.1084
filly	0.1083
frazzled	0.1080
fizzled	0.1079
floodwaters	0.1077
feelin	0.1076
fiancée	0.1073
fuit	0.1072
Formen	0.1071
friezes	0.1071
FEBS	0.1070
frisson	0.1068
fringing	0.1066
firebrand	0.1066
forsooth	0.1062
filiation	0.1062
frolicking	0.1061
frontiersmen	0.1059
Fido	0.1058
foretells	0.1058
falseness	0.1052
fust	0.1050
Fredrik	0.1050
Fuego	0.1047
footfall	0.1047
fidget	0.1046
farsighted	0.1046
flout	0.1043
Freiheit	0.1042
fairgrounds	0.1041
femaleness	0.1040
feedstock	0.1037
frets	0.1036
forthrightly	0.1036
flexes	0.1035
fiddles	0.1035
F6	0.1034
flapper	0.1034
furore	0.1031
flog	0.1029
feathering	0.1029
folklorist	0.1028
forlornly	0.1027
Freres	0.1026
foretelling	0.1023
fuelling	0.1023
forfeits	0.1021
finiteness	0.1021
fue	0.1020
feckless	0.1019
fathomless	0.1018
faggots	0.1018
foundling	0.1017
farfetched	0.1017
foamed	0.1016
Foresman	0.1015
Fishbein	0.1013
Faustian	0.1013
Finkel	0.1012
floodlights	0.1012
flaxen	0.1010
Farid	0.1010
Fausto	0.1007
fondle	0.1002
frisky	0.1001
Frenchwoman	0.1000
footlights	0.09973
formulaires	0.09961
Fernández	0.09903
financials	0.09844
Friedberg	0.09828
fickleness	0.09791
fellers	0.09789
fluence	0.09734
fungible	0.09699
flouting	0.09670
facetiously	0.09669
fens	0.09652
flunked	0.09632
Fabrizio	0.09598
flagellation	0.09581
freeware	0.09578
flutters	0.09568
frothing	0.09557
fhe	0.09525
fonder	0.09517
fogged	0.09458
Fig.2	0.09407
folksy	0.09398
flowcharts	0.09393
fairground	0.09381
fjord	0.09344
fiefs	0.09341
furled	0.09294
Fijian	0.09269
Flexner	0.09261
Foerster	0.09242
Flagg	0.09215
frontiersman	0.09167
F.B.	0.09154
freestyle	0.09142
Fujimoto	0.09126
foreshortened	0.09108
fouryear	0.09108
facsimiles	0.09101
flirtations	0.09093
fetes	0.09071
fluffed	0.09067
Freie	0.09059
fedora	0.09051
flatters	0.09050
fusillade	0.09037
factious	0.09007
frill	0.08981
fining	0.08979
fortyfive	0.08948
followings	0.08948
fetishistic	0.08900
Fick	0.08879
ferent	0.08879
fritters	0.08822
forestalling	0.08812
frustratingly	0.08781
flagstone	0.08768
Febiger	0.08751
familiarization	0.08745
Fairleigh	0.08741
forded	0.08716
filet	0.08692
folkways	0.08679
fixate	0.08677
fatale	0.08670
florists	0.08610
floorboard	0.08599
firma	0.08593
footballer	0.08576
finicky	0.08558
forbearing	0.08535
fleecy	0.08534
Farsi	0.08518
friendliest	0.08507
firehouse	0.08430
fastens	0.08428
fiestas	0.08426
futilely	0.08385
Freitas	0.08382
fop	0.08369
fim	0.08367
festal	0.08362
fraying	0.08353
farces	0.08352
foreclosures	0.08321
Ferdinando	0.08318
Forde	0.08317
ffl	0.08310
florets	0.08252
freaky	0.08213
faceto	0.08212
freeholders	0.08203
fruitlessly	0.08180
fanatically	0.08178
fter	0.08161
firmest	0.08129
fearfulness	0.08126
firmed	0.08120
flinty	0.08120
Filho	0.08114
faithlessness	0.08104
fanners	0.08079
facelift	0.08059
fangled	0.08042
fixings	0.08015
fumigation	0.08005
func	0.07990
frizzy	0.07953
familiarizing	0.07910
futon	0.07907
flamenco	0.07902
forbears	0.07901
fathomed	0.07882
F7	0.07853
Foch	0.07846
F.P.	0.07830
fended	0.07813
Fabricius	0.07808
Fremantle	0.07804
forgettable	0.07776
farts	0.07750
foreclosing	0.07743
footloose	0.07733
fied	0.07714
Fenelon	0.07713
faints	0.07697
fistulas	0.07696
Fifthly	0.07667
Factbook	0.07655
Favre	0.07650
firework	0.07611
flowerbeds	0.07601
forking	0.07581
forcefulness	0.07495
footholds	0.07476
formalisation	0.07475
fluidly	0.07465
fib	0.07453
Festus	0.07449
fattest	0.07417
festered	0.07416
Fraunhofer	0.07410
fjords	0.07405
figurations	0.07386
flirts	0.07339
fratricidal	0.07327
Franken	0.07322
ferreting	0.07314
frat	0.07310
Fabius	0.07304
festoons	0.07299
fuchsia	0.07293
formulary	0.07231
flurries	0.07228
frequents	0.07213
fre	0.07209
Fujitsu	0.07199
Fawkes	0.07163
faze	0.07160
Fortescue	0.07123
ferryman	0.07115
faxing	0.07090
formlessness	0.07085
firecracker	0.07051
foraged	0.07050
fertilised	0.07026
flatterers	0.06989
Fleischmann	0.06933
Funktion	0.06932
frond	0.06916
fiefdoms	0.06903
familiarise	0.06901
Fragen	0.06899
fillip	0.06895
fastnesses	0.06893
Federals	0.06883
frigidity	0.06878
fractals	0.06876
fractionally	0.06868
floaters	0.06867
familiars	0.06855
fastidiousness	0.06843
frontally	0.06822
fellowmen	0.06804
Fuente	0.06754
fizz	0.06747
feelingly	0.06744
fleshing	0.06743
Furst	0.06721
fiefdom	0.06698
forsakes	0.06690
forevermore	0.06663
floe	0.06663
foreordained	0.06657
Farina	0.06635
facings	0.06632
fibronectin	0.06620
fawns	0.06620
forecloses	0.06615
fonction	0.06605
fountainhead	0.06595
figments	0.06547
fil	0.06533
Finlayson	0.06510
fortyeight	0.06504
Frieden	0.06494
foist	0.06486
freshening	0.06447
fascinations	0.06432
funneling	0.06426
Facebook	0.06417
flamboyance	0.06387
flounced	0.06381
forefather	0.06369
flatlands	0.06348
foundering	0.06348
Falco	0.06329
fingerprinted	0.06296
Fitzsimmons	0.06271
flannels	0.06266
fiddlers	0.06245
factuality	0.06218
forexample	0.06215
F.F.	0.06191
fags	0.06189
Flemings	0.06188
Fukui	0.06157
flippantly	0.06156
finisher	0.06131
fulllength	0.06128
franchisee	0.06072
ffi	0.06052
foulest	0.06051
fastball	0.06049
firstclass	0.06028
forbore	0.06000
Fraulein	0.05999
feigns	0.05994
FSC	0.05978
fuckers	0.05977
felonious	0.05955
footballers	0.05933
foxholes	0.05929
firmware	0.05896
fusiform	0.05876
frittered	0.05874
friggin	0.05854
Faubourg	0.05844
flits	0.05826
fistfight	0.05805
fording	0.05797
frisked	0.05774
firstorder	0.05749
Fatah	0.05747
fullfledged	0.05746
fucks	0.05714
finalization	0.05682
formalise	0.05668
fizzy	0.05667
fightin	0.05647
fane	0.05637
flues	0.05622
Fortin	0.05607
Fussell	0.05606
forebear	0.05576
flamingos	0.05571
fazed	0.05571
Foa	0.05553
frugally	0.05530
Folkestone	0.05509
F8	0.05482
fungicide	0.05473
fixe	0.05464
fullscale	0.05459
feebler	0.05451
Fabry	0.05446
forelock	0.05413
fastidiously	0.05397
footballs	0.05394
forgivable	0.05389
feasibly	0.05388
formidably	0.05373
flavorings	0.05361
fratricide	0.05318
factum	0.05310
flunk	0.05296
fancifully	0.05249
flightless	0.05244
flatterer	0.05227
forkful	0.05200
Fig.3	0.05192
farting	0.05178
focusses	0.05175
Fyfe	0.05165
fullblown	0.05163
freckle	0.05145
fissured	0.05144
finis	0.05144
ference	0.05143
Freemason	0.05135
Fusiliers	0.05111
falsifies	0.05110
flashpoint	0.05106
Fitzmaurice	0.05093
foulness	0.05074
freelancer	0.05060
Folia	0.05033
Farragut	0.05030
Feuer	0.05016
F.R.S.	0.04992
fey	0.04980
foxy	0.04947
Friesland	0.04946
forecaster	0.04934
Faris	0.04912
fellatio	0.04912
foggiest	0.04906
funder	0.04889
formalizes	0.04878
flamboyantly	0.04878
forthrightness	0.04863
Frampton	0.04859
Freiberg	0.04824
flippancy	0.04801
FHA	0.04790
fantasizes	0.04787
faits	0.04785
frolicked	0.04781
flaunts	0.04726
forprofit	0.04700
fumbles	0.04682
forfeitures	0.04635
fishbowl	0.04614
falsities	0.04610
flagon	0.04604
foie	0.04554
ferments	0.04532
fis	0.04495
forwardness	0.04477
fisticuffs	0.04475
fixative	0.04472
flume	0.04461
fou	0.04446
finitely	0.04435
frolics	0.04429
facta	0.04390
fmd	0.04385
Fundacion	0.04313
freeborn	0.04277
fishnet	0.04219
familv	0.04191
figura	0.04171
fleeced	0.04148
fatted	0.04137
fishmonger	0.04132
Farrer	0.04107
foreleg	0.04103
fetishized	0.04103
Familie	0.04092
filched	0.04072
ferritin	0.04063
Fearon	0.04037
frivolities	0.04005
Fio	0.04003
faun	0.04001
FEM	0.03997
forswear	0.03990
freewill	0.03986
falsifiable	0.03972
fowling	0.03952
furze	0.03877
fidei	0.03871
fawned	0.03865
Fama	0.03847
foreshortening	0.03825
frae	0.03824
facially	0.03814
frisk	0.03812
fromthe	0.03810
feta	0.03797
feely	0.03780
firebrands	0.03762
forgers	0.03753
fieri	0.03752
factotum	0.03746
fortifies	0.03744
frescos	0.03736
finishers	0.03728
fourscore	0.03715
flatteries	0.03702
flowerpot	0.03700
fere	0.03677
Fredericks	0.03676
flatware	0.03666
feedforward	0.03661
forefoot	0.03653
fizzle	0.03632
Frankland	0.03615
felines	0.03612
ferryboat	0.03595
Futura	0.03592
fouls	0.03576
fells	0.03544
Franconia	0.03517
forewarning	0.03513
foremast	0.03512
fatherin	0.03508
Freya	0.03462
fosse	0.03453
forewarn	0.03443
fleeces	0.03409
Forlag	0.03408
fruitcake	0.03407
finned	0.03404
flay	0.03382
Fukushima	0.03378
freshener	0.03358
furrowing	0.03351
fritter	0.03340
frivolously	0.03336
formularies	0.03331
fleurs	0.03322
forasmuch	0.03310
frilled	0.03297
finessed	0.03276
foolscap	0.03247
futuro	0.03239
Fulani	0.03237
Ferenc	0.03232
filthiness	0.03221
Festinger	0.03219
faery	0.03217
forefingers	0.03214
Frangois	0.03188
frag	0.03185
Forschungsgemeinschaft	0.03168
freebooters	0.03154
foully	0.03152
farmhands	0.03148
faro	0.03103
Félix	0.03102
farmhand	0.03078
FASEB	0.03069
Frontenac	0.03043
findeth	0.03033
fron	0.03012
Froebel	0.03005
Fallujah	0.03005
ferreted	0.02995
Furukawa	0.02986
flack	0.02983
foppish	0.02957
Froissart	0.02936
façon	0.02928
fistfights	0.02927
Fig.4	0.02916
fudged	0.02914
flowerpots	0.02907
fogging	0.02902
firstcentury	0.02899
freethinking	0.02897
feints	0.02876
fames	0.02873
foiling	0.02864
firstperson	0.02861
flummoxed	0.02860
fainthearted	0.02853
furlongs	0.02848
frolicsome	0.02838
fraternize	0.02832
Facultad	0.02815
F.T.	0.02797
freethinkers	0.02785
Fahr	0.02775
foolhardiness	0.02764
Farnese	0.02764
figureheads	0.02763
Fenian	0.02762
fraternization	0.02757
Flavia	0.02745
flirty	0.02739
fusible	0.02736
Foxe	0.02695
finalise	0.02683
foreshore	0.02677
FRG	0.02677
floured	0.02676
freebies	0.02649
fatalist	0.02644
frumpy	0.02630
foible	0.02611
fea	0.02604
feeblest	0.02600
freights	0.02590
flipper	0.02578
Freetown	0.02557
fiendishly	0.02547
Ferrers	0.02539
fourpence	0.02538
foghorn	0.02538
fairytales	0.02537
fraternizing	0.02520
froid	0.02512
flavonoids	0.02495
fervency	0.02487
Findley	0.02470
footsore	0.02450
fixating	0.02430
fecit	0.02404
fretfully	0.02399
Frobisher	0.02394
fissile	0.02387
flurried	0.02376
Fordyce	0.02372
flaxseed	0.02371
feci	0.02365
faultlessly	0.02346
flaying	0.02345
fustian	0.02345
Fortes	0.02344
fagged	0.02342
frisking	0.02340
forgoes	0.02327
firming	0.02313
futurists	0.02307
facit	0.02300
freethinker	0.02286
flounces	0.02273
fulminated	0.02273
frequenters	0.02261
fanner	0.02257
Ferrero	0.02223
fireballs	0.02216
Falkner	0.02139
fess	0.02129
Fenians	0.02084
fiver	0.02064
fulminating	0.02063
fanciest	0.02059
fixedness	0.02050
firesides	0.02046
Freiherr	0.02033
frenzies	0.02022
forsworn	0.02015
ferred	0.02005
Ferri	0.01999
Fessenden	0.01976
flours	0.01973
fluffing	0.01936
foresail	0.01921
Folge	0.01903
fridges	0.01900
Follette	0.01885
Fauntleroy	0.01864
fundament	0.01858
Faneuil	0.01832
Françoise	0.01825
felicitously	0.01819
faddish	0.01817
frighted	0.01817
fl.	0.01802
Fontenoy	0.01797
foure	0.01794
Falkirk	0.01793
Frisian	0.01793
flimsiest	0.01793
falleth	0.01785
felicities	0.01782
Florio	0.01780
fatuity	0.01769
fiom	0.01763
freakin	0.01758
fizzing	0.01731
flagons	0.01731
foolery	0.01723
Franciscus	0.01709
fortytwo	0.01692
faite	0.01690
fledging	0.01688
Fontenelle	0.01662
forepaws	0.01658
fagots	0.01647
fifes	0.01642
Farouk	0.01638
Farwell	0.01619
farthings	0.01612
farrier	0.01602
Farnborough	0.01600
Fitzherbert	0.01598
Frome	0.01597
freelancing	0.01594
fori	0.01587
Flaccus	0.01586
Flaxman	0.01572
farre	0.01565
famishing	0.01559
Fiesole	0.01548
fanciers	0.01531
faindy	0.01519
fleshless	0.01512
finde	0.01506
frostbitten	0.01502
fencer	0.01490
fixin	0.01487
Fothergill	0.01483
Fasti	0.01474
flipside	0.01473
Fingal	0.01471
fuerit	0.01464
Fibonacci	0.01459
frescoed	0.01457
Finsbury	0.01432
freestone	0.01432
fidgets	0.01431
fill'd	0.01429
footboard	0.01429
fetishization	0.01409
fonnd	0.01408
foredoomed	0.01408
facte	0.01401
foemen	0.01400
formance	0.01384
Fehr	0.01374
Fronde	0.01373
ferruginous	0.01363
foeman	0.01361
fertilizes	0.01361
fakir	0.01360
floggings	0.01359
F9	0.01350
flounders	0.01342
foxglove	0.01337
forjudging	0.01331
familiarities	0.01328
Fagin	0.01318
firstrate	0.01317
fruitage	0.01314
followeth	0.01312
foundlings	0.01309
freshet	0.01299
fix'd	0.01298
fidem	0.01286
farrago	0.01273
fistfuls	0.01271
feeler	0.01239
fanged	0.01233
fudging	0.01210
Fricke	0.01208
fugues	0.01207
facere	0.01196
FACS	0.01194
folie	0.01192
faites	0.01189
Fulda	0.01185
Frohlich	0.01183
frequenter	0.01169
Fortunatus	0.01165
Flodden	0.01164
forearmed	0.01152
freeholder	0.01118
forborne	0.01118
Freudians	0.01116
Fig.1	0.01113
ferrule	0.01112
fabricator	0.01111
freefall	0.01106
Finchley	0.01106
feme	0.01103
form'd	0.01099
firstfruits	0.01089
flounce	0.01077
fuisse	0.01077
froward	0.01077
frothed	0.01070
fumigated	0.01068
Frederica	0.01040
Flickr	0.01039
fluting	0.01037
Frascati	0.01031
F.S.A.	0.01026
farinaceous	0.01016
freshets	0.01008
fordable	0.01008
Fia	0.01006
Fundy	0.01005
foliated	0.01004
florin	0.01002
finny	0.01001
filles	0.009969
faute	0.009854
footmarks	0.009811
faileth	0.009753
flails	0.009692
Furioso	0.009598
filibusters	0.009416
fruited	0.009390
fifty7	0.009349
forefeet	0.009345
fel	0.009179
freebooter	0.009170
fleetness	0.009152
footway	0.009078
fellowcreatures	0.009078
fec	0.009071
fabricates	0.009064
fetich	0.009048
fretfulness	0.009013
fretwork	0.008958
Freitag	0.008947
follow'd	0.008914
federative	0.008909
feare	0.008898
fallows	0.008844
flunking	0.008824
fops	0.008820
fraid	0.008779
forbad	0.008748
fid	0.008642
freeholds	0.008629
fleetest	0.008626
Flavian	0.008478
Fachaufsätze	0.008418
fertilising	0.008413
fasces	0.008411
fellowcitizens	0.008310
forepart	0.008274
Firmin	0.008260
Faroe	0.008195
familiarised	0.008137
foreboded	0.008121
flagitious	0.008115
flintlock	0.008052
felicitations	0.008038
fonr	0.007996
fauns	0.007991
flowerbed	0.007971
flagrante	0.007908
falteringly	0.007868
founts	0.007856
furloughs	0.007852
fibs	0.007832
fays	0.007789
fata	0.007778
fledglings	0.007778
fastings	0.007771
fakery	0.007692
fakirs	0.007627
frizzled	0.007598
fear'd	0.007564
frowsy	0.007531
foppery	0.007527
fagot	0.007517
framer	0.007419
furl	0.007392
falsifications	0.007336
Ficus	0.007331
fader	0.007268
fortyseven	0.007250
fanes	0.007217
fcr	0.007208
flappers	0.007190
Frenchwomen	0.007178
fiftyfive	0.007172
foetid	0.007136
fascinatingly	0.007114
fallowing	0.007107
fitters	0.007086
flyin	0.007051
flinches	0.007044
flashbulbs	0.007015
formalists	0.006949
Foix	0.006927
floodwater	0.006916
farted	0.006893
frippery	0.006842
fal	0.006828
Frankreich	0.006734
finials	0.006720
fadier	0.006682
fera	0.006662
for'ard	0.006651
frights	0.006635
filch	0.006577
fireless	0.006570
famish	0.006525
fertilise	0.006501
foolin	0.006438
footpads	0.006357
fellowman	0.006317
fouler	0.006299
feloniously	0.006287
facetiousness	0.006243
Frédéric	0.006155
foresaid	0.006088
frankest	0.006076
fallin	0.005982
frigidly	0.005953
feverishness	0.005946
fructify	0.005906
forebore	0.005901
fishmongers	0.005894
foursquare	0.005859
flotillas	0.005850
finegrained	0.005789
foller	0.005784
flyleaf	0.005744
fusty	0.005711
fullgrown	0.005710
fogies	0.005701
fooleries	0.005688
fof	0.005688
flatteringly	0.005628
frailer	0.005609
foreknew	0.005607
fadeless	0.005605
flavouring	0.005540
feebleminded	0.005527
flatulent	0.005513
faroff	0.005509
fino	0.005430
fuchsias	0.005419
flowerets	0.005417
Faugh	0.005401
fortythree	0.005392
fraternized	0.005349
flanged	0.005345
fathoming	0.005329
fetlocks	0.005324
feareth	0.005311
Franche	0.005311
fussiness	0.005311
festa	0.005309
filthiest	0.005286
Franzen	0.005273
feeing	0.005246
fluster	0.005241
Faria	0.005234
flattish	0.005226
flattest	0.005206
fishin	0.005194
fleecing	0.005107
fightings	0.005105
fewness	0.005087
ferule	0.005087
flouts	0.005077
felicitate	0.005069
forebode	0.005068
fiats	0.005062
fication	0.005051
fectly	0.005046
fortyfour	0.005026
feinted	0.005023
filleth	0.005008
foule	0.005004
ferny	0.005004
fatuously	0.004995
fered	0.004992
furbelows	0.004959
fbr	0.004956
fettle	0.004936
finical	0.004934
filius	0.004932
fellowcountrymen	0.004916
fashionables	0.004900
flutterings	0.004853
filibustering	0.004840
fouud	0.004828
farseeing	0.004786
fetlock	0.004696
figger	0.004658
frittering	0.004622
fête	0.004617
forlornness	0.004611
feedeth	0.004610
fraternally	0.004602
flummery	0.004546
fettering	0.004525
foregathered	0.004523
forwardlooking	0.004500
furthermost	0.004496
funnily	0.004496
Foreland	0.004438
frailest	0.004433
foregoes	0.004422
fulminations	0.004391
fruidess	0.004310
frenetically	0.004276
for't	0.004263
fattens	0.004247
fortissimo	0.004233
freighting	0.004186
fleshpots	0.004166
fai	0.004164
finem	0.004142
foisting	0.004135
fpr	0.004101
freshens	0.004043
forestalls	0.004027
fand	0.003996
fiftytwo	0.003953
faisant	0.003868
fulling	0.003867
ferme	0.003821
flie	0.003814
fui	0.003811
feedback@echo-library.com	0.003747
foun	0.003720
Finisterre	0.003706
fco	0.003688
fulminate	0.003632
Faculte	0.003551
fash	0.003536
federate	0.003520
fais	0.003437
fon	0.003399
fini	0.003360
festoon	0.003329
findin	0.003315
freeness	0.003309
fadeth	0.003300
filleted	0.003295
Fve	0.003255
flambeaux	0.003215
fet	0.003210
firelock	0.003179
fandango	0.003160
foots	0.003149
fuddled	0.003124
flics	0.003102
foretop	0.003053
floury	0.003042
familias	0.002932
fice	0.002858
fii	0.002842
FBOM	0.002793
fall'n	0.002784
firet	0.002781
fossilised	0.002752
frise	0.002747
fructifying	0.002718
fatuus	0.002712
flic	0.002644
fier	0.002626
fif	0.002552
fricassee	0.002518
firstgeneration	0.002489
floodlit	0.002474
footnoted	0.002357
fect	0.002357
flunky	0.002346
funnelled	0.002339
fusses	0.002227
fastfood	0.002220
flab	0.002215
fleeter	0.002202
franker	0.002191
Frenchified	0.002180
furbished	0.002179
fogy	0.002175
fibbing	0.002142
ftom	0.002132
fte	0.002117
frays	0.002099
fluttery	0.002099
filching	0.002076
firat	0.002043
funda	0.002011
fiveand	0.001986
