the	2.419e+4
to	9598
that	4084
this	1839
they	1212
their	1020
there	770.3
these	598.7
time	596.6
them	560.0
than	544.0
two	480.5
then	458.8
through	345.8
those	312.7
three	228.8
take	204.9
too	193.6
think	165.6
thought	154.1
thus	142.8
though	139.0
things	137.8
table	132.1
times	119.8
took	118.6
told	104.1
together	103.8
therefore	103.8
type	101.9
taken	98.65
true	93.32
themselves	92.83
terms	92.52
tell	91.72
thing	89.33
theory	87.30
term	86.94
total	80.85
treatment	78.46
third	76.70
toward	75.14
turned	74.92
t	74.71
turn	72.49
test	72.15
trade	69.10
today	67.65
text	66.20
taking	65.43
top	64.53
truth	56.29
training	56.23
technology	56.04
types	55.34
thinking	55.00
tax	54.80
town	54.68
try	53.68
talk	53.52
towards	50.15
ten	50.07
twenty	49.79
trying	47.95
throughout	47.84
tried	46.25
traditional	45.83
team	45.48
takes	44.62
task	43.54
temperature	39.74
teaching	38.54
trust	38.54
teachers	37.99
Thomas	37.07
T.	36.85
teacher	36.85
tree	36.17
title	32.88
techniques	32.72
tradition	31.42
thousand	31.13
therapy	31.12
trial	31.04
transfer	30.48
talking	30.36
trees	30.13
technical	28.67
target	28.62
treated	28.37
tools	28.11
thoughts	27.41
thirty	26.98
tests	26.61
television	25.34
testing	25.12
travel	24.90
typical	24.88
typically	24.66
technique	23.80
thank	23.66
tool	23.58
trouble	23.47
touch	22.65
tend	22.42
taught	21.42
till	21.25
turning	21.21
transport	21.15
transition	21.09
tissue	20.85
telling	20.62
train	20.56
tasks	20.08
truly	20.06
texts	20.01
temple	19.87
troops	19.83
theories	19.44
theoretical	19.39
track	19.19
thanks	18.93
thin	18.92
Tom	18.74
threat	18.61
tone	18.56
thousands	18.38
trip	17.85
transformation	17.74
twelve	17.64
tells	17.58
translation	17.44
teach	17.26
twice	17.19
traffic	17.16
Texas	17.06
thick	17.06
tables	16.80
territory	16.79
tears	16.74
thou	16.51
turns	16.39
treaty	16.08
taxes	16.00
telephone	15.94
taste	15.90
thereby	15.74
treat	15.72
topic	15.66
technologies	15.57
talked	15.54
theme	15.33
twentieth	15.30
TV	15.20
transmission	14.92
tea	14.60
thy	14.45
tall	14.38
teeth	14.27
tendency	13.95
traditions	13.76
tension	13.63
theatre	13.55
transactions	13.50
transaction	13.40
tiny	13.38
Taylor	13.33
trained	13.13
trading	13.09
trans	13.07
tongue	12.74
temporary	12.63
trends	12.59
theology	12.52
translated	12.42
totally	12.39
trail	12.38
terrible	12.24
tomorrow	12.12
tired	12.07
tube	11.91
tip	11.89
towns	11.88
transportation	11.73
tested	11.56
trials	11.48
teams	11.42
throw	11.41
topics	11.34
technological	11.29
testimony	11.29
thinks	11.27
trend	11.23
tied	11.12
thee	11.04
temporal	10.90
trace	10.82
tour	10.79
touched	10.77
thesis	10.61
threw	10.60
throat	10.55
transferred	10.51
threatened	10.49
Testament	10.39
tight	10.35
theater	10.09
tower	10.06
themes	9.935
thrown	9.922
tale	9.881
transformed	9.872
tape	9.705
truck	9.515
tourism	9.347
terminal	9.299
tends	9.208
tumor	9.201
thermal	9.186
threshold	9.147
tonight	9.075
targets	9.064
terror	8.990
tail	8.987
thoroughly	8.936
transmitted	8.872
ties	8.868
temperatures	8.827
Turkey	8.663
trauma	8.622
therapeutic	8.599
theological	8.599
thickness	8.147
titles	8.141
terrorism	8.124
tobacco	8.065
tended	8.063
tribes	7.993
tie	7.886
tender	7.883
timing	7.830
tank	7.820
transform	7.781
threats	7.766
tales	7.685
Thompson	7.666
tough	7.649
treatments	7.611
tolerance	7.583
tissues	7.427
talent	7.393
traditionally	7.385
tract	7.316
Toronto	7.310
traits	7.237
threatening	7.178
tragedy	7.138
Tony	7.122
tracks	7.096
thread	7.077
therapist	7.015
throne	6.907
treating	6.884
talks	6.833
tips	6.785
traveling	6.707
tribe	6.690
tab	6.620
tries	6.609
treasury	6.523
Tel	6.486
Taiwan	6.476
tropical	6.443
thrust	6.380
Turkish	6.364
tribal	6.344
territories	6.290
tremendous	6.236
tag	6.128
terrorist	6.099
thereafter	6.084
traveled	6.080
Turner	6.035
triumph	6.031
Tokyo	5.983
territorial	5.923
trigger	5.872
toxic	5.868
taxation	5.866
touching	5.864
tide	5.838
tumors	5.816
thirteen	5.811
trap	5.765
throwing	5.743
tightly	5.714
targeted	5.695
termed	5.681
termination	5.663
tracking	5.657
torn	5.652
trunk	5.647
twin	5.642
traces	5.641
template	5.632
timber	5.622
tear	5.620
trips	5.604
tent	5.603
tunnel	5.583
thereof	5.570
trusted	5.535
thorough	5.532
Tim	5.529
tactics	5.524
tons	5.514
th	5.417
tourist	5.375
texture	5.274
Tennessee	5.255
troubled	5.248
transfers	5.237
ticket	5.220
truths	5.215
triangle	5.193
transparent	5.189
tense	5.063
thumb	5.030
tech	4.995
treasure	4.987
tensions	4.971
tanks	4.934
tragic	4.930
tune	4.907
torture	4.877
travels	4.877
teachings	4.874
tomb	4.872
traced	4.866
tin	4.852
trick	4.786
traders	4.780
tenth	4.702
tribunal	4.649
terminology	4.647
temporarily	4.646
theorem	4.636
Thailand	4.634
tubes	4.628
te	4.580
transitions	4.561
temper	4.558
temples	4.503
trapped	4.485
twisted	4.466
taxpayer	4.464
tourists	4.407
tendencies	4.363
taxable	4.316
theorists	4.292
talents	4.280
thirds	4.240
treaties	4.215
telecommunications	4.200
traumatic	4.196
tooth	4.181
tap	4.143
temptation	4.142
Ted	4.140
tones	4.123
Terry	4.109
transient	4.108
teaches	4.102
toxicity	4.084
transcription	4.080
transnational	4.080
textual	4.076
terrain	4.074
transformations	4.049
translate	4.037
trains	3.988
troubles	3.971
Trinity	3.969
trustee	3.958
Thai	3.956
transparency	3.942
travelling	3.906
ta	3.897
tenure	3.889
translations	3.881
Tuesday	3.880
transforming	3.856
tenant	3.845
Thursday	3.836
tossed	3.821
transit	3.816
tiger	3.814
turnover	3.766
tribute	3.755
theft	3.754
token	3.740
twins	3.732
tennis	3.729
tariff	3.714
treatise	3.706
towers	3.701
trait	3.697
thyroid	3.696
thunder	3.649
theirs	3.647
tickets	3.634
tangible	3.626
toys	3.618
trembling	3.610
timely	3.610
tempted	3.586
textbook	3.586
transported	3.569
tours	3.568
Torah	3.547
triple	3.539
tho	3.527
trucks	3.515
Timothy	3.510
toll	3.481
terrorists	3.473
tan	3.461
thinkers	3.450
twist	3.440
therein	3.438
Tommy	3.430
toilet	3.422
traded	3.410
Thomson	3.404
ti	3.404
toy	3.401
threads	3.397
tastes	3.392
trademark	3.357
twelfth	3.344
technically	3.342
Theodore	3.326
tenants	3.318
trustees	3.313
ton	3.308
theoretically	3.300
threaten	3.297
toes	3.292
triggered	3.280
theatrical	3.263
TCP	3.233
tion	3.222
trivial	3.218
trades	3.210
trusts	3.204
tray	3.197
tags	3.195
transverse	3.182
transplantation	3.179
transmit	3.177
thoughtful	3.156
targeting	3.155
toe	3.151
titled	3.080
tr	3.076
therapists	3.056
tuition	3.052
telegraph	3.050
tis	3.046
treats	3.021
tolerate	3.012
therapies	3.005
taxi	2.991
transitional	2.990
travelled	2.971
teens	2.964
terminated	2.961
textile	2.958
throws	2.958
Truman	2.952
touches	2.951
tuberculosis	2.941
travelers	2.937
tenderness	2.920
Tribune	2.900
talented	2.895
Todd	2.892
trails	2.891
trajectory	2.886
thirteenth	2.882
teenagers	2.882
tracing	2.878
textbooks	2.870
tricks	2.867
Turks	2.855
tops	2.848
teaspoon	2.825
toolbar	2.824
terribly	2.815
thanked	2.785
tactical	2.774
tor	2.768
testify	2.764
terrified	2.752
tens	2.749
trim	2.744
trout	2.719
tier	2.718
teenage	2.713
towel	2.670
trash	2.666
terrace	2.662
tucked	2.653
tore	2.651
temperament	2.647
terrestrial	2.623
tomato	2.622
turbulent	2.612
Tyler	2.600
tablets	2.597
tyranny	2.593
tire	2.583
tackle	2.572
terminate	2.559
transplant	2.538
thence	2.535
treasures	2.526
tablespoons	2.526
teen	2.518
thief	2.518
testified	2.516
thirst	2.506
tolerated	2.490
templates	2.461
thigh	2.434
travellers	2.423
tuning	2.421
telescope	2.399
Tibetan	2.387
tomatoes	2.386
transcript	2.384
topical	2.376
tongues	2.372
taxpayers	2.370
trousers	2.365
tariffs	2.364
tracts	2.364
typing	2.357
theologians	2.341
transferring	2.330
tapes	2.321
trench	2.321
thanksgiving	2.297
transcendental	2.293
tort	2.272
tapped	2.270
traps	2.266
tu	2.264
Tamil	2.260
translator	2.257
tertiary	2.254
Teresa	2.231
tents	2.216
tile	2.204
thematic	2.202
tiles	2.195
trader	2.192
troop	2.190
tolerant	2.184
Tibet	2.175
tidal	2.173
toast	2.171
thighs	2.167
Troy	2.155
triangular	2.150
trusting	2.146
turmoil	2.137
triggers	2.134
twilight	2.131
tentative	2.117
tub	2.112
telegram	2.111
tails	2.104
thankful	2.095
tearing	2.092
township	2.084
textiles	2.084
tendon	2.077
tutor	2.065
terminals	2.061
totality	2.046
Tucker	2.046
teenager	2.040
TC	2.030
trailer	2.024
treason	2.013
translating	1.993
tempting	1.991
thoracic	1.986
turbulence	1.977
taxed	1.976
topology	1.968
ts	1.965
TX	1.960
tasted	1.958
thieves	1.955
threatens	1.949
tombs	1.944
tl	1.943
tailored	1.935
traveller	1.932
turtle	1.931
transforms	1.927
torque	1.917
tempered	1.914
tortured	1.911
tires	1.908
typed	1.898
toss	1.897
tapping	1.890
tightened	1.886
trafficking	1.884
twenties	1.876
Tanzania	1.870
traveler	1.870
thine	1.869
translates	1.869
technicians	1.859
tomography	1.857
taller	1.850
transcendent	1.847
triangles	1.846
torch	1.841
tensile	1.834
thrive	1.830
tipped	1.829
troublesome	1.827
tuned	1.818
temperate	1.816
thrill	1.815
tending	1.813
twisting	1.812
terrific	1.803
testosterone	1.797
tavern	1.796
timeline	1.793
trenches	1.791
tilted	1.781
TM	1.777
trumpet	1.776
transmitter	1.772
topped	1.765
Thames	1.758
tablet	1.758
topography	1.758
treasurer	1.756
tournament	1.755
tbe	1.754
triumphant	1.747
tilt	1.739
Teddy	1.739
tedious	1.735
Tracy	1.730
Tang	1.725
tailor	1.724
thrilled	1.719
trademarks	1.716
thinker	1.713
tempo	1.694
tactic	1.680
throughput	1.673
turf	1.669
tacit	1.666
trunks	1.665
toil	1.663
tar	1.655
theaters	1.653
transmitting	1.649
trainer	1.640
tying	1.639
trembled	1.639
terrifying	1.627
toxins	1.622
troubling	1.616
transcendence	1.613
Twain	1.598
tracked	1.589
thirties	1.588
trajectories	1.586
trailing	1.583
tick	1.574
transcripts	1.570
transgenic	1.567
trimmed	1.566
teasing	1.544
Tory	1.544
transcend	1.540
tides	1.539
Trent	1.539
timer	1.525
Taliban	1.525
technician	1.524
temperance	1.517
Thatcher	1.509
tangled	1.507
thresholds	1.504
typology	1.499
taxonomy	1.496
trio	1.488
trance	1.485
toxin	1.482
totals	1.482
tablespoon	1.481
thrombosis	1.480
tunnels	1.474
tunes	1.472
Tina	1.467
turbine	1.464
ter	1.464
tonic	1.461
takeover	1.455
tigers	1.449
tout	1.448
theatres	1.445
thicker	1.444
tn	1.432
tailed	1.428
tread	1.424
thoughtfully	1.423
tractor	1.420
tenets	1.417
Trinidad	1.412
transistor	1.409
TB	1.407
Travis	1.407
T2	1.405
tenor	1.403
trek	1.403
tt	1.399
transference	1.399
tossing	1.397
timid	1.396
torment	1.395
towels	1.393
trustworthy	1.382
tubular	1.380
terra	1.379
troubleshooting	1.377
traitor	1.371
teller	1.371
theologian	1.366
thirdly	1.366
traction	1.364
tumour	1.362
tokens	1.359
thorn	1.359
thriving	1.352
tyrant	1.350
Trevor	1.343
Tate	1.343
Thornton	1.338
taboo	1.338
tricky	1.336
towering	1.325
treatises	1.315
teased	1.313
traverse	1.313
timed	1.312
thinner	1.308
twofold	1.305
tandem	1.305
tighter	1.298
transporting	1.295
temptations	1.292
Tara	1.291
touring	1.279
Titus	1.279
Toby	1.279
thirsty	1.278
tow	1.278
tame	1.278
ther	1.270
transfusion	1.265
transgression	1.256
tug	1.252
timeless	1.250
til	1.242
tempest	1.241
Tudor	1.241
trapping	1.237
teamwork	1.235
ty	1.233
treacherous	1.231
tribunals	1.231
Tanner	1.231
titanium	1.231
truthful	1.228
thereto	1.223
trainers	1.223
tachycardia	1.220
torso	1.218
thermodynamic	1.216
tuna	1.214
transformer	1.211
tutorial	1.208
tonnes	1.207
tremble	1.207
Tucson	1.203
tee	1.202
tropics	1.200
trillion	1.195
trough	1.189
theorist	1.187
Toyota	1.186
Theresa	1.181
tragedies	1.175
tabs	1.175
telephones	1.172
thither	1.171
thermometer	1.169
toleration	1.169
textures	1.166
tasting	1.156
tack	1.155
treachery	1.151
Toledo	1.145
Tai	1.143
truce	1.142
triggering	1.141
tumbled	1.138
Thoreau	1.138
Taft	1.136
tugged	1.135
translators	1.132
tensor	1.129
transcribed	1.127
triad	1.122
tubing	1.121
Torres	1.120
Townsend	1.120
Talmud	1.111
transports	1.108
tenderly	1.107
transformative	1.105
TJ	1.101
tightening	1.099
tsar	1.094
triumphs	1.093
theorizing	1.092
telecom	1.088
tighten	1.087
tangent	1.084
Timor	1.084
totalitarian	1.083
theses	1.083
tions	1.081
terminating	1.078
thereupon	1.077
trailed	1.075
Turk	1.073
tremor	1.068
turtles	1.061
transcends	1.059
tidy	1.056
thinly	1.053
tri	1.052
Tess	1.051
traversed	1.048
taped	1.048
trophy	1.043
trainees	1.042
tremendously	1.039
taxa	1.034
transactional	1.025
tumours	1.022
tranquil	1.022
Talbot	1.021
tentatively	1.019
thinning	1.012
tolerable	1.010
thorns	1.009
Toni	1.008
tumbling	1.004
Taiwanese	1.003
thumbs	1.001
thickening	0.9978
toddler	0.9955
tyrosine	0.9921
tapestry	0.9918
thermodynamics	0.9917
transplanted	0.9881
tactile	0.9839
tormented	0.9813
trifle	0.9787
throng	0.9755
tainted	0.9730
Technol	0.9728
temps	0.9698
tagged	0.9675
transatlantic	0.9643
TP	0.9627
Taipei	0.9595
thrilling	0.9567
terminus	0.9557
terraces	0.9544
tease	0.9501
transduction	0.9488
telecommunication	0.9453
tonal	0.9414
truncated	0.9413
tutors	0.9381
testimonies	0.9324
Trojan	0.9316
tabernacle	0.9310
thwarted	0.9302
toddlers	0.9281
terminates	0.9276
throbbing	0.9263
thanking	0.9206
transmissions	0.9189
toolbox	0.9188
torrent	0.9159
Tunisia	0.9153
trilogy	0.9140
Tolstoy	0.9116
twigs	0.9095
tendons	0.9091
tlie	0.9089
transducer	0.9086
teaspoons	0.9082
Turin	0.9068
Theo	0.9059
trays	0.9053
Tao	0.9016
Tennyson	0.8980
taxing	0.8971
tackled	0.8956
Tocqueville	0.8938
thankfully	0.8929
trump	0.8893
trifling	0.8890
Tristan	0.8831
thyself	0.8829
tuck	0.8794
tact	0.8791
thickened	0.8784
toilets	0.8763
taps	0.8762
tackling	0.8757
tenuous	0.8747
torpedo	0.8729
turnout	0.8715
transitory	0.8715
thereon	0.8713
taut	0.8706
tenancy	0.8670
twists	0.8670
toxicology	0.8669
thrift	0.8650
tutoring	0.8609
threaded	0.8599
transistors	0.8534
tumble	0.8512
trimester	0.8511
tangle	0.8475
transcriptional	0.8435
TD	0.8429
Tiffany	0.8421
throats	0.8417
tramp	0.8414
tranquillity	0.8399
twas	0.8376
Tex.	0.8376
Tehran	0.8374
tougher	0.8368
tit	0.8365
tally	0.8322
timetable	0.8303
thickly	0.8251
Tampa	0.8247
Terence	0.8231
tunic	0.8226
trickle	0.8173
tyre	0.8168
transformational	0.8153
tasty	0.8124
traitors	0.8118
translucent	0.8117
technologically	0.8108
typewriter	0.8075
tunneling	0.8057
toughness	0.8017
trumpets	0.7991
torches	0.7977
troopers	0.7976
tidings	0.7935
topographic	0.7907
thi	0.7898
threefold	0.7868
tributary	0.7852
Tanaka	0.7848
transmits	0.7847
transpired	0.7847
tempt	0.7840
throttle	0.7821
tattoo	0.7745
Tito	0.7713
torts	0.7683
TNF	0.7670
thrusting	0.7658
tumult	0.7638
trot	0.7630
Titanic	0.7623
tectonic	0.7614
testifies	0.7602
T1	0.7601
taxonomic	0.7595
terrors	0.7593
teammates	0.7556
toured	0.7520
tiers	0.7470
tf	0.7427
Tomas	0.7424
trespass	0.7412
topological	0.7377
toad	0.7377
tripartite	0.7359
transitive	0.7324
tinged	0.7311
treasured	0.7296
tipping	0.7278
telescopes	0.7261
testifying	0.7233
trampled	0.7232
tripped	0.7214
transgressions	0.7204
Thebes	0.7188
translocation	0.7144
tattered	0.7129
theoretic	0.7129
tornado	0.7123
tributaries	0.7112
tenet	0.7095
tat	0.7095
tangential	0.7090
triumphantly	0.7082
tinted	0.7076
trope	0.7068
thwart	0.7057
transposition	0.7041
tracer	0.7005
transporter	0.6998
Theodor	0.6953
tortoise	0.6944
tantamount	0.6929
Tyson	0.6927
tha	0.6926
tapered	0.6886
trimming	0.6877
TG	0.6876
tibia	0.6875
transcending	0.6847
timbers	0.6840
trappings	0.6835
trolley	0.6835
timers	0.6828
tibial	0.6828
Tories	0.6827
tumultuous	0.6827
Tanya	0.6824
trotted	0.6820
thrice	0.6812
tyrants	0.6807
thicket	0.6804
transplants	0.6773
textured	0.6769
tingling	0.6762
tres	0.6751
tenacity	0.6723
temporally	0.6713
tem	0.6707
temp	0.6688
thev	0.6673
Trotsky	0.6653
Thorpe	0.6636
tilting	0.6635
Tubingen	0.6635
topping	0.6633
topographical	0.6633
transcended	0.6631
tanned	0.6631
Toulouse	0.6622
truthfully	0.6619
tester	0.6581
Tobias	0.6572
theorems	0.6571
typhoid	0.6571
telephoned	0.6566
tallest	0.6551
toolkit	0.6550
tyrannical	0.6550
televised	0.6544
Tacitus	0.6536
turnaround	0.6528
troupe	0.6528
tal	0.6513
turbines	0.6499
trachea	0.6487
turquoise	0.6470
taper	0.6451
translational	0.6442
transferable	0.6378
tufts	0.6370
ticking	0.6342
twinkling	0.6342
tint	0.6339
toned	0.6324
thaw	0.6310
tome	0.6303
takers	0.6299
trainee	0.6278
temporality	0.6272
tightness	0.6268
Taurus	0.6261
tragically	0.6239
turret	0.6231
tinker	0.6218
tsunami	0.6213
tranquility	0.6212
thrived	0.6196
T4	0.6192
tung	0.6171
thud	0.6171
travail	0.6169
tacitly	0.6162
trooper	0.6158
Tolkien	0.6154
tiled	0.6144
tart	0.6134
ting	0.6122
tot	0.6116
Thucydides	0.6116
triumphed	0.6101
tne	0.6086
terre	0.6070
T3	0.6070
teleological	0.6067
toasted	0.6059
tableau	0.6052
townspeople	0.6050
touchstone	0.6028
taboos	0.6013
traversing	0.6011
tad	0.6011
testicular	0.5997
Tiberius	0.5983
truthfulness	0.5976
tous	0.5931
tractors	0.5924
tungsten	0.5918
totaled	0.5870
Tobin	0.5865
Trenton	0.5850
torsion	0.5845
taxis	0.5841
tweed	0.5837
thalamus	0.5834
transmitters	0.5833
tra	0.5822
T.J.	0.5761
telephony	0.5744
tugging	0.5734
tau	0.5720
tournaments	0.5720
testator	0.5714
ticks	0.5694
Tilly	0.5667
trustworthiness	0.5662
Tong	0.5660
totalitarianism	0.5639
thorny	0.5597
therefrom	0.5596
townships	0.5585
Tuscany	0.5584
tripod	0.5563
twitching	0.5546
trophic	0.5531
tram	0.5518
tropes	0.5516
thorax	0.5505
tiring	0.5496
typified	0.5494
therapeutics	0.5494
tiresome	0.5487
Terri	0.5471
Tasmania	0.5465
testes	0.5456
tenacious	0.5447
thatched	0.5442
theorized	0.5440
Thorne	0.5434
thrusts	0.5410
truer	0.5406
tireless	0.5400
tanker	0.5395
tensed	0.5376
Transvaal	0.5370
teeming	0.5365
tinge	0.5365
Titan	0.5353
thinned	0.5351
thundered	0.5344
transmembrane	0.5321
thugs	0.5321
trophies	0.5318
Turnbull	0.5314
thrombocytopenia	0.5306
twig	0.5294
Tomlinson	0.5288
tailoring	0.5287
tic	0.5270
Testaments	0.5270
totem	0.5268
tricked	0.5266
twinkle	0.5253
taint	0.5244
Turing	0.5242
traceable	0.5240
tenement	0.5239
thyme	0.5236
tubules	0.5223
twitched	0.5213
twitch	0.5213
toughest	0.5202
typeface	0.5193
toppled	0.5186
Tammy	0.5185
touted	0.5179
tam	0.5178
transformers	0.5171
tins	0.5155
Takahashi	0.5150
tillage	0.5148
takeoff	0.5113
Toxicol	0.5111
tamed	0.5111
Thayer	0.5079
teas	0.5068
testis	0.5066
trans.	0.5066
trailers	0.5066
Tyrone	0.5065
traumatized	0.5051
thump	0.5047
taping	0.5046
tattoos	0.5045
triangulation	0.5030
Tripoli	0.5024
totaling	0.5012
tonnage	0.5010
terminally	0.5009
Thor	0.5008
tribulation	0.5002
thumbnail	0.4995
T.C.	0.4984
tentacles	0.4983
tagging	0.4981
Tagore	0.4968
thundering	0.4966
tabloid	0.4955
tiered	0.4950
typeset	0.4947
triumphal	0.4947
tolerably	0.4937
Tamara	0.4933
taker	0.4931
Thelma	0.4917
tierra	0.4906
towed	0.4900
thumping	0.4897
trod	0.4893
taming	0.4882
titration	0.4874
thoughtless	0.4861
trois	0.4852
Tarzan	0.4847
tolerances	0.4832
trepidation	0.4828
turban	0.4827
Thackeray	0.4820
triplet	0.4818
Titian	0.4804
Tunis	0.4803
Tracey	0.4799
tripping	0.4789
Tulsa	0.4787
tundra	0.4785
tabulated	0.4769
thicknesses	0.4768
Tzu	0.4755
Tex	0.4751
tetanus	0.4748
tethered	0.4746
therewith	0.4744
turkeys	0.4739
torments	0.4736
tutorials	0.4735
testimonial	0.4725
tortuous	0.4717
telegrams	0.4717
Tertullian	0.4695
thermally	0.4687
tapering	0.4682
tearful	0.4674
tenths	0.4669
treadmill	0.4669
tombstone	0.4667
tithe	0.4665
Tobago	0.4661
truest	0.4652
Tenn.	0.4652
truss	0.4651
trudged	0.4647
theologically	0.4638
tendered	0.4632
tremors	0.4628
Tibetans	0.4616
throes	0.4591
Tajikistan	0.4591
transporters	0.4587
tradesmen	0.4571
tubs	0.4557
triglycerides	0.4550
Teutonic	0.4519
tolls	0.4516
Torre	0.4509
tarnished	0.4495
toothpaste	0.4492
Thessalonians	0.4487
Texans	0.4485
tempers	0.4484
tortures	0.4484
techno	0.4483
thrives	0.4482
TQM	0.4482
trodden	0.4478
transposed	0.4475
transferee	0.4460
thru	0.4458
thunderstorm	0.4447
toothed	0.4438
tartar	0.4436
Texan	0.4428
trigeminal	0.4426
tripled	0.4425
tutelage	0.4421
transfusions	0.4420
treading	0.4413
tickled	0.4412
trendy	0.4411
tantalizing	0.4402
tithes	0.4398
thrashing	0.4390
tango	0.4388
Tod	0.4384
timidity	0.4333
TK	0.4312
Tahiti	0.4301
taverns	0.4269
T.M.	0.4269
turnpike	0.4263
Travers	0.4256
theism	0.4247
thickets	0.4246
Therese	0.4233
tabular	0.4232
tracheal	0.4226
toiled	0.4214
talkative	0.4211
traumas	0.4207
torrents	0.4205
Tessa	0.4202
T.S.	0.4201
therefor	0.4187
thesaurus	0.4186
ticked	0.4181
tribulations	0.4180
tulip	0.4158
typological	0.4136
tattooed	0.4125
transfiguration	0.4120
Tuskegee	0.4120
tablecloth	0.4115
tinnitus	0.4114
torpedoes	0.4114
timeout	0.4113
transgressive	0.4112
toluene	0.4111
Tristram	0.4103
tive	0.4102
Theorie	0.4102
Transylvania	0.4102
trickled	0.4096
timidly	0.4090
T.A.	0.4083
televisions	0.4081
transfixed	0.4077
tenses	0.4076
tracker	0.4075
todo	0.4074
transducers	0.4058
Tran	0.4053
terse	0.4050
tints	0.4046
ternary	0.4041
tofu	0.4024
tacked	0.4019
TW	0.4016
texte	0.4013
tradeoff	0.4008
trifles	0.4001
tubers	0.3993
threading	0.3984
Tuscan	0.3982
Trajan	0.3977
Tavistock	0.3965
Trieste	0.3960
Theseus	0.3952
tenements	0.3936
thriller	0.3923
TSH	0.3922
trucking	0.3918
tant	0.3916
thoroughfare	0.3913
towered	0.3905
Tay	0.3903
troughs	0.3902
tribesmen	0.3895
trotting	0.3894
taunted	0.3888
Tompkins	0.3878
torturing	0.3877
trier	0.3871
toothbrush	0.3868
Togo	0.3861
Tamar	0.3856
Templeton	0.3854
Turkmenistan	0.3852
testicles	0.3838
touchdown	0.3837
tryptophan	0.3832
Trujillo	0.3821
Tillich	0.3820
Taos	0.3810
tapestries	0.3804
throb	0.3794
trickery	0.3791
tiredness	0.3785
Thorndike	0.3779
thymus	0.3767
typescript	0.3760
traverses	0.3758
Tris	0.3744
thronged	0.3744
traditionalists	0.3738
thoroughness	0.3728
treble	0.3727
Tonga	0.3726
Terrell	0.3723
toggle	0.3718
Trojans	0.3716
tubercle	0.3703
tuple	0.3701
Toussaint	0.3697
tributes	0.3695
tellers	0.3688
tailors	0.3686
trampling	0.3682
trinitarian	0.3671
Teatro	0.3671
tirelessly	0.3669
twine	0.3667
t0	0.3666
Templars	0.3664
tankers	0.3651
traditionalist	0.3645
toiling	0.3643
tele	0.3642
tional	0.3638
thrombus	0.3634
Tyne	0.3633
terraced	0.3630
thunderous	0.3623
trickster	0.3620
Taoist	0.3619
Tian	0.3617
Timmy	0.3616
teleology	0.3614
trusty	0.3609
thatch	0.3601
Tata	0.3592
throbbed	0.3591
tremulous	0.3585
theologies	0.3566
turbidity	0.3561
thermostat	0.3559
tiller	0.3558
tubule	0.3548
trickling	0.3546
tampering	0.3543
turrets	0.3543
TLC	0.3540
Tully	0.3538
timbre	0.3535
Tahoe	0.3534
tum	0.3515
Trish	0.3512
tween	0.3510
topmost	0.3510
threedimensional	0.3503
taunting	0.3500
teamsters	0.3487
Torrance	0.3486
topple	0.3480
Thom	0.3479
thrills	0.3469
threshing	0.3468
topologies	0.3466
tenders	0.3464
tribals	0.3458
Tia	0.3453
testable	0.3450
thrones	0.3450
tics	0.3444
timescale	0.3441
turnips	0.3440
Trimble	0.3440
testimonials	0.3434
Tractatus	0.3434
terminator	0.3432
Trudeau	0.3432
tiniest	0.3432
theta	0.3431
tabletop	0.3430
Taoism	0.3430
Tyndale	0.3425
Tigris	0.3425
turbo	0.3415
toto	0.3407
telltale	0.3405
truncation	0.3403
Tiananmen	0.3402
typography	0.3396
Tierney	0.3389
tongs	0.3386
temperamental	0.3386
timeliness	0.3379
theorize	0.3379
terrier	0.3375
thrush	0.3374
tanto	0.3370
thistle	0.3370
thawed	0.3368
thro	0.3364
Trudy	0.3361
teamed	0.3359
tucking	0.3357
typhus	0.3355
Trumbull	0.3352
teapot	0.3352
Trotter	0.3349
tiptoe	0.3349
tortillas	0.3348
transients	0.3346
toute	0.3343
telegraphed	0.3340
tummy	0.3336
toutes	0.3329
taunt	0.3314
tenfold	0.3305
tormenting	0.3299
towing	0.3298
Taj	0.3288
Thurston	0.3288
tanning	0.3285
TVs	0.3279
tropic	0.3277
theistic	0.3271
talkin	0.3270
ture	0.3268
Trafalgar	0.3267
Trollope	0.3265
tasked	0.3258
Thierry	0.3258
termites	0.3256
tarn	0.3256
tantrums	0.3254
talisman	0.3253
tectonics	0.3250
trinkets	0.3250
technocratic	0.3243
thefts	0.3235
topsoil	0.3234
tyres	0.3226
tincture	0.3225
Tanganyika	0.3216
Tecumseh	0.3215
thumped	0.3213
tun	0.3209
triplets	0.3205
tympanic	0.3199
tricyclic	0.3191
tusks	0.3186
Tamils	0.3183
typologies	0.3182
twinge	0.3181
tradeoffs	0.3179
transgress	0.3178
trappers	0.3176
tits	0.3173
Townshend	0.3173
talker	0.3171
Tallahassee	0.3170
Topeka	0.3166
Tuttle	0.3164
truism	0.3155
tendrils	0.3150
terracotta	0.3148
testers	0.3134
troll	0.3132
tirade	0.3102
Totowa	0.3102
tawny	0.3099
tractable	0.3098
tosses	0.3094
tenable	0.3089
tingle	0.3086
trellis	0.3085
temperaments	0.3082
Teflon	0.3076
tradable	0.3073
trample	0.3070
T.D.	0.3070
trite	0.3063
toils	0.3058
themed	0.3054
togetherness	0.3050
T.R.	0.3049
transparently	0.3046
trespassing	0.3043
torsional	0.3043
twentyfive	0.3036
tulips	0.3034
takeovers	0.3028
toujours	0.3021
tasteless	0.3010
transcriptions	0.3002
traffickers	0.3000
teammate	0.2995
thickest	0.2993
Theologie	0.2988
toyed	0.2981
thunderstorms	0.2980
Turkic	0.2979
thirtieth	0.2976
toads	0.2973
tooling	0.2958
transcontinental	0.2951
takings	0.2949
tarmac	0.2949
transact	0.2946
Tse	0.2946
Timaeus	0.2937
transmutation	0.2935
touchy	0.2929
trident	0.2928
TNT	0.2926
tsp	0.2925
tickle	0.2923
trie	0.2921
taunts	0.2921
Thurman	0.2914
tiptoed	0.2910
transcriptase	0.2905
Theodosius	0.2899
tracers	0.2896
tallow	0.2893
Triton	0.2887
tumbler	0.2882
tolerating	0.2882
twirling	0.2881
trypsin	0.2880
threadbare	0.2878
tasteful	0.2872
Tijuana	0.2868
Tianjin	0.2860
todos	0.2858
transcribe	0.2858
Tacoma	0.2854
twinkled	0.2845
tinkering	0.2844
Tilden	0.2839
thoroughgoing	0.2837
turpentine	0.2837
tarry	0.2835
thrashed	0.2829
Tiber	0.2824
Thrace	0.2823
Talmudic	0.2818
transpiration	0.2816
titans	0.2811
tactful	0.2811
T.H.	0.2810
Torino	0.2808
tiling	0.2806
twos	0.2805
tonsils	0.2803
tepid	0.2802
tardy	0.2798
Tait	0.2796
Tabor	0.2795
tangles	0.2795
transgressed	0.2790
twirled	0.2787
thankfulness	0.2787
thawing	0.2780
tights	0.2779
Tet	0.2772
Thaddeus	0.2764
thunderbolt	0.2756
tonality	0.2754
triphosphate	0.2751
thicken	0.2747
transacted	0.2740
Tripp	0.2730
tetracycline	0.2729
topos	0.2727
tresses	0.2727
Tantric	0.2726
terminations	0.2724
tornadoes	0.2722
titular	0.2721
Texaco	0.2719
tinkling	0.2717
Tsai	0.2716
transparencies	0.2715
treatable	0.2713
tackles	0.2711
Tonkin	0.2710
transpose	0.2709
tut	0.2709
Theodora	0.2708
taco	0.2706
thar	0.2703
trivia	0.2698
transferase	0.2692
telos	0.2689
Trevelyan	0.2683
thematically	0.2681
Tulane	0.2681
tuft	0.2680
Terrence	0.2676
treads	0.2672
Tuscaloosa	0.2668
tampered	0.2663
tuples	0.2661
thrifty	0.2657
Templar	0.2656
Toynbee	0.2654
technologists	0.2638
talons	0.2638
totalizing	0.2631
Tien	0.2629
Tammany	0.2629
tottering	0.2629
tilled	0.2626
tellingly	0.2625
telepathy	0.2625
tailings	0.2622
tiempo	0.2619
thermometers	0.2614
T.E.	0.2613
transfigured	0.2610
twentiethcentury	0.2607
toed	0.2606
transplanting	0.2605
tugs	0.2604
teak	0.2602
TWA	0.2599
tabloids	0.2595
Tchaikovsky	0.2588
tantrum	0.2585
Tubman	0.2583
Toro	0.2582
Tutu	0.2582
triage	0.2582
tac	0.2581
timetables	0.2581
timeframe	0.2577
Tania	0.2575
trumped	0.2573
tak	0.2566
tarot	0.2564
Talleyrand	0.2555
turnip	0.2547
tou	0.2542
territoriality	0.2541
turbid	0.2541
tabulation	0.2540
taxon	0.2540
trapper	0.2540
terrorized	0.2539
Tversky	0.2538
tickling	0.2528
Theophilus	0.2525
tetrahedral	0.2523
twentyfour	0.2523
threes	0.2520
tonne	0.2515
tradesman	0.2515
toothpick	0.2511
tempestuous	0.2501
trusses	0.2498
trumps	0.2495
typographical	0.2489
thong	0.2478
Tangier	0.2475
tether	0.2473
tombstones	0.2471
tequila	0.2470
tapers	0.2459
thoughtfulness	0.2456
trop	0.2456
teal	0.2453
Torrey	0.2446
thinness	0.2445
transmuted	0.2442
Tricia	0.2435
toolbars	0.2432
Tatiana	0.2428
troubleshoot	0.2426
trimmings	0.2424
tunable	0.2422
tedium	0.2420
torus	0.2420
Tuileries	0.2417
toothless	0.2416
tete	0.2413
thinkin	0.2413
throngs	0.2413
traditionalism	0.2411
tortilla	0.2407
thug	0.2407
Tunisian	0.2405
technicalities	0.2401
Tashkent	0.2397
thrall	0.2391
tsarist	0.2390
toms	0.2388
tine	0.2386
tilts	0.2385
triceps	0.2382
telegraphic	0.2382
tenaciously	0.2376
toppling	0.2375
terminological	0.2372
triads	0.2369
travesty	0.2368
tourniquet	0.2368
Tempe	0.2367
T.W.	0.2364
twothirds	0.2358
transcribing	0.2355
thermo	0.2354
Tatum	0.2353
Tilley	0.2331
Twayne	0.2326
Tillman	0.2322
Takeuchi	0.2319
transmigration	0.2313
thumbed	0.2311
treetops	0.2309
typifies	0.2309
toasts	0.2302
tacky	0.2300
tubal	0.2298
Theobald	0.2292
trusteeship	0.2291
tarp	0.2284
Troilus	0.2282
thereabouts	0.2280
Tokugawa	0.2275
taxonomies	0.2275
typesetting	0.2275
T.L.	0.2275
timelines	0.2272
testamentary	0.2271
technocrats	0.2269
TGF	0.2268
trombone	0.2264
transl	0.2263
tern	0.2259
thoroughfares	0.2258
Toulon	0.2254
trenchant	0.2253
tactfully	0.2253
talus	0.2248
titer	0.2241
textural	0.2240
tendering	0.2238
TLS	0.2237
Trask	0.2235
thousandth	0.2235
TCA	0.2231
tempering	0.2226
tweezers	0.2222
tolerates	0.2221
trouser	0.2220
TVA	0.2219
turmeric	0.2217
Talcott	0.2211
transversal	0.2210
taciturn	0.2200
Tennant	0.2198
tenured	0.2198
Toth	0.2195
tableaux	0.2191
toying	0.2190
transiently	0.2188
torrential	0.2186
toothache	0.2184
Teng	0.2182
Tasso	0.2182
Tanzanian	0.2178
tuxedo	0.2178
tryin	0.2175
toenails	0.2174
Taunton	0.2172
theatricality	0.2170
traversal	0.2169
telemetry	0.2167
transgender	0.2158
Towne	0.2158
Thurmond	0.2157
toaster	0.2157
timescales	0.2153
theocracy	0.2152
twodimensional	0.2143
tramping	0.2138
thickens	0.2135
Tartars	0.2133
thrombin	0.2130
tassels	0.2130
temerity	0.2128
torpor	0.2123
trumpeter	0.2121
thenceforth	0.2113
transect	0.2113
tweak	0.2112
tunics	0.2111
tabled	0.2104
totalling	0.2103
tae	0.2098
Thornhill	0.2096
tamen	0.2094
transsexual	0.2092
Tariq	0.2084
triglyceride	0.2082
tailing	0.2080
Tourette	0.2080
theocratic	0.2079
tattooing	0.2077
troupes	0.2075
titers	0.2075
toxicological	0.2074
transcultural	0.2073
Teri	0.2073
typhoon	0.2070
thunders	0.2069
Tarsus	0.2068
tatters	0.2068
townhouse	0.2064
trove	0.2062
Thess	0.2059
tolling	0.2058
trembles	0.2054
Tyrol	0.2048
Teil	0.2047
tramped	0.2043
timestamp	0.2040
Tuesdays	0.2037
tousled	0.2034
tomographic	0.2033
topically	0.2033
tingled	0.2032
Thursdays	0.2029
transitivity	0.2022
throated	0.2021
tamper	0.2020
tardiness	0.2019
Tottenham	0.2017
Thais	0.2016
typify	0.2016
tes	0.2015
trekking	0.2011
Turkestan	0.2011
tote	0.2010
theoreticians	0.2008
tersely	0.2007
tutored	0.2007
tipsy	0.2005
terrify	0.2001
textuality	0.2001
tongued	0.2001
Thales	0.2001
Telford	0.2000
tadpoles	0.1996
tautology	0.1995
trafficked	0.1992
troublemakers	0.1988
telepathic	0.1980
Teheran	0.1977
thwarting	0.1976
townsmen	0.1974
tiene	0.1973
trending	0.1972
trudging	0.1969
trigonometric	0.1966
tallied	0.1957
Tappan	0.1952
triadic	0.1951
Tasmanian	0.1948
teacup	0.1948
typewriters	0.1947
Tylenol	0.1940
Tremblay	0.1940
toner	0.1936
tempore	0.1936
townsfolk	0.1934
theodicy	0.1931
tinder	0.1931
trowel	0.1930
tablecloths	0.1921
tellin	0.1920
tacks	0.1919
tramps	0.1918
taro	0.1916
transept	0.1911
thrombotic	0.1910
tinsel	0.1908
tortoises	0.1904
titrated	0.1903
tightrope	0.1903
teenaged	0.1901
termini	0.1896
transversely	0.1893
Tannen	0.1891
transitioning	0.1889
trumpeted	0.1886
thermoplastic	0.1884
triples	0.1879
therapeutically	0.1878
Thome	0.1877
trestle	0.1875
telnet	0.1874
Tommaso	0.1871
tastefully	0.1871
tomahawk	0.1868
termite	0.1863
transfection	0.1861
trapezoidal	0.1860
Thurgood	0.1859
telescopic	0.1859
tre	0.1852
trespasses	0.1849
Todorov	0.1841
Tula	0.1840
T.G.	0.1840
Toshiba	0.1839
Tsang	0.1837
timings	0.1836
talkers	0.1836
theorising	0.1834
tranquilizers	0.1833
Touche	0.1832
Turpin	0.1832
thrash	0.1830
twined	0.1827
toga	0.1827
tempts	0.1827
Toulmin	0.1824
tribalism	0.1823
Tyrrell	0.1818
toiletries	0.1817
Takeda	0.1813
tracery	0.1813
tuber	0.1809
thèse	0.1808
triune	0.1807
totalled	0.1807
tawdry	0.1807
Timur	0.1802
timelessness	0.1798
thoroughbred	0.1790
toting	0.1789
T.V.	0.1787
transience	0.1783
Troyes	0.1780
Tesla	0.1779
transferability	0.1779
Tivoli	0.1777
transpires	0.1776
Trilling	0.1772
takin	0.1771
testicle	0.1771
trapdoor	0.1770
Teague	0.1767
toxicities	0.1765
teaming	0.1762
tormentors	0.1761
thongs	0.1761
Tabasco	0.1761
Tipton	0.1760
turbans	0.1759
torrid	0.1759
travails	0.1752
tangents	0.1751
typist	0.1749
tarts	0.1747
truancy	0.1747
turnoff	0.1744
thieving	0.1742
talc	0.1740
triumvirate	0.1740
thermos	0.1735
tenderest	0.1734
treeless	0.1733
Tauris	0.1728
typefaces	0.1727
tearfully	0.1726
trigonometry	0.1721
tke	0.1716
transpire	0.1714
transubstantiation	0.1710
tinned	0.1709
transfected	0.1707
territorially	0.1702
thistles	0.1701
Thessaloniki	0.1698
turntable	0.1698
tetrahedron	0.1696
tycoon	0.1695
toning	0.1691
tidbits	0.1689
tarred	0.1689
trillions	0.1688
tacking	0.1686
Technische	0.1683
Thomsen	0.1681
throwback	0.1680
thc	0.1679
traitorous	0.1675
Taussig	0.1675
timbered	0.1674
troublemaker	0.1673
teetering	0.1670
trams	0.1670
Tutsi	0.1669
truffles	0.1666
teachable	0.1663
Tuan	0.1662
Thu	0.1660
thinnest	0.1660
transliteration	0.1658
T.P.	0.1657
thankless	0.1648
tiara	0.1643
twill	0.1639
terns	0.1639
transceiver	0.1637
technologist	0.1637
Tomkins	0.1634
Thurber	0.1632
tallies	0.1631
typewritten	0.1628
thrillers	0.1626
Tryon	0.1626
tottered	0.1625
terrains	0.1623
Thieme	0.1622
tannin	0.1617
telegraphy	0.1615
Tatar	0.1611
Tyndall	0.1609
transgressing	0.1609
T.B.	0.1606
Theban	0.1605
tors	0.1603
tweaking	0.1593
trapezoid	0.1592
throaty	0.1592
Traite	0.1591
Takashi	0.1589
tempera	0.1587
ticker	0.1582
tbey	0.1573
timeconsuming	0.1571
terrorize	0.1571
Thunderbird	0.1571
tain	0.1564
tufted	0.1564
Tori	0.1562
tarnish	0.1558
teratogenic	0.1556
thermonuclear	0.1554
transmissible	0.1552
travaux	0.1548
Thl	0.1547
tempests	0.1547
trom	0.1547
transacting	0.1546
textually	0.1545
tenures	0.1540
Talbott	0.1539
T7	0.1538
Tesco	0.1536
tilling	0.1532
Tov	0.1529
tolled	0.1527
trill	0.1525
thumbnails	0.1520
technicality	0.1518
thermodynamically	0.1513
tht	0.1513
teething	0.1512
tees	0.1510
thyroxine	0.1500
Tana	0.1500
tartan	0.1499
touting	0.1496
twentyfirst	0.1496
tidying	0.1492
truant	0.1491
Theosophical	0.1490
taketh	0.1490
Tannenbaum	0.1489
treasuries	0.1486
Tylor	0.1485
Talley	0.1484
treasonable	0.1484
talkie	0.1482
transnationalism	0.1479
tomes	0.1468
triptych	0.1465
transmittance	0.1464
threateningly	0.1463
trivially	0.1463
thimble	0.1461
Tilton	0.1460
toothpicks	0.1458
topsy	0.1457
torturous	0.1456
tothe	0.1452
Timbuktu	0.1448
thudding	0.1446
typographic	0.1444
totemic	0.1440
tryst	0.1440
toasting	0.1438
trouve	0.1436
Thomason	0.1436
Teubner	0.1434
topless	0.1433
tumblers	0.1430
trolleys	0.1428
Trowbridge	0.1427
Tamura	0.1425
Thea	0.1418
teasingly	0.1417
tussle	0.1417
tuner	0.1414
thereunder	0.1410
teary	0.1409
tormentor	0.1407
threonine	0.1407
Thorp	0.1406
tightens	0.1405
theatrically	0.1405
trashed	0.1402
theoretician	0.1401
Tupac	0.1399
T.K.	0.1397
tRNA	0.1397
terrorizing	0.1397
Thorstein	0.1396
ters	0.1396
tidied	0.1391
truckers	0.1391
Trondheim	0.1390
torchlight	0.1386
tactically	0.1386
twining	0.1385
Tadeusz	0.1382
T.F.	0.1379
treacherously	0.1377
telecommuting	0.1375
twirl	0.1375
twang	0.1374
tendentious	0.1372
telephoto	0.1370
travelogue	0.1367
tassel	0.1367
tweaked	0.1367
tarpaulin	0.1366
Technicolor	0.1364
Takagi	0.1364
Tycho	0.1362
Taggart	0.1361
transom	0.1358
timorous	0.1350
thr	0.1349
Theda	0.1349
tracings	0.1348
thermocouple	0.1347
trackers	0.1347
taxicab	0.1347
Tiberias	0.1346
transgressors	0.1346
Trafford	0.1344
troth	0.1342
thb	0.1338
trawler	0.1337
tibi	0.1336
T.N.	0.1334
torpedoed	0.1333
triviality	0.1329
trooped	0.1327
tarried	0.1327
Thiel	0.1326
thrower	0.1324
teases	0.1324
Tindall	0.1319
tangentially	0.1317
Ticknor	0.1315
Tseng	0.1313
tacos	0.1312
theorization	0.1311
torturers	0.1310
tonics	0.1309
tempter	0.1308
Tukey	0.1306
trickier	0.1305
Theophrastus	0.1305
trudge	0.1303
trespasser	0.1303
TOC	0.1302
trawl	0.1301
tumbles	0.1293
talismans	0.1293
tusk	0.1292
terminologies	0.1291
tautological	0.1288
trapeze	0.1287
trawlers	0.1287
tabulations	0.1282
Tonya	0.1282
telemarketing	0.1281
thoughtlessly	0.1281
tinkle	0.1275
tilings	0.1275
triplicate	0.1274
Triassic	0.1274
threesome	0.1271
trolls	0.1271
thinkable	0.1270
TMS	0.1269
tricycle	0.1267
tailgate	0.1267
tambourine	0.1266
Testa	0.1266
twinning	0.1265
Tomlin	0.1263
thirsting	0.1262
theosophy	0.1260
transposing	0.1259
tures	0.1258
transvestite	0.1255
turtleneck	0.1254
taxied	0.1252
tiff	0.1251
toi	0.1248
tadpole	0.1248
thumbing	0.1247
tithing	0.1247
trespassers	0.1245
traceability	0.1244
Turku	0.1242
torpid	0.1238
tabula	0.1237
tittle	0.1235
Tuchman	0.1231
turpitude	0.1230
testy	0.1227
Touraine	0.1226
tines	0.1225
tunnelling	0.1222
twentyone	0.1220
trekked	0.1217
teat	0.1216
tutti	0.1214
thievery	0.1214
transmute	0.1213
transgendered	0.1208
tiptoes	0.1208
teaspoonful	0.1205
toppings	0.1204
textes	0.1203
thudded	0.1196
Thatcherism	0.1188
Tilburg	0.1184
tetrachloride	0.1183
teetered	0.1183
thei	0.1183
totems	0.1170
tensely	0.1170
tranche	0.1169
Timon	0.1169
tyrannies	0.1165
Turgenev	0.1165
tubercular	0.1162
toda	0.1162
tensing	0.1159
tannins	0.1159
tableware	0.1158
torched	0.1154
Tampere	0.1154
throwaway	0.1153
tucks	0.1150
turvy	0.1150
très	0.1147
tomboy	0.1146
trabajo	0.1145
Tabitha	0.1145
tutelary	0.1142
trainings	0.1140
testily	0.1138
telephoning	0.1138
tangy	0.1138
tobe	0.1137
truculent	0.1136
taffeta	0.1132
Tipperary	0.1131
Tunbridge	0.1128
toughened	0.1128
triumphing	0.1128
tabby	0.1120
treks	0.1120
turgid	0.1120
tation	0.1117
throttled	0.1111
trashy	0.1110
Tasman	0.1108
takeout	0.1107
troubadours	0.1104
ticklish	0.1102
trucker	0.1101
torturer	0.1100
Telugu	0.1095
Thessaly	0.1093
talkies	0.1093
trickles	0.1092
turnings	0.1091
twentytwo	0.1089
topoi	0.1089
toilette	0.1088
θ	0.1087
transgene	0.1084
transgressor	0.1083
trackless	0.1082
tenderloin	0.1081
thymine	0.1080
tunneled	0.1080
trolling	0.1077
truckload	0.1076
theorizes	0.1076
troubadour	0.1075
trances	0.1074
thoughtlessness	0.1071
Thaler	0.1070
tripe	0.1066
Thacker	0.1066
Theor	0.1065
titillating	0.1064
transmittal	0.1063
Trento	0.1062
transportable	0.1061
transfused	0.1061
twoyear	0.1059
telegraphs	0.1057
tua	0.1054
trumpeting	0.1052
twentythree	0.1051
tillers	0.1051
transcendentalism	0.1050
thirtyfive	0.1050
teardrop	0.1048
twitches	0.1042
trustful	0.1041
threequarters	0.1036
topside	0.1034
teats	0.1033
tartly	0.1032
Thakur	0.1030
thereunto	0.1028
tricking	0.1025
tapioca	0.1024
toothbrushes	0.1023
throwers	0.1022
tares	0.1020
tamoxifen	0.1017
tempos	0.1016
teemed	0.1016
thronging	0.1015
tidbit	0.1014
tinny	0.1014
Tue	0.1013
tranquilizer	0.1011
Tudors	0.1011
tance	0.1010
transferrin	0.1008
tampons	0.1008
turnovers	0.1007
togethers	0.1006
treasonous	0.1002
translatable	0.1001
transpiring	0.1001
thiamine	0.1000
trussed	0.09964
transgresses	0.09939
tiie	0.09934
thwarts	0.09915
Teton	0.09915
tew	0.09906
tabulate	0.09905
Thos	0.09876
thalamic	0.09861
toothy	0.09856
Taber	0.09856
trundled	0.09847
teaser	0.09844
Teixeira	0.09841
thunderbolts	0.09828
trifled	0.09790
Tidewater	0.09780
torsos	0.09777
theatricals	0.09771
trivialities	0.09765
Tallinn	0.09740
thirdparty	0.09720
tial	0.09717
trampoline	0.09694
tactless	0.09671
throbs	0.09666
typists	0.09648
translocated	0.09636
Telemachus	0.09629
turnkey	0.09565
twittering	0.09559
tirades	0.09554
tux	0.09550
tripods	0.09549
telex	0.09544
trimmer	0.09539
T5	0.09533
threeyear	0.09503
tively	0.09485
trios	0.09481
tabernacles	0.09467
tribunes	0.09452
tycoons	0.09437
tannery	0.09431
throttling	0.09392
ths	0.09385
toilsome	0.09342
tripling	0.09337
trinket	0.09327
tooled	0.09317
triumphalism	0.09269
trebled	0.09261
tangling	0.09252
tranquilly	0.09250
tantalizingly	0.09249
teacups	0.09242
Tremont	0.09237
Tinsley	0.09224
thromboembolism	0.09220
toface	0.09216
temperamentally	0.09203
theatrics	0.09180
taskmaster	0.09176
typhoons	0.09170
transitioned	0.09113
Ticonderoga	0.09109
tamarind	0.09098
thousandths	0.09095
tbat	0.09093
tolerability	0.09086
touristic	0.09042
thenceforward	0.09013
townhouses	0.08948
twentyseven	0.08946
trousseau	0.08945
tactician	0.08922
twelvemonth	0.08904
titre	0.08880
techs	0.08874
typos	0.08865
tur	0.08830
terriers	0.08810
T6	0.08808
twentyeight	0.08791
thins	0.08783
Taylors	0.08765
topaz	0.08719
T.T.	0.08714
troposphere	0.08710
Taub	0.08696
tendril	0.08691
trills	0.08685
trivialize	0.08685
trespassed	0.08679
tinkled	0.08671
trivialized	0.08640
Thiele	0.08624
treacle	0.08618
thatthe	0.08608
tos	0.08597
tented	0.08589
Thiers	0.08574
tained	0.08573
Tarr	0.08571
throughs	0.08564
Taubman	0.08559
Teilhard	0.08529
taillights	0.08525
Trapp	0.08517
tuba	0.08503
tantum	0.08483
truncate	0.08476
tamer	0.08441
Tsui	0.08432
t'other	0.08359
Thracian	0.08357
Taha	0.08336
tered	0.08332
thumps	0.08326
todays	0.08301
tragical	0.08287
torques	0.08281
travelogues	0.08243
transliterated	0.08243
Tagalog	0.08232
tapas	0.08209
Thessalonica	0.08193
transpositions	0.08185
tricksters	0.08179
toenail	0.08175
timepiece	0.08142
trawling	0.08132
Tijdschrift	0.08128
Takeshi	0.08103
tangerine	0.08098
transsexuals	0.08068
Tübingen	0.08038
transdermal	0.08024
transhistorical	0.08012
topographically	0.08003
tankard	0.07962
tulle	0.07954
tethering	0.07942
tiredly	0.07941
treasurers	0.07934
transits	0.07933
telephonic	0.07908
Tolman	0.07862
talcum	0.07850
teeny	0.07837
trucked	0.07811
toot	0.07804
tightest	0.07797
terrifies	0.07781
τ	0.07754
Tyco	0.07707
temptress	0.07696
trots	0.07673
trumpeters	0.07671
tangibly	0.07632
threescore	0.07631
Tarantino	0.07630
tasking	0.07607
tamales	0.07583
tigress	0.07581
titling	0.07576
tary	0.07568
trims	0.07554
taster	0.07550
Tobit	0.07517
todate	0.07497
tabulating	0.07484
toughen	0.07465
Timberlake	0.07448
truisms	0.07435
Tantra	0.07419
tradespeople	0.07419
Takeo	0.07417
touchingly	0.07380
trademarked	0.07378
tickles	0.07364
TEC	0.07350
truffle	0.07347
tuneful	0.07343
tiptoeing	0.07339
Tarcher	0.07316
tapeworm	0.07287
turd	0.07283
Tiffin	0.07282
totter	0.07275
thrushes	0.07260
Tarrant	0.07260
tans	0.07255
titillation	0.07254
teems	0.07249
toddy	0.07238
tumults	0.07237
theophylline	0.07237
Taine	0.07226
thiol	0.07215
touts	0.07207
transpersonal	0.07196
TOF	0.07189
tentacle	0.07181
tramway	0.07148
telle	0.07119
trilled	0.07115
txt	0.07087
tinkered	0.07049
tryout	0.07047
tantalising	0.07038
touchstones	0.07034
thermostats	0.07032
turnabout	0.07028
tenuously	0.07019
tives	0.07018
tural	0.07006
thunderclap	0.07004
Technik	0.07002
typo	0.06988
telly	0.06984
temporalities	0.06979
tallying	0.06951
tidiness	0.06943
thunderstruck	0.06924
Thane	0.06910
truckloads	0.06895
telescoping	0.06894
teem	0.06882
tremens	0.06859
tice	0.06839
Thuringia	0.06775
toughs	0.06762
telecast	0.06736
transponder	0.06729
tuxedos	0.06724
thuds	0.06721
transmuting	0.06717
theorised	0.06707
tus	0.06703
Thoth	0.06701
toffee	0.06701
tomorrows	0.06684
tenseness	0.06678
topicality	0.06658
Thad	0.06648
Terrance	0.06611
twister	0.06595
tamped	0.06574
terrifyingly	0.06541
thalidomide	0.06536
tortoiseshell	0.06512
traipsing	0.06497
tbem	0.06489
Tilman	0.06478
Tsukuba	0.06464
Treves	0.06441
teleconferencing	0.06439
tsunamis	0.06420
tinfoil	0.06412
Theologica	0.06403
transvestites	0.06389
tots	0.06363
threshed	0.06363
Truro	0.06329
toileting	0.06306
triumphalist	0.06303
topologically	0.06300
Thurlow	0.06286
tol	0.06283
technocracy	0.06281
tambourines	0.06259
Tarrytown	0.06228
Tullius	0.06217
trestles	0.06216
Taney	0.06211
thirsted	0.06204
thymidine	0.06201
tamely	0.06189
trashing	0.06174
twixt	0.06174
TSA	0.06169
Tamerlane	0.06167
toehold	0.06159
tugboat	0.06146
turnstile	0.06146
transcribes	0.06131
townsman	0.06128
tryouts	0.06124
thusly	0.06120
transiting	0.06116
traumatised	0.06111
tailspin	0.06094
twentysix	0.06093
tenanted	0.06085
Trubner	0.06065
ticketing	0.06046
tediously	0.06025
Theophile	0.06020
Toffler	0.06009
thet	0.05993
triangulated	0.05990
twould	0.05962
tremulously	0.05911
tid	0.05900
tampon	0.05891
thunk	0.05885
teamster	0.05884
topdown	0.05882
tioned	0.05876
tanners	0.05865
Talib	0.05826
turbaned	0.05810
thirtytwo	0.05806
Thule	0.05804
transposes	0.05794
tress	0.05761
trounced	0.05732
triennial	0.05728
Teasdale	0.05698
twinned	0.05692
terrifically	0.05690
twopence	0.05683
typifying	0.05682
truncating	0.05680
transmettre	0.05677
trompe	0.05645
trysts	0.05636
trellises	0.05612
tills	0.05612
twoway	0.05597
TBI	0.05557
thirtythree	0.05515
Tolbert	0.05506
teapots	0.05491
taffy	0.05473
tage	0.05466
telescoped	0.05452
toilers	0.05448
trivializing	0.05446
twinges	0.05441
tarantula	0.05418
Tyr	0.05407
thirsts	0.05404
trice	0.05392
tentativeness	0.05369
telepathically	0.05365
thèses	0.05361
toasters	0.05356
tenors	0.05346
Tartary	0.05341
tantalized	0.05328
tains	0.05324
Triomphe	0.05314
tidily	0.05311
Toland	0.05308
Thoma	0.05285
tribesman	0.05285
teakettle	0.05281
tration	0.05270
Tupperware	0.05261
tricolor	0.05237
tual	0.05232
terracing	0.05227
tittered	0.05184
tokenism	0.05163
toolkits	0.05129
Tatars	0.05114
thromboembolic	0.05095
tonsure	0.05083
tarragon	0.05069
Tahitian	0.05047
tike	0.05044
thorium	0.05032
Tillotson	0.05023
télécommunication	0.05007
talismanic	0.04975
turncoat	0.04963
tenyear	0.04941
tabbed	0.04937
TBS	0.04936
theorise	0.04932
Trianon	0.04929
time.1	0.04904
troublous	0.04892
tical	0.04884
Teo	0.04882
tliat	0.04845
Trivedi	0.04842
Timmons	0.04827
timekeeper	0.04823
thia	0.04806
tars	0.04791
Toole	0.04784
trol	0.04757
treetop	0.04756
tepee	0.04740
troika	0.04715
tuberous	0.04701
tattle	0.04697
terme	0.04696
triste	0.04689
tided	0.04677
twere	0.04637
they're	0.04632
tweaks	0.04610
thraldom	0.04602
tomcat	0.04601
trilateral	0.04573
trooping	0.04560
Tiresias	0.04555
them.1	0.04553
Tanabe	0.04529
tragedian	0.04511
Thetis	0.04510
twentynine	0.04508
Theocritus	0.04479
Thermopylae	0.04453
tuo	0.04444
tyrannous	0.04440
tence	0.04407
Tll	0.04395
titter	0.04395
thirtysix	0.04392
timeframes	0.04368
transcutaneous	0.04366
tooke	0.04357
trivialization	0.04353
tainting	0.04302
trammels	0.04300
tablespoonful	0.04284
Tolstoi	0.04279
Torchbooks	0.04236
twiddling	0.04212
tarps	0.04200
thirtyseven	0.04184
tare	0.04182
tially	0.04164
tasseled	0.04162
Titania	0.04157
tagline	0.04143
tremblingly	0.04132
Twickenham	0.04124
trippers	0.04114
Tora	0.04079
Tedeschi	0.04074
Tupper	0.04064
takeaway	0.04044
thematized	0.04043
trashcan	0.04038
tyme	0.04016
toted	0.04006
tient	0.03998
tas	0.03995
tbeir	0.03978
triangulate	0.03975
tually	0.03975
tramples	0.03948
TTL	0.03933
Toots	0.03931
Taniguchi	0.03924
thrumming	0.03915
transection	0.03909
Typesetter	0.03905
teeter	0.03897
thereat	0.03897
tempi	0.03885
transdisciplinary	0.03885
trivalent	0.03872
tureen	0.03864
titillate	0.03863
Tripathi	0.03861
translucency	0.03856
tetra	0.03844
twitter	0.03816
turn'd	0.03804
trundling	0.03796
topographies	0.03782
tablespoonfuls	0.03771
taints	0.03728
tympanum	0.03728
tinting	0.03727
tastier	0.03723
tuberculous	0.03709
tempus	0.03704
todas	0.03683
Tilbury	0.03679
thirtyeight	0.03648
tomahawks	0.03645
telegraphing	0.03645
tonsillitis	0.03639
tionship	0.03634
tnat	0.03625
thrum	0.03625
tunc	0.03619
titillated	0.03610
twitchy	0.03605
thousandfold	0.03593
tivity	0.03586
trolled	0.03586
transmutes	0.03566
Traill	0.03534
tractability	0.03531
tarnishing	0.03499
Thelen	0.03488
Turnhout	0.03474
thumbprint	0.03473
tali	0.03471
tweeds	0.03469
Tarleton	0.03469
twaddle	0.03469
Tiwari	0.03459
ticketed	0.03441
trickiest	0.03411
taxicabs	0.03410
traumatizing	0.03370
trumpery	0.03346
tenantry	0.03341
thaws	0.03336
toweled	0.03326
Travolta	0.03319
tumbledown	0.03264
tenderer	0.03255
tingly	0.03236
thinketh	0.03232
tle	0.03230
Trobe	0.03219
temptingly	0.03209
trow	0.03203
taciturnity	0.03201
tener	0.03188
Tshirt	0.03179
toddling	0.03178
tubercles	0.03176
tubulin	0.03163
triply	0.03153
tardily	0.03130
trancelike	0.03115
threatenings	0.03113
teatime	0.03112
thresh	0.03098
threefourths	0.03092
tinier	0.03090
timekeeping	0.03089
traduction	0.03085
tatty	0.03071
Teddington	0.03052
transboundary	0.03051
tarpaulins	0.03042
Tartarus	0.03033
tbo	0.03017
tlio	0.03016
ticular	0.03007
toa	0.03006
thirtyfour	0.03004
tanked	0.02999
toggles	0.02996
twisty	0.02994
tête	0.02975
toughening	0.02968
transshipment	0.02965
tinctured	0.02963
theist	0.02962
truncheon	0.02959
thk	0.02950
tabooed	0.02938
tritium	0.02936
twosome	0.02932
Tomita	0.02922
toddled	0.02884
tyro	0.02881
tainly	0.02881
trundle	0.02873
toboggan	0.02872
Tenerife	0.02866
Turgot	0.02842
thecounter	0.02835
threepence	0.02824
tude	0.02818
tradi	0.02815
treed	0.02812
transcriber	0.02806
tethers	0.02803
tbis	0.02800
typicality	0.02799
thoy	0.02781
tanneries	0.02773
teenth	0.02772
transmogrified	0.02772
tingles	0.02762
tragedians	0.02759
topcoat	0.02755
tantalize	0.02745
topples	0.02742
Teutons	0.02741
thoroughbreds	0.02733
talon	0.02728
Tantalus	0.02725
trustingly	0.02708
tury	0.02698
Torquay	0.02676
tabletops	0.02670
terming	0.02665
Tani	0.02662
Teuton	0.02657
turreted	0.02654
Tancred	0.02648
twit	0.02637
tems	0.02636
telecoms	0.02625
Thibault	0.02616
them.2	0.02616
tock	0.02606
tarrying	0.02604
Tasker	0.02595
Turenne	0.02579
tliis	0.02575
topsail	0.02574
tumultuously	0.02573
timet	0.02566
trumping	0.02549
twittered	0.02540
tfie	0.02539
trenching	0.02534
Tagus	0.02511
technocrat	0.02485
temporizing	0.02475
tured	0.02454
typecast	0.02452
tyrannize	0.02435
topsails	0.02427
traipsed	0.02417
Thalia	0.02406
toone	0.02403
Turco	0.02399
tost	0.02391
TiVo	0.02387
traditionary	0.02376
ticularly	0.02375
trivializes	0.02368
tink	0.02364
trad	0.02363
tableland	0.02359
theretofore	0.02354
televisual	0.02353
tabic	0.02342
tediousness	0.02333
Treadwell	0.02320
texting	0.02319
tenderhearted	0.02313
trotters	0.02307
twirls	0.02293
Tsuji	0.02291
Themistocles	0.02289
trombones	0.02272
Tintoretto	0.02268
teardrops	0.02264
transfigure	0.02253
taxiing	0.02248
Tutsis	0.02226
teleconference	0.02225
throve	0.02209
Tyburn	0.02190
throe	0.02186
twostory	0.02178
Trumpington	0.02166
toasty	0.02146
tyrannized	0.02130
taining	0.02119
Tahir	0.02118
toeing	0.02112
tral	0.02110
thickset	0.02109
tsk	0.02106
tamp	0.02078
transects	0.02070
tanta	0.02050
tain't	0.02045
ttie	0.02043
touristy	0.02036
termes	0.02034
typewriting	0.02033
tearless	0.02025
tracksuit	0.02023
throttles	0.02018
tailbone	0.02007
tinkers	0.02000
toweling	0.01975
thatching	0.01971
tlic	0.01969
teres	0.01966
time.2	0.01964
tomfoolery	0.01961
thinke	0.01956
Tohoku	0.01950
turnouts	0.01945
trouver	0.01942
Tarquin	0.01934
thallium	0.01924
thon	0.01924
tolerantly	0.01910
transepts	0.01908
teed	0.01889
Tilak	0.01880
traduced	0.01869
Tunstall	0.01867
throned	0.01859
torching	0.01859
tiiat	0.01848
Tib	0.01848
trenchantly	0.01847
tobacconist	0.01832
turnstiles	0.01828
tota	0.01826
Theron	0.01825
typologically	0.01824
terseness	0.01813
tighdy	0.01812
tinued	0.01812
TRW	0.01806
theii	0.01804
tartaric	0.01801
Theodoric	0.01795
testi	0.01791
teletype	0.01786
tenon	0.01777
Toombs	0.01774
Thun	0.01758
tauntingly	0.01752
tangibility	0.01750
treadmills	0.01748
theart	0.01744
tannic	0.01743
Thebans	0.01741
togs	0.01735
transduced	0.01730
tocopherol	0.01721
trilingual	0.01721
tings	0.01718
tamping	0.01703
thim	0.01701
Thibet	0.01696
trowsers	0.01691
them.3	0.01690
Tyrian	0.01686
tames	0.01683
transoceanic	0.01673
truces	0.01667
thatis	0.01666
trefoil	0.01665
tuk	0.01664
Totten	0.01664
topmast	0.01661
turners	0.01655
thinkest	0.01628
tankards	0.01624
Tama	0.01624
taw	0.01619
them.4	0.01600
tli	0.01597
thf	0.01592
Tokio	0.01588
tartrate	0.01570
Toryism	0.01569
Thwaites	0.01560
TiresiasLPfont	0.01559
ta'en	0.01550
transceivers	0.01550
Tarentum	0.01537
thoir	0.01526
tameness	0.01515
Torrens	0.01513
transfiguring	0.01511
Townley	0.01500
technic	0.01496
Tatler	0.01489
tracheotomy	0.01489
Tippecanoe	0.01484
trabecular	0.01476
Tindal	0.01466
tbc	0.01461
Talbert	0.01442
Thorold	0.01440
theists	0.01438
Tarbell	0.01432
Tromp	0.01425
thematics	0.01423
Tulloch	0.01422
thwack	0.01417
thanksgivings	0.01415
thirtyone	0.01404
thalers	0.01403
tramways	0.01395
tourney	0.01387
tooting	0.01382
tricolour	0.01377
tenderfoot	0.01374
Timbuctoo	0.01374
tard	0.01373
Torrington	0.01372
thundercloud	0.01370
thereabout	0.01367
terras	0.01366
tby	0.01365
toddle	0.01362
teaspoonfuls	0.01360
treasons	0.01355
Thomist	0.01349
Theravada	0.01343
tenancies	0.01340
Tush	0.01340
Torquemada	0.01337
Tyrolese	0.01316
tole	0.01316
tragicomic	0.01314
teacheth	0.01298
Tork	0.01294
Trachtenberg	0.01287
tittering	0.01281
trine	0.01278
Theologiae	0.01278
terminable	0.01277
thrillingly	0.01261
Tenney	0.01258
Tzvetan	0.01257
Talavera	0.01255
toneless	0.01255
tuum	0.01254
Talal	0.01254
Topham	0.01252
taffrail	0.01250
Tewkesbury	0.01229
Tull	0.01228
tippet	0.01216
trafficker	0.01213
thera	0.01207
timo	0.01203
tlte	0.01202
tufa	0.01201
Teneriffe	0.01193
thrummed	0.01191
thein	0.01176
turneth	0.01174
timeworn	0.01174
tinges	0.01171
Traub	0.01159
tenour	0.01156
tinctures	0.01155
Thema	0.01151
Tintern	0.01151
timeouts	0.01150
tuneless	0.01146
tipple	0.01143
Tandon	0.01142
tig	0.01127
trended	0.01116
truculence	0.01106
tragi	0.01104
thej	0.01101
tonsil	0.01094
toxoplasmosis	0.01082
tumuli	0.01080
trimesters	0.01079
thiB	0.01078
totum	0.01077
Theodoret	0.01071
terrorised	0.01069
twanging	0.01069
theso	0.01067
Tartuffe	0.01066
tabu	0.01059
tumulus	0.01057
tocsin	0.01054
totters	0.01053
taskmasters	0.01048
Thracians	0.01043
thau	0.01031
tliey	0.01029
temperately	0.01026
toiler	0.01026
turbot	0.01024
tarns	0.01020
tamarisk	0.01016
thal	0.01014
turds	0.01011
the1	0.01008
tq	0.01006
tui	0.01005
thievish	0.009839
tutto	0.009802
trencher	0.009789
topper	0.009780
temporis	0.009722
treadle	0.009719
throwed	0.009704
trustfulness	0.009704
tuff	0.009663
thresher	0.009659
tardive	0.009657
Thatcherite	0.009598
thoso	0.009589
tanquam	0.009518
totius	0.009470
Trappist	0.009453
tabes	0.009446
theworld	0.009352
tows	0.009320
Tarshish	0.009280
toque	0.009266
tery	0.009244
tilth	0.009143
Torr	0.009132
trenched	0.009122
TW11	0.009120
treasuring	0.009087
terrapin	0.009086
tussock	0.009026
Taschenbuch	0.008994
Thanet	0.008977
teetotaler	0.008909
thi3	0.008907
troglodytes	0.008869
toilettes	0.008842
trimmers	0.008833
twopenny	0.008830
tite	0.008815
turnpikes	0.008797
toothsome	0.008701
Teniers	0.008664
Thessalian	0.008644
Thunderer	0.008602
tunica	0.008404
thes	0.008402
thriven	0.008364
toupee	0.008361
Tarkington	0.008348
thimbles	0.008343
turnin	0.008316
touch'd	0.008276
thriftless	0.008231
tban	0.008200
tuns	0.008128
threemonth	0.008115
Torbay	0.008086
Thrasher	0.008034
tasselled	0.008014
Tims	0.008002
thatyou	0.007982
tention	0.007953
thero	0.007931
tatter	0.007881
thirtynine	0.007874
trysting	0.007821
tribus	0.007794
temporize	0.007773
thesame	0.007764
thews	0.007692
targe	0.007683
topgallant	0.007659
tliem	0.007571
teste	0.007529
travesties	0.007461
thp	0.007396
trellised	0.007372
thit	0.007371
telemarketers	0.007358
transcribers	0.007334
tippling	0.007300
Tami	0.007280
tii	0.007201
Trinh	0.007160
tlieir	0.007156
trustfully	0.007116
trebly	0.007102
Themis	0.007087
tierce	0.007059
twitted	0.007042
twanged	0.007039
Toma	0.006988
thie	0.006932
Tooley	0.006921
twilights	0.006909
timorously	0.006907
tations	0.006898
Tussaud	0.006885
talcing	0.006866
Tinto	0.006833
treacheries	0.006824
teetotaller	0.006821
tenuity	0.006821
thns	0.006815
theirselves	0.006799
turquoises	0.006781
trifler	0.006779
toadstools	0.006775
taxidermist	0.006765
topmasts	0.006759
Tophet	0.006756
tempora	0.006736
tussocks	0.006714
tola	0.006683
tapestried	0.006676
tetter	0.006606
tbou	0.006599
tsetse	0.006563
Tynan	0.006536
throughly	0.006501
thii	0.006481
treaded	0.006471
temporized	0.006469
tyrannically	0.006444
Tannhauser	0.006406
Terr	0.006406
tarries	0.006362
Thisbe	0.006343
thefirst	0.006310
tba	0.006299
truants	0.006274
tarantulas	0.006265
tiiis	0.006247
tenantless	0.006238
tunnelled	0.006238
toon	0.006191
tessellated	0.006177
thirstily	0.006169
theu	0.006142
transacts	0.006142
triumphandy	0.006121
trusteth	0.006119
traceries	0.006094
threadlike	0.006092
tattling	0.006065
transcendently	0.006065
Theil	0.006065
thats	0.006045
topknot	0.006038
thn	0.006023
telleth	0.005995
transfigures	0.005975
tailless	0.005958
terest	0.005951
termagant	0.005951
Trebizond	0.005951
thir	0.005948
tutorship	0.005933
teetotal	0.005908
tyke	0.005895
togas	0.005885
them.5	0.005883
Tractarian	0.005861
tinging	0.005827
thay	0.005809
transitoriness	0.005791
tremblings	0.005778
thunderings	0.005749
Teh	0.005737
transmutations	0.005704
toper	0.005693
tecum	0.005650
trammelled	0.005623
tractate	0.005600
tiaras	0.005596
twines	0.005592
tutelar	0.005515
throbbings	0.005490
tunity	0.005490
Tilsit	0.005466
thimbleful	0.005450
tyrannic	0.005396
terram	0.005385
Tattersall	0.005383
trenchers	0.005380
theit	0.005376
Tritons	0.005367
tremulousness	0.005279
timedependent	0.005273
tremolo	0.005270
tartness	0.005261
timepieces	0.005243
transfix	0.005228
truculently	0.005196
trne	0.005196
tte	0.005167
traduce	0.005163
twitchings	0.005151
turmoils	0.005136
transfuse	0.005107
tonneau	0.005044
tering	0.005041
tiro	0.005037
trowels	0.004974
trimly	0.004968
Talma	0.004947
tity	0.004927
tiieir	0.004898
tben	0.004880
transcendant	0.004876
trudges	0.004875
tenterhooks	0.004873
tenpence	0.004849
tiful	0.004840
theodolite	0.004821
thespian	0.004806
talis	0.004799
tio	0.004777
tooted	0.004774
trated	0.004757
thunderclouds	0.004714
tepees	0.004692
tJie	0.004669
twenty7	0.004647
thou'rt	0.004628
throngh	0.004606
tinue	0.004604
tench	0.004561
thirty7	0.004548
takest	0.004523
tny	0.004514
trailblazer	0.004507
talkativeness	0.004492
tro	0.004451
tacticians	0.004393
tranquillize	0.004371
tempters	0.004332
tandf.co.uk	0.004330
tonk	0.004319
tiroes	0.004276
tog	0.004263
tizzy	0.004209
trig	0.004175
truckle	0.004132
ternal	0.004092
tombe	0.004068
Thersites	0.004050
thou'lt	0.004023
tirely	0.004007
tidier	0.003955
TBB	0.003955
tertium	0.003940
tipper	0.003919
twistings	0.003917
Tibullus	0.003910
thre	0.003881
Tisn't	0.003881
tenir	0.003877
Tokay	0.003856
transnationally	0.003841
Tsao	0.003836
them.6	0.003791
t!	0.003787
timehonored	0.003769
trente	0.003704
thitherward	0.003701
tendance	0.003695
Terpsichore	0.003683
thern	0.003564
Tyrolean	0.003547
tendre	0.003522
toady	0.003504
tope	0.003493
tweet	0.003473
toke	0.003410
thistledown	0.003385
tir	0.003360
tnd	0.003354
tbee	0.003306
transcendentalist	0.003298
tute	0.003262
ttt	0.003226
tako	0.003225
tambour	0.003215
trammel	0.003116
tabling	0.003111
thole	0.003089
tria	0.003053
threepenny	0.003033
taxpaying	0.003017
tapis	0.002986
thongh	0.002963
terris	0.002961
thready	0.002945
theway	0.002909
trary	0.002871
toucheth	0.002853
theless	0.002837
traffics	0.002817
twinkles	0.002806
tutted	0.002774
tru	0.002768
tonsured	0.002768
thut	0.002763
toadstool	0.002754
tinct	0.002747
Tve	0.002698
tkt	0.002671
trou	0.002662
tbere	0.002644
truckling	0.002642
trate	0.002617
tution	0.002611
tarring	0.002608
tiding	0.002595
travailing	0.002581
throwin	0.002573
tlu	0.002525
tenting	0.002521
thnt	0.002503
tfte	0.002496
tuppence	0.002485
tlian	0.002478
tesselated	0.002453
turfed	0.002433
theatric	0.002424
trae	0.002377
titlepage	0.002362
tubby	0.002339
tbese	0.002323
tto	0.002317
thuggish	0.002283
thaf	0.002272
tious	0.002272
tranquilizing	0.002272
tranquillized	0.002249
transfixing	0.002247
thority	0.002242
tuckered	0.002233
tti	0.002218
tians	0.002202
theni	0.002164
twoand	0.002126
tbia	0.002079
tionary	0.002070
tributed	0.002040
twelveyear	0.002038
travestied	0.002038
them.8	0.002034
traipse	0.002023
to.be	0.002016
titters	0.002004
teeters	0.001995
them.7	0.001906
tracted	0.001906
twentyyear	0.001901
