even	346.3
each	298.7
example	194.4
every	169.2
end	158.6
et	153.5
early	135.0
economic	108.1
education	104.3
eyes	103.6
either	103.2
experience	100.5
enough	98.81
ever	98.27
effect	95.83
e	95.04
especially	84.36
evidence	81.64
English	79.87
effects	75.09
energy	73.54
E.	63.17
everything	61.13
environment	57.77
European	57.47
earth	56.93
ed	56.61
east	56.57
events	55.06
else	54.88
earlier	53.65
e.g.	52.56
effective	52.32
established	51.51
elements	49.05
England	48.93
Europe	48.37
expression	47.67
expected	47.60
except	44.27
easy	43.59
event	43.43
entire	43.25
everyone	41.61
economy	41.58
environmental	41.54
equal	40.65
eye	39.94
exchange	39.59
exercise	39.36
easily	38.97
examples	38.77
extent	38.54
existence	36.63
effort	36.43
explain	36.22
efforts	35.58
eight	35.11
essential	34.28
etc.	32.52
employment	32.30
existing	31.90
external	31.86
element	31.82
enter	31.41
employees	31.03
evening	31.00
expressed	30.29
experiences	30.13
exactly	29.79
evaluation	29.48
equipment	29.13
educational	29.05
exist	28.84
error	28.69
explained	28.34
en	28.13
eventually	27.76
entered	27.41
edge	27.11
ensure	26.46
equation	25.99
expect	25.46
entirely	25.14
eastern	24.93
eat	24.73
evil	24.46
emotional	24.39
extended	24.27
enemy	24.15
establish	23.62
experienced	23.46
eds	23.45
employed	23.43
el	23.41
edition	22.93
express	22.69
examination	22.09
entry	21.94
evolution	21.92
ethnic	21.82
equally	21.46
emphasis	21.45
extremely	21.39
estate	21.37
employee	21.34
election	21.10
electronic	21.06
empire	21.03
executive	20.92
explanation	20.91
engineering	20.17
experimental	19.96
empty	19.47
excellent	19.41
ends	19.35
era	19.26
exposure	18.97
exists	18.91
editor	18.89
estimated	18.79
escape	18.77
ended	18.66
efficiency	18.51
extra	18.45
ed.	18.40
engaged	18.20
enjoy	17.98
easier	17.67
extreme	17.63
equivalent	17.54
effectively	17.53
extensive	17.50
experiment	17.40
eating	17.07
examine	17.00
experiments	17.00
Edward	16.91
expansion	16.84
exception	16.64
economics	16.59
extension	16.46
edited	16.43
evident	16.37
efficient	16.35
establishment	16.24
elsewhere	15.98
enterprise	15.76
expectations	15.62
essentially	15.56
errors	15.52
engine	15.38
estimate	15.29
ethics	15.27
exposed	15.23
ethical	15.16
examined	15.03
entitled	14.78
eds.	14.76
Elizabeth	14.71
ear	14.56
electric	14.55
encourage	14.47
enable	14.37
employer	14.22
emotions	14.11
essay	14.03
EU	13.94
emergency	13.93
empirical	13.69
expenses	13.68
Egypt	13.55
encouraged	13.52
ex	13.47
enjoyed	13.40
equity	13.31
expensive	13.15
elected	13.05
expert	13.03
effectiveness	12.94
emerged	12.94
engage	12.93
excess	12.86
emperor	12.79
expense	12.67
exact	12.60
estimates	12.54
equilibrium	12.49
entrance	12.44
explore	12.30
everywhere	12.27
equality	12.20
everybody	12.19
entity	12.07
elections	11.95
ears	11.91
essays	11.78
extend	11.78
equations	11.77
electrical	11.76
essence	11.74
execution	11.61
enormous	11.61
explains	11.51
everyday	11.49
existed	11.46
entering	11.39
electron	11.32
establishing	11.30
evaluate	11.26
enforcement	11.26
experts	11.12
expressions	11.12
exhibit	11.04
emerging	11.04
encounter	10.99
export	10.98
explicit	10.92
enemies	10.87
emotion	10.72
eternal	10.67
exercises	10.66
extraordinary	10.65
ease	10.63
expanded	10.25
eighteenth	10.23
ending	10.11
educated	10.02
elderly	10.00
environments	9.962
explicitly	9.876
elite	9.814
enhance	9.730
eggs	9.650
earnings	9.626
excessive	9.528
enhanced	9.519
earliest	9.397
employers	9.202
exclusive	9.041
economies	8.942
enterprises	8.892
enabled	8.870
excited	8.845
engagement	8.803
emergence	8.800
encountered	8.765
earned	8.732
entertainment	8.681
enables	8.632
exclusively	8.457
em	8.456
eleven	8.430
executed	8.407
entities	8.404
electricity	8.340
excitement	8.299
expertise	8.298
edges	8.249
expand	8.232
ecological	8.115
exit	8.015
expenditure	7.993
excluded	7.993
embedded	7.973
eliminate	7.965
examining	7.919
explaining	7.888
exclusion	7.865
emerge	7.848
enthusiasm	7.841
egg	7.821
elementary	7.807
exploration	7.743
engineers	7.722
evaluated	7.701
evolutionary	7.618
est	7.612
es	7.602
editors	7.597
excuse	7.589
exceptions	7.537
emphasized	7.506
eve	7.372
er	7.343
employ	7.341
explanations	7.311
exports	7.300
elevated	7.298
Earl	7.288
Egyptian	7.262
eager	7.229
elaborate	7.072
engineer	7.063
evolved	7.052
evidently	7.027
efficacy	6.999
expedition	6.930
extending	6.884
eighteen	6.860
encouraging	6.782
emphasize	6.703
expanding	6.688
embrace	6.686
estimation	6.650
evaluating	6.632
Eric	6.620
episode	6.581
extract	6.535
exhibition	6.528
exclaimed	6.523
earn	6.518
entries	6.514
exciting	6.512
editorial	6.500
enzyme	6.477
expressing	6.468
escaped	6.459
expectation	6.413
Eq	6.365
ego	6.355
esteem	6.329
extends	6.329
enters	6.268
edit	6.260
electoral	6.243
exceed	6.215
explored	6.181
exploring	6.148
emission	6.057
ecology	6.036
enlightenment	6.033
elder	6.029
endless	5.988
exhausted	5.979
engines	5.912
editing	5.902
eighth	5.876
electrons	5.858
email	5.841
equipped	5.833
exploitation	5.779
Evans	5.674
engaging	5.552
Edinburgh	5.532
exile	5.506
ethnicity	5.493
experiencing	5.492
elevation	5.487
ensuring	5.460
eliminated	5.419
emissions	5.387
expenditures	5.376
enabling	5.368
eaten	5.343
exercised	5.339
extraction	5.337
encouragement	5.292
energies	5.232
eighty	5.152
enjoying	5.118
envelope	5.097
Europeans	5.085
echo	5.057
execute	5.055
EC	5.034
excellence	4.960
exceptional	4.942
editions	4.892
eligible	4.883
elegant	4.875
expecting	4.867
eyed	4.865
Emily	4.849
executives	4.847
equals	4.843
enforce	4.839
enzymes	4.830
elimination	4.803
erosion	4.793
exam	4.770
enacted	4.770
Ellen	4.751
Edwards	4.750
explosion	4.733
expresses	4.724
exhibited	4.718
embodied	4.705
exclude	4.704
extensively	4.703
educators	4.698
exchanges	4.692
elastic	4.623
episodes	4.622
economically	4.606
encounters	4.560
elders	4.395
eagle	4.390
embraced	4.385
estates	4.344
emphasizes	4.323
emerges	4.305
Emma	4.290
exhibits	4.287
exchanged	4.261
Excel	4.256
efficiently	4.204
enjoyment	4.191
enclosed	4.145
emotionally	4.135
extracted	4.109
elbow	4.094
economists	4.025
endure	3.988
earnest	3.981
elites	3.968
examines	3.964
exceeds	3.930
exempt	3.926
entrepreneurs	3.922
enduring	3.888
expose	3.880
enhancement	3.861
exotic	3.849
electronics	3.838
employing	3.831
erected	3.827
enthusiastic	3.814
enforced	3.813
enhancing	3.810
eternity	3.790
exploit	3.772
earthquake	3.764
evaluations	3.753
explorer	3.745
earthly	3.717
epic	3.716
embassy	3.707
embarrassed	3.688
enlarged	3.666
exterior	3.642
evolving	3.639
Ellis	3.616
encourages	3.571
exemption	3.530
etc	3.478
expressive	3.469
etal	3.463
explanatory	3.459
excluding	3.414
establishes	3.385
edn	3.383
earning	3.381
empowerment	3.376
exaggerated	3.375
ecclesiastical	3.367
eliminating	3.329
encoding	3.316
extensions	3.300
elect	3.298
EPA	3.295
echoed	3.294
ecosystem	3.293
elephant	3.288
Encyclopedia	3.272
exploited	3.272
examinations	3.249
evangelical	3.244
Einstein	3.242
eminent	3.227
electrode	3.225
exposition	3.214
elevator	3.212
estimating	3.212
exceeded	3.210
epidemic	3.197
emancipation	3.173
ensures	3.151
Eliot	3.146
enlightened	3.144
extinction	3.142
Eugene	3.133
expressly	3.127
eagerly	3.116
ein	3.113
Easter	3.113
enrolled	3.113
evolve	3.111
Emerson	3.107
Edmund	3.084
euro	3.078
Ernest	3.076
envy	3.040
equitable	3.034
exceeding	3.017
Eddie	3.014
exert	2.996
eine	2.980
embarrassment	2.970
entails	2.968
ecosystems	2.957
energetic	2.954
exercising	2.909
echoes	2.898
emphasizing	2.897
erotic	2.885
Eden	2.879
eventual	2.870
economist	2.857
extracts	2.855
exceedingly	2.828
Edgar	2.797
excitation	2.771
electromagnetic	2.765
empathy	2.747
endured	2.743
explosive	2.738
effected	2.735
exodus	2.732
endowed	2.728
explores	2.716
endeavor	2.710
Eisenhower	2.695
Eleanor	2.667
educate	2.653
evils	2.641
extremes	2.637
eyebrows	2.634
embryo	2.629
elasticity	2.623
entertained	2.619
eleventh	2.617
employs	2.597
evenings	2.589
encryption	2.588
endurance	2.587
Edwin	2.574
endangered	2.572
erect	2.565
estrogen	2.544
exploded	2.533
enlargement	2.515
ethic	2.494
entertaining	2.492
Ernst	2.479
expects	2.477
exhaust	2.473
eldest	2.468
entertain	2.465
entrepreneurial	2.461
experimentation	2.460
evenly	2.459
Eva	2.453
ensemble	2.447
ethnographic	2.444
endorsed	2.437
embracing	2.429
exhaustion	2.428
expectancy	2.428
Ethiopia	2.426
ensured	2.424
escort	2.410
exposing	2.409
exquisite	2.403
enrollment	2.403
exerted	2.399
edema	2.398
Esther	2.383
enjoys	2.376
eg	2.375
epithelial	2.362
establishments	2.360
exponential	2.358
easiest	2.358
evoked	2.354
Edith	2.353
executing	2.351
Exp	2.351
evidenced	2.332
eh	2.328
emergent	2.318
enriched	2.309
elaborated	2.303
existential	2.296
esp	2.282
endogenous	2.276
examiner	2.272
enclosure	2.264
epidemiology	2.261
eligibility	2.251
entropy	2.248
endeavour	2.241
enlisted	2.235
enactment	2.228
emigration	2.219
empowered	2.208
expelled	2.185
exemplified	2.182
excavation	2.170
ensuing	2.161
Elliott	2.157
epilepsy	2.156
entrusted	2.155
enquiry	2.148
electrodes	2.144
Egyptians	2.140
enhances	2.138
exceptionally	2.131
embodiment	2.130
encoded	2.124
extremity	2.109
ere	2.104
escaping	2.101
elusive	2.101
endothelial	2.101
ethos	2.090
epistemological	2.073
emptiness	2.065
everlasting	2.060
entrepreneur	2.060
excavations	2.059
Englishman	2.059
ethanol	2.055
erroneous	2.055
entail	2.028
Eng	2.023
expiration	2.020
embarrassing	2.018
equivalence	2.006
empirically	2.006
Elsevier	1.991
episcopal	1.986
extant	1.986
elaboration	1.984
exemplary	1.982
exalted	1.978
elicit	1.960
exams	1.953
eased	1.949
edged	1.948
enrichment	1.931
extracellular	1.929
Eur	1.917
epoch	1.917
exported	1.905
exhibitions	1.905
evaporation	1.904
emitted	1.895
Evelyn	1.882
Essex	1.879
epistemology	1.878
externally	1.872
encompasses	1.869
Elaine	1.865
embarked	1.856
elephants	1.856
etiology	1.855
Ethernet	1.853
economical	1.852
ea	1.839
enormously	1.837
ether	1.835
ecstasy	1.832
envisioned	1.831
endorsement	1.831
exhaustive	1.830
embryonic	1.823
eccentric	1.820
expands	1.815
embryos	1.811
enforcing	1.810
entrepreneurship	1.808
excuses	1.794
encompass	1.781
endowment	1.781
experiential	1.773
earnestly	1.771
expulsion	1.769
experimentally	1.751
earthquakes	1.751
enjoyable	1.745
ethnography	1.744
exposures	1.735
endocrine	1.730
epithelium	1.724
evoke	1.720
eloquent	1.716
encompassing	1.716
elbows	1.706
exporting	1.701
empires	1.700
exploits	1.695
entrenched	1.691
educating	1.690
evacuation	1.686
excessively	1.686
Engl	1.681
educator	1.680
exploiting	1.664
extinct	1.664
einer	1.660
Ella	1.658
expeditions	1.655
extraordinarily	1.649
essentials	1.647
Elijah	1.638
eats	1.636
empress	1.629
envisaged	1.623
engineered	1.614
eloquence	1.611
exhibiting	1.608
engages	1.598
extravagant	1.598
erupted	1.593
existent	1.592
Epstein	1.588
emergencies	1.587
erection	1.585
entitlement	1.583
Ezra	1.581
equivalents	1.580
eddy	1.574
entre	1.573
embody	1.572
endemic	1.570
emptied	1.568
epistemic	1.566
egalitarian	1.560
echoing	1.559
eco	1.558
entailed	1.557
elemental	1.555
exogenous	1.552
environmentally	1.549
explorations	1.548
eclipse	1.548
embraces	1.544
escorted	1.543
excludes	1.542
excavated	1.539
emphasised	1.529
EP	1.521
electorate	1.520
exacerbated	1.520
elicited	1.515
Elliot	1.511
expired	1.510
exemptions	1.504
Erlbaum	1.500
enact	1.499
entirety	1.492
Edison	1.490
excerpts	1.489
electrolyte	1.484
expansive	1.480
exertion	1.477
endeavors	1.473
exploratory	1.470
ee	1.470
eV	1.468
Eliza	1.463
escapes	1.462
enthusiastically	1.462
exchanging	1.461
ensued	1.459
extremities	1.458
eroded	1.454
emperors	1.454
excused	1.449
excerpt	1.444
elegance	1.443
Englewood	1.440
engagements	1.438
emphatically	1.431
ef	1.429
eruption	1.427
elapsed	1.421
Eli	1.416
endorse	1.412
elective	1.410
expended	1.410
excite	1.409
expedient	1.409
eliminates	1.407
elk	1.405
epistle	1.405
engraved	1.402
eyelids	1.394
Elias	1.385
excesses	1.383
Environ	1.376
Excellency	1.369
enlarge	1.363
Erik	1.358
exaggeration	1.356
embodies	1.350
enslaved	1.347
eagerness	1.346
Elvis	1.345
excursion	1.343
Evan	1.336
eastward	1.335
emblem	1.329
extrinsic	1.327
explosives	1.326
electronically	1.324
exiled	1.318
excretion	1.317
endings	1.309
eminence	1.304
Ezekiel	1.303
empowering	1.297
explorers	1.297
erase	1.297
Ecuador	1.286
exposes	1.280
Ethan	1.277
expanse	1.277
esteemed	1.267
explode	1.264
extracting	1.258
esoteric	1.257
equator	1.253
embroidered	1.251
etiquette	1.250
Everett	1.250
enrich	1.246
evokes	1.246
endlessly	1.246
extinguished	1.244
equated	1.244
explosions	1.242
Ethiopian	1.239
Elizabethan	1.235
Englishmen	1.233
Enron	1.231
eagles	1.225
Erasmus	1.215
elevations	1.211
emigrants	1.209
Estonia	1.201
EEG	1.200
Elena	1.197
enumerated	1.193
epilogue	1.187
emanating	1.185
engraving	1.183
exponent	1.182
empower	1.179
epidemiological	1.177
Erie	1.177
enumeration	1.175
electrophoresis	1.173
eBay	1.171
electrostatic	1.170
exiles	1.168
eyebrow	1.159
elle	1.157
Eucharist	1.156
ecstatic	1.156
excursions	1.151
edible	1.151
excise	1.149
ei	1.142
erased	1.139
emerald	1.128
evaluative	1.128
Ethel	1.128
elongated	1.126
emulate	1.126
experimenting	1.124
executions	1.122
ethylene	1.120
ECG	1.120
Elisabeth	1.118
Ellie	1.116
eighties	1.110
escalation	1.108
embark	1.107
enraged	1.104
exits	1.104
eternally	1.102
Emile	1.102
etched	1.099
Engels	1.098
eminently	1.096
emphasise	1.096
endeavoured	1.095
envelopes	1.094
elevate	1.094
encrypted	1.092
Erin	1.085
excision	1.080
engendered	1.080
estimator	1.079
enforceable	1.079
ERP	1.074
eclectic	1.071
edifice	1.070
Edna	1.066
embedding	1.065
enamel	1.064
entangled	1.058
enchanted	1.056
etching	1.053
emphatic	1.045
esophageal	1.042
evidences	1.038
enlist	1.034
edict	1.030
Ellison	1.029
erratic	1.028
encountering	1.026
evade	1.025
evaluates	1.021
envision	1.019
Eileen	1.017
exegesis	1.014
epidemics	1.012
ecumenical	1.012
Emmanuel	1.011
enveloped	1.010
evasion	1.007
evacuated	1.005
encompassed	0.9990
eradication	0.9990
esophagus	0.9953
externalities	0.9944
Eqs	0.9934
episodic	0.9931
Eaton	0.9921
effluent	0.9865
efficiencies	0.9859
Ephesians	0.9853
espoused	0.9839
Exeter	0.9826
Esq	0.9820
executes	0.9787
exponentially	0.9784
exclamation	0.9741
emptying	0.9737
evolves	0.9733
endeavours	0.9715
ester	0.9660
encapsulated	0.9646
equatorial	0.9635
enzymatic	0.9593
embargo	0.9578
evergreen	0.9555
espionage	0.9532
excitedly	0.9527
excepting	0.9429
evangelist	0.9390
encode	0.9375
enmity	0.9327
Enoch	0.9308
evaporated	0.9302
eradicate	0.9289
exhausting	0.9280
exploding	0.9244
estuary	0.9224
euthanasia	0.9207
ephemeral	0.9199
eros	0.9180
emitting	0.9145
electrochemical	0.9130
Ernie	0.9112
ethically	0.9104
esse	0.9101
envoy	0.9095
evangelicals	0.9093
enigma	0.9088
electro	0.9081
Erich	0.9078
earns	0.9065
eerie	0.9005
electors	0.8989
elongation	0.8984
elliptical	0.8944
exporters	0.8918
exerts	0.8918
exempted	0.8911
errand	0.8903
empiricism	0.8888
equate	0.8847
experimented	0.8797
eyewitness	0.8787
Europa	0.8787
embroidery	0.8785
enquiries	0.8772
elm	0.8757
eschatological	0.8728
enigmatic	0.8718
enclosing	0.8716
endoscopic	0.8710
este	0.8700
exemplifies	0.8672
emulsion	0.8650
emigrated	0.8646
exasperated	0.8596
endpoint	0.8498
enthusiasts	0.8496
Elsie	0.8496
Escherichia	0.8474
epistles	0.8456
effusion	0.8439
einem	0.8435
enroll	0.8354
entrances	0.8342
epidural	0.8304
examiners	0.8261
enacting	0.8197
emit	0.8153
efficacious	0.8151
Euclidean	0.8121
endowments	0.8105
eugenics	0.8103
extraneous	0.8091
environmentalists	0.8072
engulfed	0.8062
easing	0.8060
exaggerate	0.8026
enclose	0.8026
earrings	0.8009
exited	0.8000
exertions	0.7997
escalating	0.7970
Emil	0.7958
electrically	0.7919
EMS	0.7915
EEC	0.7914
ethnically	0.7892
enterprising	0.7891
epidermal	0.7819
expel	0.7815
eras	0.7808
executor	0.7799
enshrined	0.7766
enhancements	0.7736
Eduardo	0.7728
emphasises	0.7723
extermination	0.7721
entourage	0.7720
especial	0.7717
endanger	0.7681
Encyclopaedia	0.7681
Euler	0.7672
Erikson	0.7659
exacting	0.7655
endeavored	0.7633
eines	0.7617
equilibria	0.7612
ELISA	0.7608
endometrial	0.7602
elucidate	0.7559
err	0.7521
executable	0.7505
être	0.7501
exemplify	0.7497
erroneously	0.7459
Elmer	0.7455
exclusionary	0.7387
exponents	0.7386
eigenvalues	0.7369
extravagance	0.7342
ebb	0.7328
eruptions	0.7320
encircled	0.7307
emulation	0.7298
exiting	0.7291
enjoined	0.7290
eyelid	0.7277
earnestness	0.7276
E2	0.7275
equip	0.7254
exacerbate	0.7252
envious	0.7251
einen	0.7246
evangelism	0.7243
Erickson	0.7224
epidermis	0.7216
Eastman	0.7212
effecting	0.7206
expire	0.7202
exchequer	0.7186
enlarging	0.7164
Etienne	0.7162
entrants	0.7152
expatriate	0.7130
EB	0.7099
experimenter	0.7073
ethyl	0.7064
embankment	0.7058
etat	0.7054
excreted	0.7022
embodying	0.7009
embolism	0.6992
Etudes	0.6977
encapsulation	0.6966
evocative	0.6960
eloquently	0.6951
Enrique	0.6950
engrossed	0.6948
entitlements	0.6930
excelled	0.6926
escalated	0.6919
Eerdmans	0.6915
epoxy	0.6897
Erica	0.6876
ESL	0.6856
econometric	0.6816
EJ	0.6816
een	0.6808
effectually	0.6787
elegantly	0.6784
EMU	0.6770
elevators	0.6767
enclosures	0.6749
E.D.	0.6740
encodes	0.6733
ectopic	0.6719
EIA	0.6707
envied	0.6705
ensue	0.6690
ebony	0.6686
etre	0.6686
electrolytes	0.6681
exhortation	0.6672
epithet	0.6668
eukaryotic	0.6634
exhaled	0.6631
embarrass	0.6622
engravings	0.6619
Erwin	0.6605
epinephrine	0.6584
exerting	0.6572
emitter	0.6570
exquisitely	0.6567
extremists	0.6555
eo	0.6533
estranged	0.6522
euphoria	0.6514
ejected	0.6513
embarking	0.6512
extremist	0.6501
Ely	0.6494
exuberant	0.6482
emblematic	0.6474
expediency	0.6473
ejection	0.6469
exemplar	0.6461
energized	0.6458
Elgar	0.6438
Edmonton	0.6435
elitist	0.6409
eaters	0.6404
epiphany	0.6401
epitome	0.6391
Euripides	0.6388
Engel	0.6386
exigencies	0.6348
exclusions	0.6345
Ephesus	0.6336
Ecole	0.6313
endpoints	0.6307
expounded	0.6298
emeritus	0.6298
Euphrates	0.6277
ellipse	0.6262
ethnology	0.6260
engender	0.6251
erode	0.6248
exporter	0.6226
esprit	0.6222
encroachment	0.6222
expectant	0.6221
exhilarating	0.6209
ensign	0.6203
esters	0.6198
elector	0.6195
EasyRead	0.6195
Emery	0.6194
Ephraim	0.6186
Elise	0.6178
ethereal	0.6177
elaborately	0.6172
energetically	0.6163
Elisha	0.6161
equalization	0.6161
evangelists	0.6151
errands	0.6137
enchantment	0.6137
emblems	0.6132
encampment	0.6128
evoking	0.6122
editorials	0.6119
extrapolation	0.6118
Ewing	0.6110
enclave	0.6102
exaltation	0.6090
erred	0.6088
earners	0.6085
effectual	0.6080
elated	0.6068
enticing	0.6055
extrusion	0.6052
eyesight	0.6047
eliciting	0.6020
ESA	0.6016
ers	0.6005
Earle	0.6001
Eusebius	0.5998
elevating	0.5993
equivocal	0.5989
entertainments	0.5986
environs	0.5968
enslavement	0.5965
EPS	0.5963
embassies	0.5915
Emilio	0.5906
emphases	0.5891
exasperation	0.5883
Elton	0.5875
Endocrinol	0.5873
Ernesto	0.5872
eyeing	0.5867
eclipsed	0.5865
Elsa	0.5848
essences	0.5847
enriching	0.5847
E.J.	0.5807
ecologically	0.5806
extras	0.5769
extinguish	0.5764
Eyre	0.5763
Esau	0.5761
Emanuel	0.5761
entice	0.5734
Emory	0.5713
etymology	0.5710
enlighten	0.5706
effortlessly	0.5697
encephalitis	0.5695
evacuate	0.5694
Everest	0.5688
eluded	0.5684
expires	0.5684
equating	0.5672
electing	0.5671
exclusivity	0.5669
embellished	0.5668
erstwhile	0.5641
effector	0.5635
encore	0.5631
epileptic	0.5604
earthen	0.5603
exploitative	0.5601
expansions	0.5587
enchanting	0.5581
equates	0.5577
encased	0.5573
eel	0.5569
excised	0.5557
exchanger	0.5556
enlightening	0.5546
Euclid	0.5544
esta	0.5533
expend	0.5522
earthy	0.5493
euros	0.5485
epidemiologic	0.5478
empathic	0.5468
escalate	0.5464
estrangement	0.5463
estado	0.5447
encamped	0.5443
Eskimo	0.5440
EEOC	0.5420
endeavouring	0.5418
Estonian	0.5412
ect	0.5405
Edmond	0.5401
encephalopathy	0.5390
Eritrea	0.5378
enclaves	0.5376
eccentricity	0.5370
environmentalism	0.5363
E.A.	0.5358
erythema	0.5356
excruciating	0.5353
embers	0.5352
exuberance	0.5348
emotive	0.5342
Endocrinology	0.5334
envisage	0.5333
Ellington	0.5332
epochs	0.5328
endorsing	0.5307
estimators	0.5305
Egan	0.5304
envoys	0.5298
enquired	0.5290
endures	0.5264
enrolment	0.5248
eschatology	0.5236
extradition	0.5235
evidentiary	0.5231
endothelium	0.5230
eater	0.5229
elaborates	0.5206
extortion	0.5182
emanated	0.5153
estradiol	0.5148
elegy	0.5131
Ehrlich	0.5131
EMG	0.5126
emancipated	0.5102
elaborating	0.5080
elf	0.5075
eucharistic	0.5073
erecting	0.5072
essentialist	0.5054
embed	0.5053
ensembles	0.5052
evasive	0.5050
Edo	0.5042
eaves	0.5027
Elinor	0.5023
evinced	0.5018
errant	0.5018
evaporate	0.5017
excitatory	0.5014
executioner	0.5007
eradicated	0.5006
enunciated	0.4999
entwined	0.4995
Emilia	0.4986
entanglement	0.4976
E.M.	0.4976
Easton	0.4976
emphasising	0.4974
Evanston	0.4963
exhorted	0.4956
ejaculation	0.4955
elucidated	0.4944
exhale	0.4937
entrapment	0.4934
emphysema	0.4934
eucalyptus	0.4930
emigrate	0.4923
emails	0.4917
enquire	0.4911
expropriation	0.4907
ETA	0.4905
erupt	0.4901
explication	0.4891
excepted	0.4885
EDTA	0.4883
evocation	0.4881
extracurricular	0.4872
emits	0.4860
EDI	0.4859
epitaph	0.4842
enthalpy	0.4841
expatriates	0.4837
epics	0.4820
exorbitant	0.4815
estoppel	0.4811
elude	0.4787
elicits	0.4783
exemplars	0.4767
Eurasian	0.4753
exclaims	0.4751
evaluator	0.4745
ent	0.4732
Eisenberg	0.4729
evaded	0.4712
ensues	0.4709
equities	0.4699
Erskine	0.4686
easement	0.4675
enactments	0.4657
Estelle	0.4650
eyelashes	0.4648
emanate	0.4643
eroding	0.4642
enim	0.4641
expeditionary	0.4631
eigenvalue	0.4624
encircling	0.4615
Exxon	0.4615
extremism	0.4606
enormity	0.4590
eulogy	0.4589
egregious	0.4589
essentialism	0.4588
extensible	0.4581
eroticism	0.4572
exaggerating	0.4559
emigrant	0.4552
Eisner	0.4545
escrow	0.4540
embroiled	0.4539
eviction	0.4532
Eduard	0.4529
entertainers	0.4522
exacted	0.4500
earls	0.4485
empowers	0.4474
ergonomics	0.4470
earmarked	0.4466
egoism	0.4453
exclaim	0.4452
Emmett	0.4449
estuaries	0.4418
enthusiast	0.4414
edging	0.4401
elation	0.4394
elucidation	0.4393
enumerate	0.4380
excites	0.4379
eczema	0.4379
epitomized	0.4358
Enrico	0.4355
epithets	0.4336
ence	0.4319
equanimity	0.4319
evaluators	0.4312
emaciated	0.4302
effeminate	0.4299
encoder	0.4292
Edouard	0.4278
Eurasia	0.4276
egalitarianism	0.4273
entitle	0.4272
erasure	0.4257
Erika	0.4251
estimations	0.4243
elects	0.4242
endocarditis	0.4223
Eton	0.4221
erectile	0.4221
E.R.	0.4217
ECM	0.4216
Ericsson	0.4215
extrapolated	0.4212
ek	0.4193
ethno	0.4188
ergo	0.4172
Ellsworth	0.4164
erythrocytes	0.4140
expedite	0.4133
elasticities	0.4125
Etruscan	0.4105
Estes	0.4100
entrust	0.4091
existentialism	0.4086
escorts	0.4085
EW	0.4076
externality	0.4072
Elgin	0.4065
egos	0.4046
ext	0.4045
endorses	0.4042
endeavoring	0.4037
extricate	0.4030
Eisenstein	0.4029
exhilaration	0.4025
estrogens	0.4021
Eichmann	0.4014
endnotes	0.4009
enteric	0.4007
eventful	0.4006
earner	0.4005
erythematosus	0.4001
Epidemiol	0.3999
eyeball	0.3995
equestrian	0.3994
exclaiming	0.3991
ecologists	0.3968
expiry	0.3950
emancipatory	0.3946
edits	0.3941
Ecclesiastes	0.3941
Eccles	0.3937
enlisting	0.3936
enforces	0.3936
erudition	0.3929
effortless	0.3920
embittered	0.3919
executors	0.3916
Edelman	0.3912
empiricist	0.3910
enmeshed	0.3909
equaled	0.3899
earshot	0.3888
endearing	0.3880
espouse	0.3879
expressionism	0.3877
est.	0.3867
endangering	0.3863
excommunication	0.3858
enlistment	0.3856
exalt	0.3855
emboldened	0.3853
expertly	0.3851
evidential	0.3838
Emmy	0.3835
elves	0.3832
Edwardian	0.3824
Eustace	0.3823
Eunice	0.3822
exegetical	0.3817
encrypt	0.3814
endow	0.3812
equivalently	0.3806
excerpted	0.3802
expectantly	0.3797
entreated	0.3793
exhortations	0.3789
eau	0.3787
eddies	0.3785
enacts	0.3781
EMI	0.3778
expository	0.3774
Entwicklung	0.3769
emissaries	0.3750
edicts	0.3750
entreaties	0.3749
Everglades	0.3715
encapsulates	0.3713
extruded	0.3713
Edie	0.3699
effusions	0.3693
emulsions	0.3688
evicted	0.3678
equine	0.3677
emissary	0.3665
emulated	0.3665
elegans	0.3663
elliptic	0.3655
encroaching	0.3651
enthralled	0.3651
emanates	0.3650
explodes	0.3642
exultation	0.3637
erasing	0.3637
easterly	0.3634
Estudios	0.3632
endoplasmic	0.3618
effigy	0.3611
econometrics	0.3608
extolled	0.3603
engenders	0.3599
Estrada	0.3591
euphemism	0.3584
escorting	0.3583
empathetic	0.3582
enveloping	0.3580
exacerbation	0.3578
enticed	0.3576
enviable	0.3576
Emirates	0.3554
easel	0.3550
ESR	0.3549
eggplant	0.3547
Esquire	0.3540
Educ	0.3534
egotism	0.3530
elevates	0.3529
erudite	0.3525
Eliade	0.3520
eraser	0.3520
evading	0.3514
Ebenezer	0.3505
Epicurus	0.3501
expound	0.3489
Edmonds	0.3480
equalled	0.3470
Eurocentric	0.3462
enrolling	0.3462
entreat	0.3451
expiratory	0.3451
electrified	0.3446
efferent	0.3444
eases	0.3444
etiam	0.3441
eels	0.3440
Emir	0.3437
etude	0.3431
emanation	0.3425
epigraph	0.3425
embossed	0.3424
encapsulate	0.3418
entranced	0.3416
encrusted	0.3408
eyeballs	0.3405
equinox	0.3398
entente	0.3394
Essai	0.3389
extensor	0.3386
Eldridge	0.3383
ensconced	0.3383
empties	0.3366
encyclopedic	0.3363
Eureka	0.3357
esthetic	0.3356
egocentric	0.3354
exhalation	0.3353
endorsements	0.3349
edu	0.3346
envisioning	0.3335
Esteban	0.3328
Enid	0.3320
enjoin	0.3299
encumbered	0.3295
E1	0.3288
edgy	0.3288
enema	0.3284
echelons	0.3283
eschew	0.3276
evaporates	0.3274
eschewed	0.3272
endoscopy	0.3271
excitable	0.3270
elixir	0.3260
elitism	0.3255
ess	0.3255
E3	0.3252
Eastwood	0.3248
edification	0.3245
eavesdropping	0.3236
essayist	0.3232
earthenware	0.3232
edifices	0.3232
entitles	0.3231
enamored	0.3230
exorcism	0.3229
exactness	0.3226
embryology	0.3221
eclipses	0.3215
expansionist	0.3194
eunuch	0.3192
excommunicated	0.3183
envisions	0.3180
extrapolate	0.3179
excitations	0.3164
ETS	0.3159
Eugenia	0.3159
egress	0.3154
Eskimos	0.3153
expectancies	0.3145
entertainer	0.3144
encroachments	0.3133
exportation	0.3132
Edgeworth	0.3129
employments	0.3127
E.C.	0.3126
entrant	0.3123
exterminated	0.3120
ethnicities	0.3119
ellipses	0.3108
evanescent	0.3107
eukaryotes	0.3106
edifying	0.3103
été	0.3099
Econ	0.3089
expelling	0.3088
exhaustively	0.3087
enunciation	0.3083
Eiffel	0.3077
excrement	0.3076
expressiveness	0.3072
enlivened	0.3068
expressionless	0.3066
expositions	0.3065
Eagleton	0.3063
eventuality	0.3041
Enquirer	0.3023
Escobar	0.3022
empathize	0.3022
excitability	0.3019
Ebert	0.3015
enlarges	0.3011
engendering	0.3010
erythrocyte	0.3008
equitably	0.3004
Eph	0.2998
entrapped	0.2996
exclamations	0.2985
extraterrestrial	0.2984
emblazoned	0.2983
expedited	0.2981
embezzlement	0.2980
Essen	0.2977
enthroned	0.2970
Evers	0.2970
Ecol	0.2968
embeddedness	0.2967
eared	0.2963
eyeglasses	0.2957
ethnological	0.2951
extinctions	0.2949
equalize	0.2949
eerily	0.2949
entrails	0.2945
eunuchs	0.2942
encloses	0.2941
Eliezer	0.2937
electrician	0.2937
Elie	0.2933
ethnographer	0.2933
evangelistic	0.2928
equipping	0.2928
elongate	0.2893
Elvira	0.2887
entanglements	0.2884
Eckhart	0.2884
Ekman	0.2882
enjoyments	0.2878
epistolary	0.2875
experimenters	0.2870
enslave	0.2864
ethnographers	0.2862
enrollments	0.2860
Espana	0.2859
elms	0.2852
ell	0.2849
ethnocentric	0.2844
electrocardiogram	0.2843
effluents	0.2843
embellishment	0.2842
etymological	0.2841
Elec	0.2840
E.H.	0.2834
explicate	0.2829
Eugen	0.2825
expanses	0.2823
embattled	0.2822
exterminate	0.2805
etch	0.2800
Eberhard	0.2799
efflux	0.2785
exchangeable	0.2776
ellipsis	0.2774
eradicating	0.2772
existences	0.2765
effaced	0.2761
exacdy	0.2751
envisages	0.2750
exchangers	0.2733
entree	0.2727
echocardiography	0.2717
educative	0.2716
encircle	0.2716
Edmunds	0.2714
expressway	0.2714
educationally	0.2712
entailing	0.2702
entomology	0.2700
eponymous	0.2700
evermore	0.2699
explicable	0.2697
Engle	0.2693
E.L.	0.2672
enhancer	0.2671
eigenvectors	0.2670
equipments	0.2669
estuarine	0.2662
euphoric	0.2662
Ende	0.2660
Egerton	0.2654
Eloise	0.2650
engulf	0.2644
eccentricities	0.2643
extramarital	0.2641
Eriksson	0.2639
Emilie	0.2639
Elbe	0.2636
Emmet	0.2635
echelon	0.2629
Eckert	0.2624
E.P.	0.2623
Ediciones	0.2604
Everyman	0.2602
Electra	0.2600
ejaculated	0.2598
eyewitnesses	0.2595
elicitation	0.2595
Ethiopians	0.2589
EMC	0.2587
environmentalist	0.2587
E.S.	0.2587
exhort	0.2584
elapse	0.2577
easygoing	0.2575
Eq.	0.2574
embellishments	0.2573
excavating	0.2568
energizing	0.2566
electrophysiological	0.2563
endometrium	0.2547
extents	0.2546
energize	0.2542
emulating	0.2525
Expo	0.2522
expendable	0.2519
etiologies	0.2518
exacerbations	0.2517
ewe	0.2516
ethnocentrism	0.2516
Eugenie	0.2515
exuded	0.2513
engraver	0.2513
Esposito	0.2509
eastwards	0.2504
enriches	0.2504
erythromycin	0.2500
E.T.	0.2495
eludes	0.2494
emeralds	0.2493
embellish	0.2490
endeared	0.2485
Elkins	0.2482
extinguishing	0.2477
evince	0.2476
entreaty	0.2474
evergreens	0.2474
EAP	0.2473
electrification	0.2473
Epicurean	0.2473
erring	0.2471
ESPN	0.2469
easements	0.2464
eject	0.2464
entertains	0.2459
espresso	0.2455
E.B.	0.2455
equidistant	0.2454
emporium	0.2448
exhorting	0.2446
earthworks	0.2441
evangelization	0.2435
egotistical	0.2435
ewes	0.2430
ersten	0.2429
egoistic	0.2427
endo	0.2421
Errol	0.2418
enthused	0.2417
encyclopedias	0.2411
expansionary	0.2408
excellently	0.2399
exhibitors	0.2397
evolutions	0.2397
equilateral	0.2397
emptive	0.2391
Englishness	0.2389
expeditious	0.2385
extolling	0.2381
equilibration	0.2380
encroach	0.2373
exudate	0.2373
emboli	0.2371
epigram	0.2369
exacerbating	0.2366
E.E.	0.2365
electrolysis	0.2365
Esperanza	0.2359
existentialist	0.2359
escarpment	0.2359
extrapolating	0.2357
expiring	0.2353
Eldon	0.2350
Ewald	0.2348
extractive	0.2335
elucidating	0.2330
eugenic	0.2328
eis	0.2327
effacing	0.2319
erupts	0.2317
enliven	0.2314
emigres	0.2310
escalator	0.2306
erupting	0.2305
embryogenesis	0.2304
Eugenio	0.2300
entryway	0.2299
eighteenthcentury	0.2293
emigre	0.2293
evaporating	0.2285
earthworms	0.2281
Ervin	0.2278
expeditiously	0.2274
elegiac	0.2273
electrophoretic	0.2264
expansionism	0.2264
excels	0.2260
Elihu	0.2258
electrolytic	0.2255
expounding	0.2248
eclecticism	0.2245
exceptionalism	0.2241
embankments	0.2240
ered	0.2238
Elia	0.2232
excavate	0.2232
editorship	0.2226
expiation	0.2222
ez	0.2218
exothermic	0.2217
E.W.	0.2209
Ennis	0.2204
exacerbates	0.2201
enumerates	0.2197
exasperating	0.2195
emotionality	0.2195
executioners	0.2191
exaggerations	0.2189
enfant	0.2178
exonerated	0.2175
eyepiece	0.2175
ESC	0.2173
earring	0.2172
entrees	0.2171
emanations	0.2167
envelop	0.2167
earths	0.2164
emitters	0.2164
eons	0.2162
Enfield	0.2161
epicenter	0.2156
elaborations	0.2155
exclusiveness	0.2155
explicated	0.2149
embodiments	0.2147
ebbed	0.2147
excusable	0.2142
enumerating	0.2134
etchings	0.2129
expedients	0.2121
espousing	0.2112
eBook	0.2108
extravagantly	0.2106
exhausts	0.2095
ergonomic	0.2093
Elam	0.2086
E.F.	0.2079
expressionist	0.2069
Etta	0.2064
etiological	0.2062
equivocation	0.2061
ennui	0.2057
Episcopalian	0.2055
eke	0.2052
Elmore	0.2051
excusing	0.2047
ecclesiastics	0.2044
epitomizes	0.2038
exhorts	0.2034
Exod	0.2034
enraptured	0.2028
Elster	0.2028
escapades	0.2028
etiologic	0.2027
Eck	0.2024
elution	0.2024
extol	0.2019
Elbert	0.2014
Espinosa	0.2011
enfranchisement	0.2010
exactions	0.2004
endorphins	0.2003
exec	0.2001
enquiring	0.1998
embarkation	0.1995
erections	0.1993
equalizer	0.1993
entrenchment	0.1989
extort	0.1985
enforceability	0.1984
ethers	0.1978
effusive	0.1971
erodes	0.1968
Englanders	0.1961
Elmo	0.1958
erases	0.1957
estimable	0.1954
exhilarated	0.1951
ESI	0.1951
enthusiasms	0.1949
evangelicalism	0.1944
Excelsior	0.1944
ethnologist	0.1941
ebbing	0.1939
Economica	0.1936
exhaling	0.1935
entrainment	0.1930
Endicott	0.1923
exultant	0.1923
electorates	0.1917
endotracheal	0.1912
electromechanical	0.1909
effet	0.1907
efface	0.1907
evict	0.1906
Emmons	0.1906
Elwood	0.1895
Eudora	0.1888
Elohim	0.1884
effectors	0.1883
exempts	0.1881
enjoins	0.1874
exaggerates	0.1870
endows	0.1870
exemplifying	0.1866
equalizing	0.1865
encroached	0.1863
expropriated	0.1861
emancipate	0.1857
eius	0.1856
EMT	0.1842
encyclical	0.1840
epistemologies	0.1840
enfeebled	0.1837
è	0.1837
eschewing	0.1836
extractions	0.1829
epigrams	0.1829
Edgerton	0.1827
exon	0.1827
emigrating	0.1826
expending	0.1823
excretory	0.1818
exactitude	0.1816
extraterritorial	0.1814
effigies	0.1812
enamoured	0.1811
EKG	0.1807
engulfing	0.1806
exempting	0.1805
extorted	0.1802
ecotourism	0.1801
epigenetic	0.1800
Erhard	0.1788
e.g	0.1788
effacement	0.1783
encumbrance	0.1782
emplacement	0.1781
Englishwoman	0.1777
evaporative	0.1774
exoticism	0.1767
excavators	0.1766
extensional	0.1764
erratically	0.1759
erosive	0.1756
ephemera	0.1752
Epictetus	0.1749
extinguisher	0.1748
editable	0.1744
equivalency	0.1741
Egon	0.1737
Egbert	0.1734
Ellery	0.1729
exons	0.1725
emoluments	0.1724
elbowed	0.1717
Everson	0.1716
earphones	0.1715
energetics	0.1715
enrollees	0.1714
excrete	0.1713
erosions	0.1711
ens	0.1710
Edom	0.1709
encumbrances	0.1704
ellipsoid	0.1697
exigency	0.1697
Episcopalians	0.1697
Elba	0.1692
employability	0.1691
epochal	0.1691
Essenes	0.1689
endowing	0.1687
ethicists	0.1682
Ehrenreich	0.1678
enfants	0.1676
eral	0.1673
ecclesial	0.1672
Emmaus	0.1670
entrusting	0.1668
ennobled	0.1665
electricians	0.1664
engrossing	0.1661
equalized	0.1658
elles	0.1656
Ehlers	0.1643
eschews	0.1641
exude	0.1640
E4	0.1639
Ewen	0.1637
educations	0.1637
exemplification	0.1636
encouragingly	0.1635
embarrassments	0.1634
externalizing	0.1628
embalmed	0.1619
enemas	0.1617
exulted	0.1615
externals	0.1614
ecclesiastic	0.1614
Estados	0.1609
Elmira	0.1602
enjoining	0.1599
enforcers	0.1597
evacuating	0.1595
eth	0.1590
enabler	0.1590
Etna	0.1588
extricated	0.1588
evinces	0.1586
Eleazar	0.1585
evolutionists	0.1585
extensibility	0.1584
encapsulating	0.1579
exilic	0.1574
enhancers	0.1570
expunged	0.1569
ethnographies	0.1568
Editora	0.1566
exudes	0.1566
exonerate	0.1565
escapade	0.1563
elegies	0.1562
ete	0.1558
expandable	0.1557
eardrum	0.1551
Ewell	0.1548
eluding	0.1547
effeminacy	0.1547
Eisen	0.1541
equipage	0.1539
epigastric	0.1536
exteriors	0.1535
Eamon	0.1535
enfranchised	0.1534
Etats	0.1533
Europeanization	0.1531
embalming	0.1528
envelops	0.1524
exalts	0.1520
exculpatory	0.1518
Eisenstadt	0.1513
eff	0.1512
expulsions	0.1511
ECA	0.1503
enfolded	0.1502
Ericson	0.1502
effete	0.1502
exhumed	0.1501
exploiters	0.1500
Erving	0.1500
encirclement	0.1497
état	0.1496
encampments	0.1494
evidencing	0.1491
electrifying	0.1490
Enright	0.1490
Eckstein	0.1489
Everard	0.1489
Eyck	0.1484
economize	0.1484
ensnared	0.1484
effectuate	0.1479
exercisable	0.1474
exalting	0.1472
extravaganza	0.1471
eutrophication	0.1471
Ellwood	0.1465
eggshell	0.1460
Ewart	0.1457
endearment	0.1456
ecclesia	0.1456
endangers	0.1455
enslaving	0.1455
eosinophils	0.1453
embarks	0.1451
effrontery	0.1450
eighths	0.1447
exorcise	0.1446
electromagnetism	0.1443
EPR	0.1442
entrench	0.1440
exudates	0.1440
evacuees	0.1438
Empedocles	0.1437
entrained	0.1433
embarrassingly	0.1430
erythropoietin	0.1427
exogenously	0.1426
enforcer	0.1424
expounds	0.1421
escapism	0.1421
Erlangen	0.1421
empiricists	0.1415
ennobling	0.1414
expensively	0.1413
extractor	0.1412
Etruscans	0.1412
Etzioni	0.1410
Eder	0.1408
eux	0.1406
ECU	0.1405
Earthscan	0.1399
espouses	0.1397
e'en	0.1396
entitling	0.1395
Edelstein	0.1395
ECB	0.1393
essayed	0.1392
extirpation	0.1392
EEA	0.1391
Ewan	0.1390
escapist	0.1389
Edvard	0.1387
empiric	0.1386
Eire	0.1385
evictions	0.1379
enlargements	0.1378
expletive	0.1377
entombed	0.1376
Epsom	0.1376
extravagances	0.1375
Econometrica	0.1374
encrypting	0.1372
ecstasies	0.1371
ebullient	0.1370
ersatz	0.1366
Enzo	0.1364
encircles	0.1363
exulting	0.1358
Eindhoven	0.1358
electives	0.1357
els	0.1356
equilibrated	0.1355
ermine	0.1354
entided	0.1354
extinguishers	0.1352
entrap	0.1350
exemple	0.1350
educates	0.1349
endear	0.1348
escalates	0.1346
eavesdrop	0.1345
euphemisms	0.1343
existentially	0.1342
Eames	0.1340
enrol	0.1338
explainable	0.1338
Eisler	0.1336
erat	0.1335
evasions	0.1334
epitopes	0.1332
etcetera	0.1332
Erfurt	0.1332
elopement	0.1330
entreating	0.1330
explicating	0.1327
evolutionarily	0.1327
emendation	0.1325
eatery	0.1325
erotica	0.1324
ey	0.1323
evildoers	0.1318
epitaphs	0.1318
endogenously	0.1317
ecumenism	0.1316
Ehud	0.1314
epistemologically	0.1307
embolus	0.1307
extravasation	0.1306
excavator	0.1306
expressible	0.1305
Edmondson	0.1304
ecliptic	0.1304
externalized	0.1299
extenuating	0.1299
ecologist	0.1298
excelling	0.1292
Eldorado	0.1292
Eph.	0.1288
Escher	0.1287
Espanola	0.1287
Earhart	0.1285
escapees	0.1285
ethnics	0.1285
eateries	0.1285
euphemistically	0.1283
Elkin	0.1282
e'er	0.1282
experientially	0.1280
Engelhardt	0.1280
earlobe	0.1279
excruciatingly	0.1278
exegetes	0.1278
Englander	0.1277
excreta	0.1274
excitements	0.1272
eulogies	0.1272
Eurocentrism	0.1270
Entstehung	0.1269
eloped	0.1269
embeds	0.1268
ences	0.1266
Elysees	0.1264
elucidates	0.1264
exteriority	0.1264
ects	0.1258
ecclesiology	0.1255
execrable	0.1254
entropic	0.1254
evades	0.1252
explicitness	0.1249
elocution	0.1246
epitomize	0.1241
exploitable	0.1237
eluted	0.1234
eos	0.1232
episteme	0.1226
elided	0.1226
erste	0.1223
Ecuadorian	0.1223
eBooks	0.1222
episcopate	0.1221
evangelize	0.1216
earthworm	0.1211
emasculated	0.1210
Englishspeaking	0.1208
Ergebnisse	0.1207
extractable	0.1203
espace	0.1202
espousal	0.1201
Easterners	0.1200
easternmost	0.1200
entailment	0.1198
Engelmann	0.1196
elision	0.1196
evolutionism	0.1195
exe	0.1192
explosively	0.1189
ESRC	0.1189
empt	0.1188
Ebola	0.1184
estudio	0.1184
expressivity	0.1182
Ezek	0.1180
eventualities	0.1178
Eurydice	0.1177
E.O.	0.1173
embolization	0.1168
emotionalism	0.1167
Edizioni	0.1164
etymologically	0.1163
eves	0.1162
epidemiologists	0.1159
enablers	0.1157
Elson	0.1157
externalization	0.1156
exult	0.1156
exacts	0.1155
exhibitionism	0.1154
Escuela	0.1154
EMBO	0.1152
esplanade	0.1147
evenness	0.1147
ean	0.1147
endangerment	0.1143
Elman	0.1143
enigmas	0.1139
emailed	0.1135
evocations	0.1133
effervescence	0.1129
exterminating	0.1128
Einaudi	0.1126
E.K.	0.1125
earthwork	0.1123
enticement	0.1122
espied	0.1118
extroverted	0.1118
extrapolations	0.1113
Enos	0.1112
entangle	0.1112
entendre	0.1106
expletives	0.1105
Evansville	0.1099
eclipsing	0.1099
E6	0.1096
ejaculate	0.1096
errs	0.1092
effervescent	0.1088
electroencephalogram	0.1085
equivalences	0.1084
emotionless	0.1083
equable	0.1083
enchantments	0.1083
earthbound	0.1077
exuding	0.1077
Euston	0.1075
Economia	0.1072
enlists	0.1071
ese	0.1069
embellishing	0.1064
ecologies	0.1063
expressively	0.1063
expediting	0.1061
erst	0.1061
elan	0.1060
enunciate	0.1059
enamelled	0.1058
exhalations	0.1057
emplacements	0.1057
expiate	0.1054
equaling	0.1052
escalators	0.1049
ecstatically	0.1049
extirpated	0.1046
E0	0.1042
engorged	0.1041
encomium	0.1037
evolutionist	0.1036
esthetics	0.1035
extols	0.1035
energizes	0.1035
emendations	0.1033
enshrine	0.1029
epitomised	0.1028
epitope	0.1027
etwas	0.1026
E.N.	0.1026
Eglise	0.1024
endometriosis	0.1024
eights	0.1020
enlivening	0.1015
experi	0.1015
emulates	0.1014
encyclopaedic	0.1012
ebbs	0.1012
E.V.	0.1008
extralegal	0.1007
equalities	0.1007
erotically	0.1007
exorcised	0.1006
eggshells	0.1004
Essais	0.09981
exotics	0.09979
extrovert	0.09958
entrancing	0.09903
Evert	0.09901
excellences	0.09893
expunge	0.09883
Ernestine	0.09875
extemporaneous	0.09862
embargoes	0.09855
Effie	0.09834
engravers	0.09814
E5	0.09796
episcopacy	0.09791
expels	0.09789
E.I.	0.09764
electioneering	0.09750
España	0.09747
evacuations	0.09717
Evol	0.09706
Ex.	0.09700
Elks	0.09697
excoriated	0.09661
extirpate	0.09651
Economie	0.09647
eardrums	0.09643
Evangeline	0.09637
Eysenck	0.09618
eccentrics	0.09614
enmities	0.09582
ering	0.09537
eyelash	0.09498
ensnare	0.09472
ejecting	0.09470
endocytosis	0.09468
expansively	0.09460
Editrice	0.09445
ele	0.09435
evincing	0.09433
endued	0.09421
était	0.09421
efflorescence	0.09405
embroider	0.09387
enlightens	0.09374
entangling	0.09366
exigent	0.09363
exhumation	0.09280
enthralling	0.09273
entranceway	0.09254
earpiece	0.09230
equilibrate	0.09185
ethane	0.09129
enameled	0.09128
emetic	0.09120
enthronement	0.09112
entomologist	0.09091
elope	0.09085
equips	0.09076
employable	0.09067
ember	0.09047
eulogized	0.09035
emasculation	0.09020
eightieth	0.09014
epiphanies	0.09013
emancipating	0.09010
envying	0.09002
endurable	0.08983
etymologies	0.08977
essayists	0.08977
eruptive	0.08941
Edson	0.08939
envisaging	0.08933
enzymatically	0.08927
Emerg	0.08926
Elspeth	0.08871
erects	0.08841
enervating	0.08833
erectus	0.08831
exuberantly	0.08792
edify	0.08774
earmarks	0.08765
Elysian	0.08756
encumber	0.08714
ethnologists	0.08704
elusiveness	0.08688
evidendy	0.08682
esque	0.08678
extricating	0.08677
euphemistic	0.08677
extraordinaire	0.08620
Ehrenberg	0.08620
egrets	0.08610
entrepot	0.08599
emaciation	0.08591
eyeliner	0.08576
eroticized	0.08496
exhales	0.08489
explicates	0.08479
earplugs	0.08476
expansiveness	0.08441
earlobes	0.08438
eon	0.08424
egged	0.08419
epsilon	0.08414
Esmond	0.08410
entrenchments	0.08405
exoteric	0.08391
expropriate	0.08385
ents	0.08375
eked	0.08335
expends	0.08335
extradited	0.08319
ε	0.08302
Endymion	0.08292
enunciating	0.08277
embezzled	0.08261
engulfs	0.08239
editorialized	0.08234
extinguishes	0.08228
enfold	0.08210
enteritis	0.08202
Edenic	0.08171
evasively	0.08160
enrolls	0.08154
emption	0.08142
enigmatically	0.08123
Ecce	0.08122
extradite	0.08118
enticements	0.08117
embroidering	0.08107
ellipsoidal	0.08105
exoneration	0.08093
electrocution	0.08077
enviously	0.08060
emic	0.08060
elastically	0.08045
Erb	0.08037
entrenching	0.07992
effortful	0.07972
enchant	0.07957
exportable	0.07954
expence	0.07949
entrusts	0.07937
étude	0.07928
externalize	0.07914
eld	0.07883
electrocuted	0.07871
Everitt	0.07869
exploitive	0.07861
envies	0.07847
extorting	0.07820
Eastbourne	0.07817
Editore	0.07788
extremis	0.07781
economizing	0.07776
equinoxes	0.07775
evangelizing	0.07773
engrave	0.07769
ennoble	0.07760
earlv	0.07746
Elysium	0.07741
empted	0.07736
epigraphs	0.07730
édition	0.07712
equipoise	0.07640
everincreasing	0.07611
Epicureans	0.07608
endearments	0.07607
eightfold	0.07587
ern	0.07578
everlastingly	0.07525
eastbound	0.07521
eyesore	0.07517
encouragements	0.07452
eccentrically	0.07436
enfolding	0.07430
enumerations	0.07426
employes	0.07412
ejus	0.07407
essentialized	0.07399
excursus	0.07390
evenhanded	0.07369
entices	0.07365
Evian	0.07353
elfin	0.07304
ery	0.07288
edematous	0.07285
excellencies	0.07274
essentializing	0.07272
elbowing	0.07262
epicentre	0.07247
elastin	0.07235
eum	0.07224
endgame	0.07200
enervated	0.07195
études	0.07170
egregiously	0.07160
enshrines	0.07091
exorcisms	0.07074
excommunicate	0.07066
Eben	0.07063
experimentalists	0.07047
eorum	0.07006
erasers	0.06993
epi	0.06973
explications	0.06964
erence	0.06942
Eriksen	0.06889
exploiter	0.06844
exaction	0.06818
enculturation	0.06798
erasures	0.06786
encrypts	0.06782
Enders	0.06769
enlivens	0.06765
encasing	0.06736
Egmont	0.06674
extempore	0.06664
extrajudicial	0.06659
Ed.D.	0.06584
elapses	0.06584
ethicist	0.06548
extortionate	0.06540
engrained	0.06534
enced	0.06530
Espagne	0.06526
esp.	0.06518
eg.	0.06499
empathizing	0.06466
embroideries	0.06464
etait	0.06430
educationalists	0.06424
edified	0.06399
effusively	0.06394
Engler	0.06391
excretions	0.06365
ejaculations	0.06357
Etruria	0.06344
ethology	0.06325
expostulated	0.06320
equi	0.06311
elide	0.06308
Eglinton	0.06298
endorphin	0.06292
effulgence	0.06283
enrage	0.06281
expedience	0.06278
eigenvector	0.06265
everv	0.06260
Eid	0.06252
exhibitor	0.06130
excising	0.06121
epigrammatic	0.06119
Eocene	0.06105
eyeglass	0.06105
ensigns	0.06081
enchantress	0.06058
embezzling	0.06057
elides	0.06052
Editores	0.06040
escapee	0.06026
Erdmann	0.06025
equalling	0.06012
extraits	0.06008
endotoxin	0.05994
embarrasses	0.05987
easiness	0.05958
exoskeleton	0.05954
editorially	0.05934
epiphenomenon	0.05929
Englishlanguage	0.05913
evened	0.05899
enshrouded	0.05890
Earp	0.05844
evicting	0.05833
encroaches	0.05793
eking	0.05770
ened	0.05760
Einleitung	0.05750
everpresent	0.05741
Evangelista	0.05736
Éditions	0.05700
entrée	0.05635
emolument	0.05620
Egger	0.05602
eventuate	0.05574
exclusivist	0.05555
Espanol	0.05545
Esso	0.05527
expiated	0.05519
enshrining	0.05518
enormities	0.05514
extrude	0.05514
électronique	0.05511
eviscerated	0.05498
Estrella	0.05486
esto	0.05456
effaces	0.05432
emptor	0.05424
EGF	0.05410
electromotive	0.05407
Ecrits	0.05386
ene	0.05379
enunciates	0.05307
eddying	0.05296
exasperate	0.05295
engagingly	0.05283
elongating	0.05274
educationists	0.05258
eatin	0.05242
empathized	0.05234
externa	0.05233
eft	0.05195
egoist	0.05191
Eurostat	0.05159
extroversion	0.05154
Emmerich	0.05153
exonerating	0.05150
exudation	0.05147
exculpate	0.05144
execs	0.05138
Epirus	0.05113
exotica	0.05100
endothermic	0.05098
eying	0.05079
et.al.	0.05054
educa	0.05024
evasiveness	0.05010
engorgement	0.05004
Eddington	0.05001
enlevés	0.04967
espe	0.04956
extendable	0.04934
ees	0.04904
excrescences	0.04884
episodically	0.04873
encamp	0.04871
Esperanto	0.04850
Eggleston	0.04805
earmark	0.04798
effectuated	0.04791
earful	0.04776
experimentalist	0.04769
encase	0.04754
eas	0.04750
epithelia	0.04748
existe	0.04743
Erde	0.04657
esteems	0.04628
earldom	0.04617
extravaganzas	0.04608
endnote	0.04605
execration	0.04603
edibles	0.04585
enlistments	0.04557
expatriation	0.04539
ethnographically	0.04533
evi	0.04523
ejects	0.04505
enthuse	0.04498
egotistic	0.04495
Effingham	0.04480
Excalibur	0.04477
enchanter	0.04471
escutcheon	0.04465
exorcising	0.04463
eagled	0.04456
empathise	0.04454
emended	0.04437
EPC	0.04424
eminences	0.04417
egging	0.04412
emcee	0.04396
expositor	0.04382
engross	0.04377
erogenous	0.04370
evilly	0.04354
estab	0.04349
explorative	0.04329
energised	0.04300
envelopment	0.04287
eavesdropper	0.04267
engrafted	0.04261
emailing	0.04241
enticingly	0.04208
expostulation	0.04208
enfolds	0.04206
encourager	0.04204
exaggeratedly	0.04187
epaulets	0.04179
extruding	0.04157
endogamy	0.04143
esset	0.04109
enduringly	0.04098
Elizabethans	0.04095
Eleusis	0.04090
ernment	0.04088
easels	0.04071
ently	0.04071
Eminem	0.04064
exorcist	0.04037
encodings	0.04007
epaulettes	0.03967
enroute	0.03942
evocatively	0.03925
embolden	0.03923
eatables	0.03920
Esquimaux	0.03914
ethnographical	0.03911
ejaculatory	0.03903
E7	0.03868
encomiums	0.03845
egotist	0.03845
exemplum	0.03843
Emmeline	0.03826
expatiate	0.03816
exults	0.03812
Eley	0.03802
Eckhardt	0.03789
Eakin	0.03788
eavesdropped	0.03780
expres	0.03768
epoque	0.03760
enquires	0.03755
emasculating	0.03752
economique	0.03749
extenuation	0.03739
egocentrism	0.03732
elephantine	0.03732
evanescence	0.03726
Estaing	0.03716
exhibitionist	0.03700
exegete	0.03684
Einhorn	0.03682
eavesdroppers	0.03646
excrescence	0.03631
extremest	0.03623
eyeless	0.03614
everchanging	0.03613
ev'ry	0.03603
esterase	0.03595
eightyear	0.03594
engined	0.03553
effec	0.03551
embitter	0.03551
epidemiologist	0.03541
estrange	0.03535
enigmatical	0.03514
engraven	0.03508
enslaves	0.03504
exultantly	0.03496
endedness	0.03456
erf	0.03443
endureth	0.03432
ExxonMobil	0.03409
ebullience	0.03401
emasculate	0.03393
einmal	0.03386
ecommerce	0.03357
erit	0.03343
errata	0.03339
embryological	0.03329
eadem	0.03328
extrapolates	0.03321
eclat	0.03300
embroil	0.03257
Eggers	0.03245
evidencebased	0.03226
elliptically	0.03214
Ealing	0.03209
ecstacy	0.03203
entwine	0.03185
exordium	0.03170
Esmeralda	0.03156
eosin	0.03144
edginess	0.03138
entreats	0.03136
enamels	0.03120
eosinophilic	0.03105
effluvia	0.03079
extramural	0.03071
EMTs	0.03028
edgewise	0.03016
empathetically	0.02979
excreting	0.02974
Englishwomen	0.02973
eigen	0.02959
eatable	0.02952
expressionistic	0.02948
emo	0.02917
electromagnet	0.02914
elongates	0.02902
earnesdy	0.02894
ennobles	0.02879
eulogium	0.02876
erty	0.02870
Einfluss	0.02861
embrasure	0.02851
Edina	0.02847
Einfuhrung	0.02845
equipages	0.02844
Euclidian	0.02785
ebullition	0.02782
eration	0.02760
Evelina	0.02753
Erfahrung	0.02752
expe	0.02746
exclamatory	0.02744
ead	0.02741
equalizes	0.02726
expiatory	0.02723
extensiveness	0.02706
enfin	0.02692
Emmerson	0.02684
equinoctial	0.02678
ewer	0.02652
employe	0.02631
η	0.02618
einige	0.02587
Exod.	0.02587
erythematous	0.02575
extortions	0.02573
Elphinstone	0.02549
eventide	0.02541
Edessa	0.02527
eloping	0.02520
exposé	0.02500
emptier	0.02497
entrapping	0.02496
Erkenntnis	0.02471
evenin	0.02463
exiling	0.02450
embrasures	0.02447
Einheit	0.02445
endearingly	0.02434
ety	0.02430
ethnical	0.02427
envi	0.02426
environed	0.02417
eome	0.02417
Effendi	0.02389
existentialists	0.02382
École	0.02375
exultingly	0.02374
executables	0.02363
extrasensory	0.02351
Eno	0.02309
epicure	0.02277
equalisation	0.02260
embellishes	0.02250
encyclopaedias	0.02247
eternities	0.02237
Erdman	0.02212
eyeballing	0.02197
e5Tes	0.02197
earthiness	0.02177
esteeming	0.02169
Evesham	0.02164
Egypte	0.02154
eventuated	0.02149
ecclesiae	0.02145
evildoer	0.02145
emulator	0.02143
experimentations	0.02138
execrations	0.02130
Epiphanius	0.02120
Ellesmere	0.02114
exocrine	0.02111
eulogistic	0.02100
Edda	0.02090
Erebus	0.02085
expatiated	0.02066
embowered	0.02057
exhume	0.02044
expectoration	0.02008
emplaced	0.01996
encumbering	0.01980
evangelized	0.01977
eddied	0.01968
evens	0.01954
eould	0.01951
Exeunt	0.01937
Eliz	0.01924
Eugenius	0.01893
esti	0.01886
expostulations	0.01875
entwining	0.01866
erysipelas	0.01805
Eleonora	0.01781
entablature	0.01773
Evarts	0.01772
expostulate	0.01765
electrify	0.01747
eyrie	0.01734
Ecco	0.01724
expropriating	0.01718
epileptics	0.01704
eateth	0.01698
Epist	0.01694
Edw	0.01687
extrication	0.01676
Ellenborough	0.01664
Erastus	0.01656
eliding	0.01656
execrated	0.01655
Elis	0.01654
explicidy	0.01641
epigraphic	0.01630
epiglottis	0.01619
enchained	0.01613
earthward	0.01607
extinguishment	0.01594
escarpments	0.01586
endogeneity	0.01569
ecause	0.01563
ensuite	0.01561
enchiladas	0.01556
economise	0.01554
EC4P	0.01543
equivocate	0.01538
examen	0.01524
experimentalism	0.01523
EasyRead1M	0.01519
Epiphanes	0.01495
ECC	0.01482
Esdras	0.01471
Elsinore	0.01469
Ecclesiasticus	0.01459
extenuate	0.01445
Epworth	0.01441
exempla	0.01423
excoriating	0.01423
Ewa	0.01412
époque	0.01404
Ethelbert	0.01401
electorally	0.01381
enow	0.01381
ejaculating	0.01377
Ettrick	0.01371
Eccl	0.01367
Ebro	0.01358
estopped	0.01357
Easterbrook	0.01347
Europeanized	0.01341
exhaustless	0.01335
emollient	0.01331
expences	0.01324
Eev	0.01318
Ellicott	0.01315
Eoman	0.01297
expositors	0.01293
epitomises	0.01281
epiphenomenal	0.01281
extrinsically	0.01277
é	0.01274
ejectment	0.01274
expertness	0.01273
Ephesian	0.01272
eodem	0.01263
Evo	0.01261
egocentricity	0.01256
Eclogues	0.01254
essentiality	0.01254
Elbridge	0.01253
enterprize	0.01248
Estover	0.01238
expurgated	0.01235
Elizabethtown	0.01233
elate	0.01220
empyrean	0.01218
Ethnohistory	0.01214
Etoile	0.01202
esquires	0.01198
Eisenach	0.01192
evangel	0.01184
Epaminondas	0.01183
EMENTS	0.01179
ential	0.01172
elixirs	0.01170
eReader	0.01166
Eneas	0.01162
empting	0.01159
Egad	0.01157
Egeria	0.01155
Edin	0.01153
eut	0.01153
emploi	0.01153
earsplitting	0.01137
ells	0.01133
entomological	0.01117
enrolments	0.01116
eame	0.01108
EOF	0.01106
Epping	0.01104
entomologists	0.01104
endof	0.01103
excises	0.01101
equerry	0.01100
exigence	0.01100
exotically	0.01094
Ethelred	0.01083
exceptionable	0.01071
expounder	0.01066
excrements	0.01059
Epicureanism	0.01056
effets	0.01049
enforcements	0.01047
emblematical	0.01020
earache	0.01016
espy	0.01012
entangles	0.01010
expatiating	0.01002
easyto	0.01002
extraversion	0.009955
extenso	0.009942
Edens	0.009843
enthrall	0.009784
endogamous	0.009760
entendres	0.009722
eulogizing	0.009661
eider	0.009646
Eleusinian	0.009562
embosomed	0.009509
Euxine	0.009371
emetics	0.009347
emulous	0.009340
eightpence	0.009333
expunging	0.009300
erne	0.009300
Elke	0.009284
Europas	0.009279
exorbitantly	0.009262
enwrapped	0.009179
enkindled	0.009161
euphony	0.009152
euphonious	0.009077
essentia	0.009069
emptyhanded	0.009022
ebullitions	0.009013
eradicates	0.008986
Endor	0.008972
exculpation	0.008927
estranging	0.008920
Elemente	0.008871
env	0.008810
eare	0.008739
ephedrine	0.008633
ergot	0.008615
Eoyal	0.008532
elegancies	0.008525
effulgent	0.008402
enchants	0.008366
embalm	0.008326
endlessness	0.008316
ebon	0.008290
envenomed	0.008251
euthanized	0.008173
Eobert	0.008146
equalise	0.008130
executrix	0.008050
Eumenides	0.008009
expounders	0.007989
exceptionality	0.007973
efficaciously	0.007857
equestrians	0.007856
Ebers	0.007787
erotics	0.007749
encamping	0.007729
Eastlake	0.007645
E.U.	0.007639
equably	0.007587
eso	0.007583
Ezek.	0.007562
excursionists	0.007551
effluvium	0.007517
epicures	0.007509
extirpating	0.007463
effluence	0.007403
entrepreneurialism	0.007387
ecclesiasticism	0.007385
essaying	0.007365
Edgware	0.007342
expostulating	0.007217
enquirers	0.007205
electrics	0.007158
enfranchise	0.007131
Educacion	0.007091
endears	0.007084
enchanters	0.007084
Emden	0.007068
extemporized	0.007066
eleemosynary	0.007013
eISBN	0.006970
extravagancies	0.006905
extemporary	0.006902
expatriated	0.006828
escritoire	0.006808
escutcheons	0.006793
enfeeble	0.006792
economized	0.006775
eet	0.006738
encores	0.006736
Eustache	0.006723
espousals	0.006712
enquiringly	0.006651
entereth	0.006646
entombment	0.006537
e5Te	0.006460
elfish	0.006427
exalteth	0.006397
expectin	0.006395
excoriation	0.006384
environing	0.006267
ensnaring	0.006204
extemporaneously	0.006173
enseignement	0.006137
enablement	0.006121
empirics	0.006105
Einheitsaufnahme	0.006063
Émile	0.006045
entreatingly	0.006045
eulogize	0.006036
engraft	0.006031
earing	0.005969
ephemerality	0.005937
execrate	0.005917
excommunicating	0.005912
expiating	0.005910
emigrations	0.005894
earthed	0.005886
Epub	0.005856
eity	0.005818
eglantine	0.005803
enervate	0.005796
efore	0.005742
euch	0.005740
eren	0.005737
ecclesiastically	0.005722
emprise	0.005717
embossing	0.005710
eaid	0.005697
ected	0.005695
enervation	0.005674
elapsing	0.005574
Eclogue	0.005558
equivocations	0.005538
excommunications	0.005536
eing	0.005432
eland	0.005407
esses	0.005405
Empereur	0.005374
equalised	0.005369
ection	0.005345
eulogist	0.005336
educed	0.005325
elaborateness	0.005289
erant	0.005275
eminendy	0.005235
endive	0.005219
equivocally	0.005214
elucidations	0.005210
excepts	0.005205
eighteenpence	0.005197
exquisiteness	0.005160
enthrone	0.005154
excep	0.005107
exterminator	0.005091
enchantingly	0.005086
exploitations	0.005060
enceinte	0.005053
eit	0.005041
eyelet	0.005017
eval	0.005012
exactiy	0.004986
eay	0.004968
Erinnerung	0.004950
engrosses	0.004938
enkindle	0.004920
ett	0.004918
exemplifications	0.004911
eulogised	0.004860
embezzle	0.004801
entertainingly	0.004790
enchain	0.004775
expatiates	0.004752
erg	0.004698
eee	0.004669
ejusdem	0.004619
erally	0.004606
exonerates	0.004602
emboldens	0.004586
espying	0.004546
epitomizing	0.004534
eulogiums	0.004528
ehe	0.004519
embittering	0.004505
edly	0.004445
ev'n	0.004415
evergrowing	0.004402
eaoh	0.004352
eard	0.004350
excitingly	0.004337
eave	0.004323
enfilade	0.004200
exhilarate	0.004193
exasperates	0.004164
easting	0.004133
eveiy	0.004108
extorts	0.004056
embroiling	0.004031
émigré	0.004031
ero	0.003940
eaeh	0.003912
Egyptologist	0.003870
errantry	0.003791
entrain	0.003684
elephantiasis	0.003623
esprits	0.003565
egret	0.003558
erelong	0.003551
elp	0.003472
eart	0.003435
enjo	0.003399
eggnog	0.003383
elderberry	0.003311
erewhile	0.003295
erer	0.003289
exer	0.003208
etes	0.003190
eir	0.003145
evensong	0.003138
entendu	0.003044
Eschylus	0.003017
eter	0.002979
effervescing	0.002961
ert	0.002941
eiderdown	0.002927
eed	0.002914
enfeebling	0.002871
Eor	0.002770
equalising	0.002729
escalade	0.002712
energising	0.002655
eal	0.002651
edgeways	0.002633
eople	0.002624
endeth	0.002597
ening	0.002566
ensanguined	0.002427
elusion	0.002420
extortioners	0.002408
everyway	0.002386
expectedly	0.002294
embonpoint	0.002287
enrages	0.002269
extenuated	0.002267
eign	0.002224
exten	0.002186
erery	0.002164
expediently	0.002155
e.html	0.002108
enflamed	0.002094
empurpled	0.002092
eveu	0.002063
enraging	0.002047
exasperatingly	0.002045
ested	0.001966
