do	674.4
did	403.1
down	238.5
does	230.7
day	226.9
during	215.4
different	213.3
de	174.6
data	168.2
development	155.8
days	106.9
death	99.64
d	95.53
done	94.36
D.	80.41
due	74.92
design	73.65
door	70.47
doing	68.36
difficult	64.52
decision	63.31
described	62.19
developed	59.60
disease	59.14
department	54.97
difference	54.08
direct	53.17
discussion	48.85
date	48.60
die	48.59
deep	48.33
defined	48.12
dead	46.88
directly	46.73
distribution	46.66
degree	46.53
deal	46.25
differences	44.78
dark	44.64
distance	43.68
David	43.46
direction	43.24
despite	41.41
develop	40.68
discussed	40.04
determined	39.19
determine	38.97
decided	38.83
daily	37.87
died	37.50
desire	36.88
demand	36.18
drug	35.79
Dr.	35.41
designed	34.78
description	34.13
definition	34.09
December	33.76
developing	33.46
doubt	32.99
daughter	32.81
decisions	32.55
drive	31.67
der	31.51
division	30.89
domestic	30.80
double	30.57
district	30.31
details	29.84
document	29.07
describe	28.97
duty	28.27
doctor	28.10
des	27.98
director	27.17
democratic	25.29
drawn	24.86
detail	24.38
dry	24.33
defense	24.33
damage	24.12
display	24.03
divine	24.00
dependent	23.94
discuss	23.78
documents	23.69
drugs	23.65
dog	23.45
dear	23.09
draw	23.08
discovered	22.95
database	22.90
domain	22.52
drawing	22.46
dream	22.34
democracy	22.28
derived	21.92
d'	21.76
detailed	21.56
divided	21.29
depends	21.05
difficulty	20.92
device	20.86
dinner	20.57
discourse	20.52
debate	20.35
directed	20.24
define	20.10
danger	19.75
density	19.65
dynamic	19.50
debt	19.49
drop	19.46
depth	19.39
distinct	19.25
depression	19.24
demands	19.23
decide	19.21
DNA	19.19
drink	19.18
du	18.77
distinction	18.51
dance	18.39
digital	18.26
dangerous	18.23
describes	18.16
devices	18.13
depending	17.93
diagnosis	17.88
disorders	17.82
driven	17.69
doctrine	17.67
disorder	17.62
declared	17.56
delivery	17.50
dollars	17.40
difficulties	17.38
determination	17.33
diversity	17.02
dealing	16.92
demonstrated	16.85
dominant	16.84
di	16.77
desired	16.77
drew	16.75
decades	16.74
dropped	16.69
discovery	16.20
dress	16.19
driving	15.92
distributed	15.88
deeply	15.86
degrees	15.76
dad	15.76
directions	15.68
decline	15.65
duties	15.60
diseases	15.31
discipline	15.10
dimensions	14.94
destruction	14.93
defendant	14.39
decrease	14.37
del	14.36
demonstrate	14.26
determining	14.25
darkness	14.24
delivered	14.20
depend	14.10
DC	14.02
default	13.99
discrimination	13.75
dreams	13.71
decade	13.38
dose	13.33
driver	13.32
desk	13.30
drinking	13.29
dramatic	13.26
diet	13.21
dynamics	13.17
doors	13.15
destroyed	13.15
delay	13.09
developments	13.07
dimension	13.00
distant	12.82
Daniel	12.77
dogs	12.75
duration	12.57
distinguished	12.54
dressed	12.50
discover	12.44
dialogue	12.42
drove	12.40
diverse	12.29
discussions	12.19
Don	12.16
Duke	12.10
detection	12.09
Dutch	12.06
dust	11.90
differ	11.67
defence	11.59
devoted	11.55
desert	11.43
declaration	11.42
displayed	11.41
Davis	11.40
denied	11.31
da	11.30
dying	11.24
dialog	11.18
demanded	11.16
doctors	10.98
diameter	10.93
developmental	10.85
deeper	10.74
distinguish	10.67
directors	10.56
drama	10.50
dollar	10.47
designs	10.45
diagram	10.39
dedicated	10.26
disk	10.25
draft	10.21
describing	10.18
defining	10.17
destroy	10.14
definitions	10.13
dimensional	10.13
decreased	10.11
dispute	10.07
disappeared	10.02
dominated	9.962
deliver	9.944
dependence	9.934
dozen	9.684
directory	9.617
dates	9.490
desires	9.426
discharge	9.405
differential	9.354
displays	9.345
divorce	9.247
deny	9.202
devil	9.170
D.C.	8.966
defeat	8.956
den	8.940
differently	8.883
Dr	8.811
desirable	8.780
defend	8.731
damages	8.705
divide	8.703
departments	8.697
diagnostic	8.684
daughters	8.663
descriptions	8.612
diabetes	8.585
disability	8.556
deck	8.549
departure	8.528
disaster	8.378
designated	8.352
destination	8.319
dated	8.312
Dan	8.302
divisions	8.283
dancing	8.208
detected	8.184
Douglas	8.075
defines	8.058
das	8.055
deemed	8.036
dealt	8.004
districts	8.003
dawn	7.978
distinctive	7.942
diffusion	7.928
dignity	7.907
definitely	7.890
Delhi	7.813
distress	7.574
discussing	7.568
deals	7.547
drag	7.471
dictionary	7.461
dual	7.332
documentation	7.310
deaths	7.301
diary	7.159
dried	7.138
definite	7.128
demonstrates	7.107
dirty	7.087
detect	7.086
determines	7.064
dining	7.060
delight	7.036
defects	7.025
disclosure	6.984
declined	6.923
damn	6.912
deposits	6.900
Dean	6.894
debates	6.846
domains	6.846
decreases	6.729
deficiency	6.627
disabilities	6.605
deviation	6.588
disputes	6.543
documented	6.529
desperate	6.497
delicate	6.495
differentiation	6.476
delayed	6.428
dare	6.410
distributions	6.391
deposit	6.361
damaged	6.308
draws	6.293
Dick	6.290
dating	6.222
deliberately	6.219
drives	6.214
dans	6.209
deputy	6.207
displacement	6.207
denial	6.195
demonstration	6.170
demanding	6.154
despair	6.150
disposition	6.149
Donald	6.148
dramatically	6.124
diamond	6.072
dismissed	6.068
dirt	6.012
designer	6.009
disciples	6.004
develops	5.998
destiny	5.991
depicted	5.986
degradation	5.939
drunk	5.910
drivers	5.891
disposal	5.878
drops	5.871
defeated	5.836
drawings	5.826
descent	5.722
discrete	5.703
declare	5.695
deficit	5.688
dense	5.687
defect	5.685
disabled	5.674
dressing	5.656
distances	5.632
decay	5.594
Democrats	5.564
deer	5.550
deciding	5.514
dangers	5.508
discretion	5.502
derive	5.485
diplomatic	5.473
devotion	5.468
depressed	5.413
databases	5.387
directive	5.383
deeds	5.376
designing	5.370
destructive	5.362
defensive	5.339
disappear	5.316
Diego	5.290
doses	5.272
dilemma	5.270
dull	5.249
dominance	5.243
dies	5.208
discusses	5.205
daddy	5.197
donor	5.187
disturbed	5.173
discount	5.146
deposition	5.144
Dublin	5.140
doubts	5.138
descriptive	5.123
drinks	5.116
dim	5.078
discourses	5.068
disciplines	5.054
detective	5.031
dishes	4.979
differs	4.930
decisive	4.922
dissolved	4.921
deliberate	4.904
delta	4.893
deserve	4.889
demographic	4.877
disappointed	4.863
depths	4.818
dish	4.770
debts	4.761
distinctions	4.721
downward	4.716
dissertation	4.709
diminished	4.693
domination	4.689
defendants	4.689
dietary	4.669
dental	4.656
deed	4.637
drain	4.618
downtown	4.596
drainage	4.589
dragged	4.576
doorway	4.539
dysfunction	4.534
decreasing	4.518
depended	4.514
Dave	4.506
deduction	4.494
dynasty	4.477
deadly	4.451
dam	4.442
delighted	4.418
drift	4.399
Denmark	4.353
decorated	4.348
disc	4.346
Darwin	4.345
dioxide	4.341
decent	4.331
delete	4.326
dwelling	4.324
deposited	4.315
deceased	4.315
disturbance	4.311
decree	4.309
dropping	4.306
depreciation	4.289
disappointment	4.265
drank	4.258
dividing	4.233
Dec.	4.185
dependency	4.172
doctrines	4.158
Detroit	4.149
deprived	4.115
designers	4.086
declining	4.084
dominate	4.076
developers	4.039
departed	4.038
dragon	4.035
distal	4.022
descended	4.022
disposed	4.015
deployment	4.015
Doc	4.013
descendants	3.974
differing	3.959
documentary	3.927
dissolution	3.926
defended	3.921
drum	3.918
disadvantages	3.899
demonstrating	3.894
disadvantage	3.879
derivative	3.872
deaf	3.869
diagrams	3.844
displaced	3.840
diagnosed	3.799
dot	3.797
dis	3.760
distinctly	3.755
decides	3.753
destined	3.733
desperately	3.723
deficits	3.717
Dennis	3.716
delegation	3.714
desktop	3.699
dealer	3.692
deity	3.673
discomfort	3.667
dividends	3.663
delegates	3.656
differentiated	3.655
dozens	3.649
drill	3.635
detector	3.624
disturbing	3.619
denote	3.618
dug	3.613
dig	3.610
denying	3.609
Dorothy	3.608
Diana	3.591
darling	3.580
disciplinary	3.557
deserted	3.541
discoveries	3.530
distinguishing	3.530
delivering	3.524
defending	3.519
debtor	3.518
diffuse	3.518
disagree	3.506
della	3.503
destroying	3.503
definitive	3.499
doubtless	3.495
daylight	3.486
drying	3.449
damp	3.445
disturbances	3.442
Duncan	3.441
dispersion	3.430
devised	3.417
dispersed	3.414
deformation	3.407
doubtful	3.405
dared	3.393
dairy	3.393
discovering	3.355
derivatives	3.334
deployed	3.318
Dallas	3.315
debris	3.311
dashed	3.311
dem	3.309
deserves	3.308
delays	3.306
dementia	3.304
distribute	3.304
dedication	3.299
diplomacy	3.293
disruption	3.292
displaying	3.286
distortion	3.276
directing	3.253
delicious	3.251
denotes	3.245
dreadful	3.243
dock	3.241
dwell	3.240
decomposition	3.238
dreamed	3.236
dB	3.234
damned	3.233
differentiate	3.225
doubled	3.220
discharged	3.219
derives	3.212
dividend	3.200
descending	3.185
Danish	3.182
Davies	3.179
demonstrations	3.162
delightful	3.154
declaring	3.139
distorted	3.138
daring	3.116
downstairs	3.111
detached	3.106
declares	3.106
Danny	3.100
divorced	3.098
deserved	3.091
donors	3.083
defective	3.079
disagreement	3.071
dorsal	3.064
dial	3.060
downstream	3.059
dread	3.055
developer	3.053
Dame	3.051
deepest	3.040
deception	3.031
duck	3.027
dreaming	3.026
distributing	3.019
dealers	3.014
designation	2.981
dances	2.975
Delaware	2.972
Denver	2.968
demons	2.948
Disney	2.941
drought	2.929
digest	2.897
digging	2.887
disclose	2.865
dumb	2.864
danced	2.852
dome	2.846
detachment	2.837
download	2.836
drained	2.833
deficient	2.832
determinants	2.831
Descartes	2.829
dismissal	2.828
discursive	2.816
dismiss	2.813
Dale	2.812
Dante	2.810
devastating	2.800
detention	2.783
divinity	2.772
dominion	2.769
deviations	2.766
Davidson	2.763
dragging	2.763
distinguishes	2.755
differed	2.748
dl	2.745
deferred	2.744
Dewey	2.741
Derrida	2.740
damaging	2.735
Dakota	2.731
deterioration	2.731
decoration	2.726
defenses	2.724
deprivation	2.716
depart	2.704
discarded	2.703
demon	2.698
disappearance	2.690
devote	2.683
doll	2.672
Durham	2.658
duly	2.656
disasters	2.656
doubted	2.654
drawer	2.653
deficiencies	2.651
darker	2.649
decorative	2.638
depicts	2.627
dos	2.624
dye	2.623
disgust	2.621
disclosed	2.611
decimal	2.611
drifted	2.607
deadline	2.602
disastrous	2.596
DVD	2.593
discouraged	2.588
duct	2.565
dictated	2.562
dancers	2.555
diminish	2.550
dissent	2.550
dislike	2.549
diarrhea	2.533
dip	2.521
disguise	2.505
deductions	2.494
dosage	2.494
doctoral	2.491
dialect	2.481
depletion	2.480
demise	2.476
denoted	2.469
Diane	2.456
dresses	2.450
diamonds	2.449
debated	2.443
discern	2.433
dots	2.425
digit	2.421
doomed	2.412
Dickens	2.401
densities	2.399
dusty	2.398
Donna	2.370
diabetic	2.370
dissolve	2.367
disks	2.364
drums	2.357
dash	2.357
distracted	2.344
dissemination	2.334
dotted	2.329
disregard	2.328
delegate	2.326
dough	2.315
diaspora	2.311
drafted	2.297
drowned	2.294
detecting	2.291
duplicate	2.288
diagonal	2.284
dei	2.272
disputed	2.258
deleted	2.249
din	2.249
Dec	2.247
drilling	2.243
ditch	2.228
Democrat	2.228
dive	2.215
democracies	2.215
distrust	2.213
declines	2.194
denies	2.194
disciple	2.191
devoid	2.190
DM	2.190
dire	2.190
dove	2.188
digestion	2.175
disturb	2.169
dissatisfaction	2.148
defenders	2.148
dealings	2.146
Deborah	2.142
diets	2.133
defiance	2.127
directives	2.120
divides	2.117
descend	2.116
derivation	2.110
dilemmas	2.102
doe	2.096
deities	2.094
drafting	2.091
designate	2.089
driveway	2.088
disappears	2.088
dancer	2.080
diffraction	2.078
depiction	2.056
disciplined	2.053
Doug	2.046
divergence	2.039
dislocation	2.039
decidedly	2.037
diversification	2.035
durable	2.032
diversion	2.024
discriminatory	2.024
donation	2.023
depressive	2.020
digestive	2.020
diving	2.016
duchess	2.002
deputies	1.997
declarations	1.995
discrepancy	1.993
dusk	1.991
disadvantaged	1.990
dictate	1.990
digits	1.982
dispose	1.976
DS	1.975
diminishing	1.971
depicting	1.964
dissection	1.961
DNS	1.959
dialectic	1.955
deceived	1.951
distressed	1.948
Dana	1.944
darkened	1.941
Daisy	1.940
disguised	1.940
discourage	1.940
distraction	1.936
dispatch	1.936
dopamine	1.933
depict	1.928
degeneration	1.926
Drake	1.923
Dominican	1.921
diaries	1.919
disbelief	1.919
denounced	1.915
deliberation	1.909
dump	1.908
divergent	1.906
degraded	1.898
Dodge	1.897
disgrace	1.893
depot	1.889
Dixon	1.889
devise	1.880
dictatorship	1.879
discontent	1.872
dialogues	1.871
detrimental	1.866
dubious	1.863
donations	1.858
Doppler	1.850
diesel	1.849
dearest	1.846
delinquency	1.846
directs	1.831
dictates	1.830
dissociation	1.826
dwellings	1.825
Deutsche	1.819
Derek	1.818
despised	1.812
disparate	1.809
doth	1.809
drifting	1.801
drastic	1.798
disruptive	1.791
dialectical	1.790
directories	1.788
dispositions	1.787
DSM	1.780
disappearing	1.778
diagnoses	1.773
discriminate	1.763
downs	1.755
diligence	1.754
directional	1.750
dharma	1.737
dielectric	1.737
Dickinson	1.724
drunken	1.718
Dell	1.716
Dawson	1.715
destinations	1.712
deductible	1.709
delivers	1.709
doom	1.708
doubling	1.707
desperation	1.707
discovers	1.701
detectors	1.700
democratization	1.694
dominates	1.692
dwarf	1.686
dispatched	1.685
dent	1.679
discretionary	1.677
dilution	1.677
Dom	1.676
disparity	1.675
Doyle	1.672
defender	1.672
deletion	1.669
Dunn	1.665
distortions	1.664
dreaded	1.662
dichotomy	1.662
detained	1.661
drafts	1.659
dessert	1.658
DJ	1.657
dismay	1.653
dummy	1.652
Dev	1.649
dat	1.647
disrupt	1.646
discounts	1.644
Dee	1.644
ducks	1.633
deference	1.632
dams	1.624
donated	1.623
Doubleday	1.621
denominator	1.617
disrupted	1.617
daytime	1.616
decentralization	1.614
deterministic	1.611
devils	1.609
drastically	1.609
Dylan	1.605
dignified	1.602
determinant	1.602
deceive	1.598
dissatisfied	1.584
dumped	1.581
diaphragm	1.572
draped	1.570
dolls	1.565
deter	1.565
deriving	1.563
disposable	1.557
disintegration	1.553
Dover	1.550
dialects	1.544
discard	1.543
dissenting	1.542
Denis	1.541
discounted	1.539
destroys	1.539
dew	1.538
diluted	1.533
dominating	1.530
dumping	1.529
disobedience	1.524
dipped	1.521
dripping	1.521
drowning	1.520
decrees	1.517
disagreed	1.514
dynamically	1.513
diversified	1.511
Dist	1.510
dogma	1.507
deploy	1.501
deliverance	1.501
disliked	1.498
disagreements	1.491
dependencies	1.479
devout	1.477
divers	1.477
disapproval	1.472
Douglass	1.471
disdain	1.467
deregulation	1.460
depleted	1.459
Damascus	1.453
distributors	1.452
deprive	1.450
deepening	1.448
departmental	1.444
DP	1.435
dialysis	1.432
delusion	1.432
diverted	1.432
dice	1.432
determinations	1.431
diocese	1.429
decentralized	1.426
Dow	1.425
devastated	1.424
disparities	1.422
distributor	1.417
dispersal	1.413
decorations	1.403
doctrinal	1.397
deduced	1.396
Doris	1.396
delegated	1.395
dentist	1.393
denominations	1.390
deserving	1.390
dilute	1.388
distilled	1.384
dubbed	1.384
disconnected	1.384
desolate	1.381
detectives	1.378
deviant	1.377
diploma	1.377
deserts	1.376
dysfunctional	1.364
dictator	1.361
donkey	1.353
departing	1.346
disseminated	1.343
discrepancies	1.342
Dept.	1.339
Dudley	1.338
dismal	1.335
Dwight	1.333
deacon	1.332
dinners	1.328
dine	1.326
drawers	1.323
deepened	1.319
dwellers	1.316
disappointing	1.315
deflection	1.312
dangling	1.312
dazzling	1.309
documenting	1.309
dwelt	1.308
deterrence	1.307
discontinued	1.302
doubly	1.301
dar	1.301
•	1.301
dramas	1.299
delights	1.299
disproportionate	1.295
dt	1.295
dualism	1.294
dagger	1.291
discharges	1.290
deceptive	1.288
Diaz	1.286
disordered	1.284
dissipation	1.284
dangerously	1.282
discs	1.281
debut	1.279
decedent	1.277
diagnose	1.274
drawbacks	1.271
determinism	1.271
duality	1.270
dehydration	1.269
deformity	1.267
degenerate	1.262
dipole	1.258
diode	1.256
delicacy	1.254
dummies	1.252
duplication	1.251
deformed	1.251
dyes	1.246
demographics	1.244
disclosures	1.243
decoding	1.241
differentiating	1.237
dearly	1.235
divert	1.229
disgusted	1.226
distract	1.224
destitute	1.224
Daniels	1.224
Dalton	1.224
dizzy	1.224
df	1.221
detectable	1.220
deliberations	1.219
drawback	1.217
draining	1.210
dunes	1.206
disagreeable	1.206
Deleuze	1.206
Dolly	1.205
dataset	1.197
dues	1.196
doctorate	1.195
decks	1.191
disregarded	1.191
dictionaries	1.188
descendant	1.188
dormant	1.188
Derby	1.183
deceit	1.181
dynamical	1.181
desiring	1.177
depressing	1.175
delinquent	1.175
Denise	1.174
deleting	1.173
drains	1.172
droplets	1.172
defences	1.172
defeating	1.172
Durkheim	1.172
diseased	1.171
dreary	1.171
drilled	1.170
daunting	1.170
degrading	1.168
durch	1.165
diplomats	1.164
denomination	1.163
dizziness	1.161
docks	1.161
Dora	1.160
decency	1.160
densely	1.159
defy	1.158
Dillon	1.156
downloaded	1.155
dimly	1.153
distributive	1.149
discord	1.148
discreet	1.147
Dordrecht	1.146
ducts	1.144
despise	1.143
doubles	1.139
discernible	1.137
deem	1.136
diplomat	1.136
delusions	1.135
Directorate	1.132
deconstruction	1.131
deux	1.131
durability	1.127
deteriorated	1.123
duel	1.123
decisively	1.122
dissimilar	1.121
detailing	1.120
deadlines	1.120
Donovan	1.120
damping	1.119
disgusting	1.118
detriment	1.115
Devon	1.115
downwards	1.115
Donne	1.113
debating	1.112
decreed	1.109
disinterested	1.109
demeanor	1.108
dragons	1.108
discerned	1.107
dresser	1.103
drown	1.102
delirium	1.100
demolished	1.100
deutschen	1.099
desks	1.097
Daly	1.096
devotional	1.093
devastation	1.087
Debbie	1.084
defiant	1.080
dogmatic	1.080
Domingo	1.080
displeasure	1.078
debtors	1.075
Deuteronomy	1.073
desirous	1.071
deduct	1.071
darted	1.069
deportation	1.061
dinosaurs	1.059
distort	1.056
disarmament	1.054
deviance	1.053
defer	1.051
downfall	1.049
dissipated	1.049
discontinuity	1.048
diligent	1.044
destroyer	1.043
diminishes	1.043
Darcy	1.042
Deng	1.041
decisionmaking	1.037
diligently	1.035
dilated	1.032
deductive	1.028
Dayton	1.025
dawned	1.020
disproportionately	1.019
dir	1.018
distressing	1.016
desirability	1.016
deliveries	1.012
didactic	1.006
D.A.	1.004
Dong	1.003
deducted	1.003
delle	1.003
DD	1.002
disable	1.001
dipping	1.000
diffused	0.9989
Dresden	0.9984
discriminating	0.9976
dispense	0.9954
denoting	0.9919
deterrent	0.9895
dishonest	0.9893
distractions	0.9881
duplex	0.9851
Drosophila	0.9827
diameters	0.9803
dal	0.9756
devotees	0.9729
descends	0.9725
delineated	0.9714
D.J.	0.9714
displacements	0.9712
dolphins	0.9703
dart	0.9686
depictions	0.9680
dominions	0.9658
dowry	0.9653
dedicate	0.9651
dined	0.9630
defaults	0.9612
determinate	0.9601
dolphin	0.9553
delaying	0.9549
dismissing	0.9549
dermatitis	0.9539
devolution	0.9522
Dietrich	0.9506
decorate	0.9462
dont	0.9449
distinguishable	0.9439
darkest	0.9431
drip	0.9416
deepen	0.9413
demonic	0.9412
Dubois	0.9412
defeats	0.9389
desolation	0.9376
demolition	0.9372
Dryden	0.9343
dissolving	0.9291
downhill	0.9280
dwells	0.9263
deteriorating	0.9262
deduce	0.9245
debugging	0.9238
digested	0.9223
devaluation	0.9222
deforestation	0.9217
dispensed	0.9194
downright	0.9182
delicately	0.9180
discontinuous	0.9179
diastolic	0.9172
dislocations	0.9131
drills	0.9114
dole	0.9109
Dyer	0.9099
ducked	0.9081
deliberative	0.9058
differentials	0.9055
disperse	0.9054
degenerative	0.9034
DG	0.9031
dyed	0.9015
dime	0.8998
Danube	0.8965
discredit	0.8951
doped	0.8948
dazed	0.8939
devoured	0.8926
debit	0.8925
despotism	0.8917
discouraging	0.8893
degrade	0.8893
deploying	0.8870
dreamer	0.8834
droit	0.8822
dissonance	0.8814
discerning	0.8807
Downing	0.8794
dung	0.8751
displace	0.8750
decaying	0.8744
Desmond	0.8695
disabling	0.8690
domesticated	0.8678
drunkenness	0.8662
duplicated	0.8661
Darius	0.8632
distillation	0.8602
Davenport	0.8582
dissenters	0.8558
D2	0.8539
dashing	0.8529
draught	0.8494
dispensation	0.8459
diminution	0.8451
diagnostics	0.8449
deviate	0.8443
dysplasia	0.8403
devising	0.8369
departures	0.8364
debilitating	0.8359
decorating	0.8355
defied	0.8348
defamation	0.8346
doings	0.8346
decomposed	0.8330
decor	0.8327
Dominic	0.8326
Div	0.8303
dass	0.8254
Duffy	0.8221
deported	0.8190
Darwinian	0.8181
drummer	0.8172
dissolves	0.8170
defends	0.8160
distracting	0.8152
Dodd	0.8147
detects	0.8146
dialed	0.8144
diss	0.8140
Deutsch	0.8127
designations	0.8127
discriminated	0.8118
discredited	0.8114
divinely	0.8111
diner	0.8096
dismantling	0.8088
Deutschland	0.8068
dinosaur	0.8056
drenched	0.8048
demarcation	0.8046
Dutton	0.8037
doorstep	0.8021
ding	0.8004
Dekker	0.7998
deleterious	0.7998
ditches	0.7996
Dulles	0.7994
DuPont	0.7979
dosing	0.7964
dynasties	0.7930
divisional	0.7929
downside	0.7890
diagnosing	0.7884
Dai	0.7866
Dartmouth	0.7862
dost	0.7817
Donaldson	0.7801
deafness	0.7783
dependents	0.7774
doubting	0.7767
disconnect	0.7761
dependable	0.7740
dilation	0.7738
designates	0.7736
Dalai	0.7729
disseminate	0.7723
dynamism	0.7710
declarative	0.7710
downloading	0.7696
dismounted	0.7692
Dunbar	0.7675
Daphne	0.7675
demography	0.7660
Delia	0.7656
dendritic	0.7656
dictum	0.7654
descriptors	0.7646
disclosing	0.7625
divisive	0.7624
Dona	0.7601
donate	0.7586
Dane	0.7583
Damon	0.7568
DH	0.7568
deteriorate	0.7543
discernment	0.7535
descriptor	0.7494
Delphi	0.7493
divination	0.7470
dismantled	0.7460
Dolores	0.7448
dehydrogenase	0.7405
Davy	0.7397
denounce	0.7385
Drummond	0.7383
diuretics	0.7366
disrespect	0.7363
disapproved	0.7358
definitively	0.7349
distinctiveness	0.7344
distinctively	0.7329
Dexter	0.7329
destroyers	0.7325
DW	0.7319
discharging	0.7278
disorganized	0.7265
Denny	0.7229
disappointments	0.7219
decipher	0.7216
deciduous	0.7211
deposed	0.7194
DOD	0.7186
delineate	0.7169
dun	0.7165
D.M.	0.7151
dude	0.7148
Dixie	0.7147
distaste	0.7145
dynastic	0.7141
Dickson	0.7119
devour	0.7118
desegregation	0.7116
dispensing	0.7105
Darwinism	0.7086
dispel	0.7076
disillusioned	0.7075
dismayed	0.7069
domino	0.7064
diem	0.7032
Danielle	0.7015
diction	0.7015
dormitory	0.7003
departs	0.6992
dreamt	0.6978
Decker	0.6932
dryer	0.6931
dia	0.6909
Devi	0.6898
despatch	0.6894
desertion	0.6889
discounting	0.6880
disruptions	0.6879
distributes	0.6872
diarrhoea	0.6840
Dirk	0.6839
depriving	0.6836
Dieu	0.6826
disorderly	0.6806
dentistry	0.6793
despatched	0.6790
displeased	0.6787
denned	0.6778
diminutive	0.6776
doping	0.6772
disillusionment	0.6772
distanced	0.6747
detergent	0.6725
drifts	0.6698
denunciation	0.6686
doorbell	0.6681
darkly	0.6670
domesticity	0.6658
Danes	0.6641
dimensionless	0.6625
Draper	0.6608
distancing	0.6593
deluge	0.6591
Dorset	0.6589
disclaimer	0.6588
decadence	0.6587
demonstrators	0.6584
disposing	0.6572
domestication	0.6571
desserts	0.6563
dukes	0.6558
degli	0.6557
dilatation	0.6555
disrupting	0.6550
daybreak	0.6546
diverge	0.6535
dainty	0.6521
distraught	0.6516
Dostoevsky	0.6509
D.L.	0.6498
debug	0.6495
decorum	0.6484
dishonesty	0.6482
Dorothea	0.6476
dorm	0.6473
domestically	0.6461
deplorable	0.6454
dyke	0.6452
depressions	0.6447
droplet	0.6446
decompression	0.6424
dreamy	0.6390
darkening	0.6374
differentiates	0.6367
drooping	0.6366
DEA	0.6365
dexterity	0.6354
datasets	0.6343
demo	0.6342
deceiving	0.6334
discreetly	0.6331
dystrophy	0.6322
dialectics	0.6321
deems	0.6310
Duane	0.6294
delineation	0.6275
dynamite	0.6268
D.R.	0.6266
distorting	0.6262
demonstrative	0.6253
Dobson	0.6249
datum	0.6242
disappoint	0.6235
dissident	0.6234
denominated	0.6231
Debra	0.6220
Dahl	0.6218
Dieter	0.6208
devoting	0.6204
dune	0.6179
destinies	0.6177
deterred	0.6169
disqualified	0.6160
damnation	0.6156
deafening	0.6153
dandy	0.6152
dignitaries	0.6149
denominational	0.6149
dungeon	0.6148
distributional	0.6147
decayed	0.6145
detainees	0.6143
dill	0.6137
downsizing	0.6134
Dominique	0.6121
Disraeli	0.6119
durations	0.6118
devotee	0.6114
doi	0.6107
devotes	0.6104
delegations	0.6101
duo	0.6081
drinkers	0.6067
debatable	0.6045
dressings	0.6042
dislikes	0.6034
dryness	0.6026
dramatist	0.6023
denouncing	0.6016
detour	0.6004
diver	0.5995
doves	0.5985
drumming	0.5983
Dworkin	0.5980
designating	0.5980
detain	0.5973
diurnal	0.5971
dearth	0.5971
DSL	0.5969
Defoe	0.5967
dissected	0.5964
dissidents	0.5961
downturn	0.5958
disbanded	0.5957
derogatory	0.5938
Duff	0.5919
dilapidated	0.5915
DV	0.5915
deformities	0.5908
despairing	0.5907
defying	0.5884
diese	0.5882
differentially	0.5873
dyspnea	0.5868
DN	0.5824
diversify	0.5817
Delaney	0.5797
discontinuities	0.5793
discontinue	0.5785
docs	0.5769
dissipate	0.5750
domes	0.5723
disregarding	0.5714
devolved	0.5712
disembodied	0.5706
dimmed	0.5706
detract	0.5702
darting	0.5695
depository	0.5694
Darby	0.5693
doorways	0.5690
dope	0.5689
developmentally	0.5682
dwarfs	0.5673
diced	0.5659
disconcerting	0.5659
Denton	0.5657
Davey	0.5656
dentists	0.5651
disarray	0.5649
depravity	0.5649
distasteful	0.5648
devouring	0.5647
dispatches	0.5644
docile	0.5644
discloses	0.5644
dosages	0.5623
doin	0.5613
divisible	0.5611
discordant	0.5596
Derrick	0.5593
decoder	0.5593
despotic	0.5592
Diderot	0.5590
deluded	0.5589
dutifully	0.5584
dogged	0.5582
decays	0.5552
dialogic	0.5535
drab	0.5531
diverting	0.5529
decadent	0.5514
dares	0.5492
diagonally	0.5490
defensible	0.5487
Dreyfus	0.5485
Dumas	0.5481
derision	0.5479
deadlock	0.5472
disgraceful	0.5472
Dix	0.5449
Dracula	0.5437
disco	0.5422
disgruntled	0.5420
democratically	0.5417
detach	0.5413
Devlin	0.5407
Donnelly	0.5402
deflect	0.5402
deflected	0.5391
D.W.	0.5391
diodes	0.5386
Durand	0.5384
deformations	0.5370
Dinah	0.5369
dwindled	0.5368
dwindling	0.5340
dryly	0.5340
dogmas	0.5326
drier	0.5323
detested	0.5317
Del.	0.5313
defies	0.5307
domicile	0.5298
dived	0.5295
dissociated	0.5292
darts	0.5273
D.E.	0.5271
Durban	0.5269
duchy	0.5266
dropout	0.5265
deletions	0.5259
dieser	0.5248
dualistic	0.5242
Dodgers	0.5238
dismissive	0.5230
discarding	0.5225
deceitful	0.5224
duress	0.5220
deus	0.5194
defiantly	0.5191
dusky	0.5191
DVDs	0.5184
Dolan	0.5180
depositions	0.5176
disseminating	0.5169
denser	0.5163
dingy	0.5163
documentaries	0.5158
defection	0.5156
dermal	0.5124
dyslexia	0.5109
dips	0.5107
dissuade	0.5102
diaper	0.5102
debacle	0.5101
Drury	0.5101
delve	0.5084
D.D.	0.5081
docking	0.5061
deftly	0.5059
Dionysius	0.5057
disintegrated	0.5054
donned	0.5053
downed	0.5050
decked	0.5045
diapers	0.5042
decolonization	0.5040
deacons	0.5009
drowsiness	0.5003
disgraced	0.4998
DK	0.4995
Dawkins	0.4993
discriminant	0.4989
diasporic	0.4966
delimited	0.4966
drowsy	0.4961
Desai	0.4958
didst	0.4957
Dundee	0.4955
displacing	0.4954
DDT	0.4953
disjunction	0.4933
demos	0.4923
Deb	0.4919
Drucker	0.4913
dawning	0.4905
devious	0.4902
Darren	0.4900
desorption	0.4899
dey	0.4893
diuretic	0.4893
drapes	0.4886
defunct	0.4884
dreadfully	0.4883
Dio	0.4876
dysentery	0.4871
digitally	0.4870
disoriented	0.4854
dimensionality	0.4852
Dionysus	0.4847
dismantle	0.4844
deg	0.4830
dripped	0.4828
deli	0.4828
decode	0.4821
dumps	0.4821
dichotomous	0.4801
detractors	0.4795
decompose	0.4787
donkeys	0.4785
dazzled	0.4780
discipleship	0.4774
depraved	0.4774
deplored	0.4772
demonstrable	0.4768
discouragement	0.4760
disengagement	0.4759
dispossessed	0.4758
dives	0.4757
Dani	0.4752
deathbed	0.4742
dictatorial	0.4739
dries	0.4733
Dorian	0.4732
Darrell	0.4731
disrupts	0.4728
dutiful	0.4726
dura	0.4713
Dyson	0.4709
Duma	0.4703
diabolical	0.4703
discontented	0.4699
dismisses	0.4695
Deane	0.4688
Dorsey	0.4683
Davison	0.4681
depolarization	0.4672
disapprove	0.4645
ditto	0.4642
disrespectful	0.4635
disengaged	0.4635
degenerated	0.4633
D.H.	0.4632
def	0.4632
Daley	0.4626
D.S.	0.4621
despicable	0.4620
denials	0.4601
dashboard	0.4581
dusted	0.4581
devotions	0.4576
DSP	0.4575
Disneyland	0.4573
dit	0.4569
Dion	0.4565
Dumont	0.4563
Doherty	0.4557
disciplining	0.4553
Dhaka	0.4546
duodenum	0.4537
digitized	0.4527
duplicates	0.4527
droughts	0.4526
docked	0.4519
diners	0.4513
dangled	0.4509
dissension	0.4505
disorientation	0.4501
Deut	0.4490
depreciated	0.4467
disqualification	0.4462
darn	0.4433
dermis	0.4426
Dada	0.4425
diametrically	0.4405
Devonshire	0.4397
dashes	0.4395
damning	0.4392
dieting	0.4388
dislocated	0.4381
dodging	0.4381
depositing	0.4373
Delgado	0.4369
deutscher	0.4363
diocesan	0.4356
drizzle	0.4352
devalued	0.4349
Dunne	0.4345
decentralisation	0.4342
Darmstadt	0.4341
destabilizing	0.4333
Dominicans	0.4333
disobey	0.4333
DSS	0.4327
didn	0.4322
delirious	0.4322
dusting	0.4320
diversions	0.4316
diphtheria	0.4307
divorces	0.4306
Damien	0.4301
depress	0.4300
dictators	0.4294
devilish	0.4291
disarmed	0.4285
disprove	0.4282
dispelled	0.4277
dissertations	0.4277
Dearborn	0.4275
detoxification	0.4272
downloads	0.4264
deflation	0.4262
drudgery	0.4257
diverging	0.4255
digs	0.4254
directness	0.4247
drone	0.4239
dislodge	0.4229
disguises	0.4228
desist	0.4219
defensively	0.4219
dissociative	0.4219
disequilibrium	0.4215
Darlene	0.4209
D.G.	0.4206
dowager	0.4203
decimated	0.4202
drapery	0.4196
dictation	0.4187
drags	0.4183
detachments	0.4182
dishonor	0.4177
delusional	0.4168
demarcated	0.4165
drinker	0.4159
demeaning	0.4158
deluxe	0.4155
Deirdre	0.4149
Dawes	0.4149
dossier	0.4142
dimer	0.4135
demented	0.4131
defenseless	0.4127
darken	0.4117
denim	0.4117
duodenal	0.4100
Delft	0.4088
Diogenes	0.4085
det	0.4084
D3	0.4078
Delano	0.4069
deranged	0.4066
degeneracy	0.4065
disloyal	0.4055
daemon	0.4053
deferral	0.4050
domed	0.4032
demeanour	0.4028
disenfranchised	0.4020
distended	0.4016
dictating	0.4015
dehydrated	0.4015
Dempsey	0.4011
DMA	0.4010
definable	0.4009
duet	0.4007
dissecting	0.4006
Dunlap	0.4001
Dept	0.3985
disarm	0.3977
duplicity	0.3972
disagrees	0.3967
distorts	0.3967
depositors	0.3966
dugout	0.3962
Dwyer	0.3955
docket	0.3951
dyadic	0.3948
disputing	0.3937
dozed	0.3930
Dutchman	0.3927
Dermatol	0.3925
disaffected	0.3924
deans	0.3918
dais	0.3911
dammit	0.3911
diploid	0.3911
delinquents	0.3906
diverged	0.3897
Dubai	0.3893
divulge	0.3891
dens	0.3888
debriefing	0.3887
Duchamp	0.3886
disfigured	0.3882
damper	0.3878
dejected	0.3876
deviated	0.3866
drugged	0.3864
Domenico	0.3858
disturbs	0.3856
dendrites	0.3853
disallowed	0.3848
disbursements	0.3828
deviates	0.3821
Duc	0.3814
disjointed	0.3806
denning	0.3804
D.B.	0.3799
defiled	0.3795
Doha	0.3785
D.F.	0.3784
Damian	0.3783
detergents	0.3783
demi	0.3777
D1	0.3774
disintegrate	0.3773
dishwasher	0.3764
divinities	0.3761
dann	0.3756
downcast	0.3755
ductile	0.3755
dyeing	0.3754
dragoons	0.3751
deserters	0.3751
Dorchester	0.3748
deprives	0.3740
depots	0.3737
diachronic	0.3736
daggers	0.3733
disobedient	0.3729
definitional	0.3725
Demosthenes	0.3721
deflated	0.3720
diffusing	0.3718
debased	0.3711
disorganization	0.3709
dependant	0.3706
discontinuation	0.3702
dispassionate	0.3702
donner	0.3696
dealership	0.3696
discoloration	0.3694
dialing	0.3689
dodged	0.3686
disconnection	0.3680
Dennett	0.3671
Decatur	0.3665
detonation	0.3657
detritus	0.3650
deco	0.3647
diabetics	0.3647
disinfection	0.3646
deliverables	0.3645
disuse	0.3640
dwarfed	0.3636
discontents	0.3632
Dali	0.3627
drunkard	0.3625
Drs	0.3616
dermatology	0.3613
disjoint	0.3610
direcdy	0.3607
diffusivity	0.3603
deceleration	0.3596
discourages	0.3595
doublet	0.3592
deceptively	0.3591
delightfully	0.3590
drugstore	0.3587
deferential	0.3583
distrusted	0.3580
Derry	0.3578
disparaging	0.3573
disintegrating	0.3571
disloyalty	0.3567
dramatized	0.3566
dint	0.3564
damsel	0.3562
derided	0.3559
derelict	0.3557
dispersing	0.3553
dissociate	0.3550
Dunning	0.3544
Darryl	0.3542
depredations	0.3540
DAC	0.3538
Duckworth	0.3536
declaratory	0.3534
dampen	0.3532
dampened	0.3530
demoralized	0.3530
Deccan	0.3525
Dakar	0.3515
deployments	0.3511
defamatory	0.3507
Devine	0.3502
DiMaggio	0.3501
dumbfounded	0.3501
dower	0.3498
Dunlop	0.3491
Dios	0.3485
destitution	0.3480
dispatcher	0.3476
downtime	0.3475
disaffection	0.3466
demonstrably	0.3457
dialogical	0.3455
deft	0.3449
Dickey	0.3442
dames	0.3428
divider	0.3427
decomposing	0.3425
Dijon	0.3423
decoded	0.3422
delicacies	0.3420
dramatists	0.3420
disreputable	0.3413
digression	0.3411
dizzying	0.3409
despondent	0.3400
delineating	0.3399
dyad	0.3395
disapproving	0.3393
Duval	0.3380
deputation	0.3378
debentures	0.3377
Demeter	0.3373
despondency	0.3366
desensitization	0.3363
Doreen	0.3359
dads	0.3356
Dowling	0.3354
daresay	0.3349
Derbyshire	0.3347
distinctness	0.3344
degrades	0.3342
dormitories	0.3339
detestable	0.3339
deciphering	0.3329
doer	0.3315
displaces	0.3314
decimals	0.3312
donating	0.3309
D.P.	0.3307
Demetrius	0.3307
dozing	0.3306
Dietz	0.3305
Dunham	0.3305
daisies	0.3304
determinative	0.3301
disobeyed	0.3301
Dooley	0.3300
divested	0.3298
dampness	0.3296
Dirac	0.3295
doorknob	0.3294
distention	0.3290
disulfide	0.3288
disheveled	0.3283
Digby	0.3281
domineering	0.3273
demolish	0.3269
dislodged	0.3268
dichotomies	0.3265
dopaminergic	0.3262
denunciations	0.3261
derivations	0.3259
deepens	0.3258
dissect	0.3254
defile	0.3245
disinfectant	0.3244
deportment	0.3242
deathly	0.3241
disentangle	0.3239
drooped	0.3226
decried	0.3214
disenchantment	0.3210
decrepit	0.3208
Dobbs	0.3206
Durant	0.3205
Deo	0.3205
Donahue	0.3204
deconstructing	0.3202
distantly	0.3201
Deming	0.3199
distally	0.3195
delimitation	0.3195
divines	0.3194
decently	0.3193
dictatorships	0.3192
dissimilarity	0.3185
destabilize	0.3185
digitizing	0.3178
Dougherty	0.3177
duped	0.3175
diplomas	0.3172
downplay	0.3169
dreading	0.3164
drape	0.3164
Downey	0.3155
Debussy	0.3153
Desdemona	0.3144
doubtfully	0.3141
disconcerted	0.3139
droppings	0.3134
divergences	0.3123
dexamethasone	0.3118
Dickie	0.3116
Driscoll	0.3116
Duran	0.3110
Dunkirk	0.3109
Darrow	0.3107
drawled	0.3106
diagrammatic	0.3102
delegating	0.3098
Darlington	0.3091
Drayton	0.3091
dailies	0.3089
dioceses	0.3088
Dianne	0.3088
Delilah	0.3083
dulled	0.3077
downpour	0.3074
deducting	0.3069
discoverer	0.3069
dispositional	0.3068
disengage	0.3062
D.C	0.3059
Davie	0.3053
Doran	0.3050
divest	0.3042
Dauphin	0.3039
Dina	0.3034
despaired	0.3034
democratisation	0.3032
denizens	0.3030
doorman	0.3029
dank	0.3028
Dido	0.3026
defuse	0.3026
dogmatism	0.3025
DeWitt	0.3012
Dao	0.3004
damped	0.3001
doo	0.2994
durante	0.2988
dropouts	0.2980
Dias	0.2980
Dred	0.2977
disquieting	0.2977
disjunctive	0.2968
disenchanted	0.2968
defraud	0.2967
dc22	0.2967
dispersive	0.2963
draperies	0.2959
daze	0.2957
disquiet	0.2954
dysfunctions	0.2946
dispossession	0.2945
discours	0.2940
decoupling	0.2936
detest	0.2934
discretization	0.2926
doit	0.2924
Doolittle	0.2923
dike	0.2922
doughnuts	0.2921
disinterest	0.2919
Duluth	0.2918
dearer	0.2917
diffuses	0.2917
disqualify	0.2914
Dillard	0.2908
dentition	0.2908
disarming	0.2907
dredging	0.2905
decentralised	0.2904
deletes	0.2893
disembarked	0.2891
diss.	0.2887
deconstruct	0.2882
drafters	0.2880
disbursement	0.2877
debauchery	0.2876
despot	0.2874
dy	0.2869
dynamo	0.2867
dishonour	0.2866
Dade	0.2865
ducking	0.2861
dang	0.2861
defensiveness	0.2857
disheartened	0.2853
domestics	0.2851
duffel	0.2850
doggedly	0.2847
Doric	0.2842
devoutly	0.2835
disdained	0.2828
DHS	0.2827
dyads	0.2824
dab	0.2824
Danvers	0.2820
Denison	0.2818
Dreiser	0.2818
duplicating	0.2816
dials	0.2815
Durga	0.2813
Dunstan	0.2812
deferring	0.2812
disadvantageous	0.2811
despatches	0.2810
dykes	0.2809
dregs	0.2807
disposes	0.2803
Druids	0.2802
diazepam	0.2801
drunks	0.2792
Dore	0.2792
dreamers	0.2792
Deere	0.2791
Dino	0.2790
decontamination	0.2787
dunno	0.2783
dullness	0.2782
dramatize	0.2781
draconian	0.2780
downtrodden	0.2776
ducats	0.2767
delineates	0.2765
dinghy	0.2762
Domini	0.2759
dikes	0.2759
detonated	0.2754
Daryl	0.2750
desertification	0.2746
deplore	0.2744
Dyck	0.2738
Diocletian	0.2737
doughnut	0.2730
diaphragmatic	0.2726
dependants	0.2726
don't	0.2724
diggers	0.2714
DSC	0.2713
daycare	0.2709
dilate	0.2706
decoy	0.2705
diffusive	0.2702
Dominica	0.2693
desde	0.2693
defenceless	0.2693
distension	0.2688
delectable	0.2688
desultory	0.2687
dissented	0.2681
dismembered	0.2679
dispatching	0.2677
daydreaming	0.2674
Dionysian	0.2670
drummed	0.2669
disclaim	0.2667
desecration	0.2665
dispenser	0.2664
Delacroix	0.2661
dazzle	0.2653
denouement	0.2652
Dorn	0.2647
disaggregated	0.2647
deteriorates	0.2643
dweller	0.2642
domiciled	0.2641
Delany	0.2641
disproved	0.2639
dissolute	0.2638
disingenuous	0.2631
dextrose	0.2624
downplayed	0.2623
disdainful	0.2620
dif	0.2614
determinable	0.2613
dentures	0.2609
depuis	0.2607
dimers	0.2605
droves	0.2605
deliverer	0.2603
DBA	0.2601
Devereux	0.2601
Duarte	0.2595
dismemberment	0.2593
distrustful	0.2592
Darfur	0.2592
doers	0.2590
deceptions	0.2589
Dmitri	0.2588
droop	0.2584
deserting	0.2584
Dorado	0.2582
deciphered	0.2580
deportations	0.2580
dormancy	0.2576
Debs	0.2574
doze	0.2573
dipper	0.2569
depreciate	0.2561
Degas	0.2557
deplete	0.2556
descendents	0.2554
Dubuque	0.2552
daydream	0.2552
disguising	0.2551
drummers	0.2550
deconstructive	0.2545
diagonals	0.2545
drawl	0.2541
Dowd	0.2539
Dasein	0.2537
Dijk	0.2532
derangement	0.2531
Dickerson	0.2530
digesting	0.2526
diversifying	0.2520
Denham	0.2511
Daytona	0.2508
doch	0.2506
Dodds	0.2501
DHCP	0.2499
disharmony	0.2493
denaturation	0.2492
dents	0.2488
DBMS	0.2488
diluting	0.2483
deuterium	0.2480
Dodson	0.2474
Dominguez	0.2473
divorcing	0.2466
dabbed	0.2465
dissonant	0.2464
destructiveness	0.2454
desiccation	0.2454
Dalrymple	0.2450
decapitated	0.2441
disagreeing	0.2434
deliciously	0.2432
draughts	0.2432
dandelion	0.2428
dependability	0.2426
donuts	0.2425
drips	0.2422
deterring	0.2421
divined	0.2418
dolomite	0.2417
dyspepsia	0.2410
deploys	0.2405
discriminations	0.2401
Daimler	0.2399
dicta	0.2394
doughty	0.2393
depleting	0.2388
Danzig	0.2386
divisor	0.2385
devalue	0.2385
deviating	0.2383
diva	0.2383
dipoles	0.2383
derogation	0.2382
Donnie	0.2381
Dictionnaire	0.2379
determinedly	0.2378
denuded	0.2376
digoxin	0.2376
disputants	0.2374
driftwood	0.2369
disputation	0.2368
disbursed	0.2367
Democritus	0.2364
defaulted	0.2364
disunity	0.2356
decorator	0.2354
downy	0.2354
deja	0.2352
deflections	0.2351
Donegal	0.2351
debilitated	0.2350
Dominick	0.2347
Dimitri	0.2345
discards	0.2344
dejection	0.2342
dented	0.2338
divan	0.2337
dedicating	0.2336
dreamily	0.2336
destabilization	0.2330
deform	0.2329
detente	0.2328
deprecated	0.2322
Dasgupta	0.2321
dorms	0.2319
Dustin	0.2312
dysphagia	0.2307
dumpster	0.2306
dissuaded	0.2295
delving	0.2294
Dario	0.2293
discoverable	0.2291
demure	0.2286
denatured	0.2281
deregulated	0.2278
Dravidian	0.2277
discomforts	0.2273
defray	0.2272
dismount	0.2270
DRC	0.2262
don'ts	0.2261
ducal	0.2257
Drexel	0.2250
denounces	0.2250
dappled	0.2249
D.K.	0.2246
dumplings	0.2246
Deutsches	0.2245
disparage	0.2242
disinclined	0.2237
Dundas	0.2237
dryers	0.2236
diatribe	0.2234
Duggan	0.2231
D.T.	0.2229
Durango	0.2227
deified	0.2223
derisive	0.2222
doomsday	0.2222
dimples	0.2222
declination	0.2221
Duquesne	0.2219
DDR	0.2216
dour	0.2216
dispersions	0.2216
dyslexic	0.2213
drones	0.2213
disregards	0.2208
diversities	0.2204
disowned	0.2203
despises	0.2203
dungeons	0.2203
denotation	0.2199
dawns	0.2196
decibels	0.2194
dismissals	0.2190
defilement	0.2189
DTI	0.2188
Daedalus	0.2186
droll	0.2184
diplomatically	0.2183
dreamlike	0.2182
digger	0.2182
definiteness	0.2176
degenerates	0.2172
diverges	0.2170
Dumbarton	0.2170
denigration	0.2166
disrepair	0.2166
dramatization	0.2164
directionality	0.2159
Dalhousie	0.2159
deliberated	0.2156
depose	0.2156
disavowal	0.2154
deprecating	0.2153
demurred	0.2153
decrypt	0.2151
Datta	0.2150
disbelieve	0.2142
defecation	0.2140
dredged	0.2140
drooling	0.2139
doctorates	0.2136
Darnell	0.2128
divulged	0.2128
denominators	0.2127
downloadable	0.2126
dioxin	0.2121
dimes	0.2120
darned	0.2118
disavowed	0.2118
defected	0.2117
demoralizing	0.2117
Delmar	0.2113
dimethyl	0.2112
Darien	0.2112
discomfiture	0.2110
darkroom	0.2108
deservedly	0.2106
delimit	0.2104
discursively	0.2102
discriminates	0.2091
Danville	0.2089
dispirited	0.2088
derail	0.2088
duels	0.2085
dissipative	0.2084
D4	0.2083
denigrate	0.2083
decease	0.2080
Deakin	0.2077
dub	0.2077
digestible	0.2076
deliberating	0.2073
D.N.	0.2072
demoted	0.2069
Danforth	0.2065
disservice	0.2063
Davids	0.2058
Durbin	0.2058
decrement	0.2054
diffidence	0.2053
daffodils	0.2051
Dostoyevsky	0.2048
dimmer	0.2047
digests	0.2046
dupe	0.2046
Downes	0.2045
disused	0.2045
dissimulation	0.2043
Dara	0.2037
dribble	0.2034
discriminative	0.2032
daunted	0.2031
Dennison	0.2031
discolored	0.2031
diviner	0.2030
dum	0.2029
delighting	0.2027
dishonorable	0.2026
deprivations	0.2026
dribbling	0.2022
Didier	0.2019
discernable	0.2019
dilutions	0.2018
disappearances	0.2017
discrediting	0.2015
Downers	0.2014
Dachau	0.2009
deliverable	0.2008
disparaged	0.2007
damask	0.2007
decorous	0.2006
disobeying	0.2004
drei	0.2003
determiner	0.1999
dramatizes	0.1997
disheartening	0.1996
debility	0.1994
dissensions	0.1993
dully	0.1991
derailed	0.1989
Diirer	0.1988
Dag	0.1987
Deanna	0.1986
decomposes	0.1986
diat	0.1983
deserter	0.1978
dominoes	0.1978
devolve	0.1977
daydreams	0.1976
devant	0.1973
disparagement	0.1973
dons	0.1972
depositor	0.1967
dehumanizing	0.1967
Dugan	0.1964
decisional	0.1963
distresses	0.1962
detaching	0.1961
disrepute	0.1960
Dvorak	0.1960
Diablo	0.1959
drunkards	0.1958
Diehl	0.1955
droits	0.1955
Dinh	0.1953
dimorphism	0.1952
Dutt	0.1951
dewy	0.1951
Dardanelles	0.1948
deren	0.1945
disavow	0.1944
doesn	0.1941
Djibouti	0.1940
denigrated	0.1937
dispensary	0.1933
Denys	0.1932
Deum	0.1924
dowel	0.1917
dwelled	0.1909
Dayan	0.1908
deactivation	0.1907
doleful	0.1906
distemper	0.1904
damnable	0.1904
dangle	0.1903
disallow	0.1902
dwindle	0.1902
disturbingly	0.1899
debuted	0.1896
disband	0.1895
Dusseldorf	0.1895
donning	0.1889
depopulation	0.1886
dredge	0.1884
daft	0.1882
deuce	0.1882
Doty	0.1878
deification	0.1874
doused	0.1870
downwind	0.1869
diasporas	0.1868
dx	0.1866
DMZ	0.1863
defaulting	0.1861
despising	0.1860
dispenses	0.1857
Donny	0.1857
drawbridge	0.1851
Dewar	0.1850
delved	0.1849
disproportion	0.1848
derisively	0.1848
dissipating	0.1847
disconsolate	0.1844
detachable	0.1842
discontinuing	0.1841
disconnecting	0.1840
Diodorus	0.1839
disinterestedness	0.1838
Deerfield	0.1835
distilling	0.1834
disillusion	0.1832
dimness	0.1832
dissipates	0.1829
downriver	0.1829
dressmaker	0.1826
donc	0.1824
decoupled	0.1822
Dalmatia	0.1822
decoys	0.1821
detaining	0.1820
demarcate	0.1815
Domitian	0.1813
Duce	0.1809
debits	0.1808
dissections	0.1805
deflecting	0.1805
debarred	0.1804
dimming	0.1802
dence	0.1796
Dunedin	0.1795
Dreyer	0.1794
demobilization	0.1794
decryption	0.1792
disown	0.1791
dishonored	0.1789
disclaimers	0.1788
disastrously	0.1787
debridement	0.1784
Damasio	0.1784
dimple	0.1783
Dijkstra	0.1782
dismissively	0.1780
destabilized	0.1779
donde	0.1778
delude	0.1774
dosed	0.1773
dimpled	0.1773
differentiable	0.1772
demoralization	0.1769
downgraded	0.1767
doodle	0.1760
disfigurement	0.1758
deconstructed	0.1757
Dempster	0.1754
desarrollo	0.1753
detours	0.1751
donut	0.1749
diffident	0.1747
dishevelled	0.1742
disclaimed	0.1741
drily	0.1735
doting	0.1735
demolishing	0.1731
disincentives	0.1731
democratizing	0.1727
diadem	0.1725
dividers	0.1725
discerns	0.1725
deltas	0.1725
depressants	0.1721
dedications	0.1716
desecrated	0.1714
Dahomey	0.1713
disembark	0.1712
deeming	0.1706
disbelieving	0.1703
dispositive	0.1703
docility	0.1701
debited	0.1700
dueling	0.1698
decanter	0.1696
dieses	0.1695
disciplinarian	0.1694
dative	0.1688
discrepant	0.1687
disinclination	0.1684
demerits	0.1683
Diario	0.1683
durst	0.1683
decry	0.1683
degenerating	0.1678
declamation	0.1677
digressions	0.1677
decisionmakers	0.1677
dor	0.1672
dispensations	0.1671
Disord	0.1670
debasement	0.1669
draping	0.1669
divestiture	0.1669
dapper	0.1668
digitization	0.1666
Druid	0.1663
Delores	0.1663
deceiver	0.1659
Diisseldorf	0.1659
Dorfman	0.1653
disincentive	0.1653
deport	0.1651
deputed	0.1651
dispassionately	0.1651
defaced	0.1650
deign	0.1647
dereliction	0.1644
Dutta	0.1640
Dukakis	0.1638
disenfranchisement	0.1638
dubiously	0.1635
demotion	0.1632
demagogues	0.1631
DHHS	0.1629
distillery	0.1627
desktops	0.1627
disinfectants	0.1616
dampening	0.1614
Denzin	0.1613
deceives	0.1611
dross	0.1610
Dixit	0.1610
Doane	0.1610
disables	0.1608
defectors	0.1608
Donato	0.1607
diastole	0.1601
DARPA	0.1601
dialectically	0.1601
dominantly	0.1600
defrauded	0.1597
dorsum	0.1596
deflationary	0.1595
disfavor	0.1593
disassembly	0.1592
diverts	0.1589
Deut.	0.1587
duplications	0.1585
differentiations	0.1584
dammed	0.1582
droning	0.1580
Dube	0.1575
doctrinaire	0.1575
diesem	0.1575
deigned	0.1575
distracts	0.1573
Dionne	0.1572
defections	0.1567
depresses	0.1566
Delos	0.1566
descendent	0.1565
disunion	0.1565
displeasing	0.1562
deflate	0.1561
damsels	0.1560
Devin	0.1557
disdainfully	0.1555
downturns	0.1554
detainee	0.1554
deselect	0.1545
displease	0.1543
DaimlerChrysler	0.1541
divalent	0.1540
depressant	0.1539
dexterous	0.1538
declassified	0.1537
Dieppe	0.1534
demurely	0.1533
disassembled	0.1531
duster	0.1529
dirge	0.1527
disapprobation	0.1525
darlin	0.1524
despots	0.1523
deactivated	0.1521
durables	0.1520
diversionary	0.1519
directorship	0.1514
drenching	0.1512
digress	0.1508
Dorr	0.1508
dietitian	0.1507
dastardly	0.1507
disorienting	0.1507
divina	0.1504
Duns	0.1503
dignities	0.1499
dalla	0.1498
dignitary	0.1496
divining	0.1495
diskette	0.1495
divisiveness	0.1494
Duvall	0.1494
disinformation	0.1489
Dodger	0.1488
dualist	0.1488
droned	0.1488
draftsman	0.1488
deodorant	0.1488
dabbled	0.1488
deadliest	0.1487
Donohue	0.1487
diatoms	0.1486
detonate	0.1484
detracts	0.1483
deviants	0.1482
dinnertime	0.1482
dehumanization	0.1482
deathless	0.1479
darkens	0.1479
depersonalization	0.1472
doable	0.1471
delusive	0.1466
decisiveness	0.1465
DCS	0.1465
disempowered	0.1460
Dien	0.1458
dedicates	0.1458
■	0.1457
diarist	0.1456
DMSO	0.1456
devours	0.1451
difficile	0.1447
dispensable	0.1445
decimation	0.1443
DIY	0.1440
diffusely	0.1439
Danbury	0.1438
devastate	0.1436
Daniela	0.1435
debauched	0.1434
dribbled	0.1432
desiccated	0.1431
demagogue	0.1431
deoxyribonucleic	0.1429
dusts	0.1427
dealerships	0.1425
despoiled	0.1420
dubbing	0.1419
dram	0.1418
demean	0.1415
dudes	0.1415
drool	0.1413
Dwayne	0.1412
dissociates	0.1412
disaggregation	0.1409
discus	0.1409
distill	0.1408
DTD	0.1404
ditty	0.1401
deforming	0.1401
decibel	0.1397
Doge	0.1395
ditched	0.1393
dupes	0.1393
dengue	0.1390
dogwood	0.1389
drowns	0.1387
discontinuance	0.1387
dismally	0.1383
dispelling	0.1378
denigrating	0.1376
duets	0.1375
delimiting	0.1374
driest	0.1373
Deepak	0.1373
doublets	0.1366
dethroned	0.1365
dishonourable	0.1363
dressers	0.1362
daintily	0.1362
DJs	0.1354
Dunmore	0.1354
decking	0.1353
detestation	0.1351
darlings	0.1348
discoverers	0.1348
dissimilarities	0.1347
deadening	0.1347
disinherited	0.1345
dowries	0.1345
disapproves	0.1343
devises	0.1342
Doria	0.1341
dysregulation	0.1336
Dortmund	0.1336
disliking	0.1334
Deva	0.1333
dauntless	0.1331
demographically	0.1330
dramatizing	0.1329
deformable	0.1326
Dorman	0.1323
dialogs	0.1321
dreads	0.1319
decapitation	0.1318
dishonoured	0.1317
D.O.	0.1317
druggist	0.1315
duller	0.1314
determinist	0.1312
diviners	0.1311
Dakotas	0.1308
duplicitous	0.1308
dedicatory	0.1305
downgrade	0.1304
doeth	0.1303
dualisms	0.1302
Daniele	0.1301
Danton	0.1301
deducing	0.1301
Deloitte	0.1297
Doren	0.1296
deeps	0.1295
dwarves	0.1291
dispensers	0.1290
downplaying	0.1289
discretely	0.1287
devotedly	0.1287
demonstrator	0.1283
demonized	0.1282
derivable	0.1281
doldrums	0.1275
disinfected	0.1272
divisibility	0.1267
dished	0.1267
D5	0.1266
deride	0.1266
disjuncture	0.1265
deluged	0.1265
Decalogue	0.1264
densest	0.1263
dears	0.1262
dreamless	0.1259
deism	0.1258
discomfited	0.1252
dermatologist	0.1250
driveways	0.1248
devaluing	0.1248
deprecation	0.1247
dissenter	0.1245
Daugherty	0.1244
doled	0.1242
Darstellung	0.1240
dotting	0.1239
defers	0.1237
delightedly	0.1237
DLL	0.1234
dilatory	0.1233
disentangled	0.1230
democratize	0.1229
deferment	0.1228
directorial	0.1226
dello	0.1226
Davos	0.1225
Diener	0.1222
duh	0.1221
Dufour	0.1220
dragonflies	0.1219
disintegrates	0.1218
distractedly	0.1218
depopulated	0.1218
deactivate	0.1216
doctored	0.1213
dependences	0.1210
dabbling	0.1210
descents	0.1209
dunk	0.1209
Departamento	0.1208
Dov	0.1208
diaphragms	0.1207
Droz	0.1207
dervish	0.1205
disparagingly	0.1205
deadpan	0.1203
deflects	0.1199
demur	0.1197
deadened	0.1196
Dorling	0.1195
doubters	0.1194
disperses	0.1194
dav	0.1194
Donoghue	0.1189
dur	0.1189
deltoid	0.1185
Delphic	0.1185
DeKalb	0.1184
desideratum	0.1183
Dutchmen	0.1182
dismounting	0.1179
deepwater	0.1177
Dupuy	0.1177
dabbing	0.1176
dollop	0.1175
dualities	0.1169
denn	0.1169
detentions	0.1169
downsized	0.1168
dropsy	0.1168
disassociate	0.1165
dalliance	0.1164
dren	0.1163
dilettante	0.1163
digitalis	0.1162
dropper	0.1162
dolce	0.1161
deportees	0.1160
dogmatically	0.1159
downgrading	0.1159
doggie	0.1157
despairingly	0.1157
debasing	0.1149
defused	0.1146
Dalmatian	0.1146
decorators	0.1144
diaphanous	0.1143
depreciating	0.1143
Domesday	0.1143
datable	0.1142
dernier	0.1142
Danielson	0.1142
disputations	0.1141
Darya	0.1140
domesticate	0.1140
dumbly	0.1136
draughtsman	0.1135
doorframe	0.1134
dian	0.1133
dandelions	0.1132
diggings	0.1132
deters	0.1132
disempowerment	0.1131
dilating	0.1131
Diller	0.1128
deontological	0.1126
DIC	0.1124
doted	0.1124
disfiguring	0.1124
demographers	0.1122
dimensionally	0.1120
delves	0.1113
Dumpty	0.1111
discordance	0.1108
debater	0.1106
demystify	0.1105
Dep	0.1103
deploring	0.1102
Darjeeling	0.1101
disqualifying	0.1101
descriptively	0.1099
ductility	0.1097
dossiers	0.1096
ductus	0.1095
dangerousness	0.1092
Dailey	0.1088
decompositions	0.1087
D.V.	0.1083
disbanding	0.1083
decrying	0.1083
dramaturgy	0.1082
dislodging	0.1082
decentralize	0.1080
deterrents	0.1079
dejectedly	0.1079
decrements	0.1079
dropdown	0.1078
doctoring	0.1078
deductively	0.1077
dovetailed	0.1076
demilitarized	0.1075
declension	0.1075
Diez	0.1075
drunkenly	0.1074
dustbin	0.1072
disbelieved	0.1070
dextran	0.1069
Dorcas	0.1068
debunk	0.1067
deafened	0.1065
disinvestment	0.1063
drumbeat	0.1056
dovetail	0.1056
declaimed	0.1055
disengaging	0.1055
dayto	0.1054
dentro	0.1053
dignify	0.1050
Delacorte	0.1049
diabolic	0.1048
D.I.	0.1045
δ	0.1045
describable	0.1045
donates	0.1044
discoursed	0.1043
desertions	0.1043
deluding	0.1041
discoursing	0.1040
demarcating	0.1039
daubed	0.1039
dissidence	0.1036
deplores	0.1033
defector	0.1033
deerskin	0.1032
discoloured	0.1032
discretized	0.1032
dwelleth	0.1031
deconstructs	0.1031
Devonian	0.1030
Dae	0.1028
destructively	0.1028
dews	0.1027
dpi	0.1027
dispensaries	0.1025
dispels	0.1024
divesting	0.1023
drifter	0.1022
drugstores	0.1020
debunking	0.1020
dockyard	0.1019
dystopian	0.1018
Dilip	0.1017
dugouts	0.1016
DePaul	0.1012
defibrillator	0.1012
discords	0.1012
divestment	0.1010
dullest	0.1010
Dickenson	0.1009
disappointingly	0.1009
dehumanized	0.1007
demonization	0.1007
dormer	0.1007
diatribes	0.1007
demeaned	0.1007
disassemble	0.1006
defecate	0.1000
ducklings	0.09993
detaches	0.09991
Dewan	0.09974
drizzling	0.09972
deflating	0.09966
demarcations	0.09926
deadweight	0.09919
devolves	0.09895
disapprovingly	0.09872
devel	0.09864
deadlocked	0.09811
disembarking	0.09807
dc21	0.09805
depletes	0.09804
Dietetic	0.09788
devolving	0.09784
deductibles	0.09752
dithering	0.09743
diagrammed	0.09714
disquisition	0.09701
dandruff	0.09700
damit	0.09670
disjunctions	0.09661
doorsteps	0.09648
disconnects	0.09645
doggy	0.09643
decentralizing	0.09618
divulging	0.09618
discos	0.09606
doivent	0.09596
drywall	0.09589
dulness	0.09583
duckling	0.09581
Davila	0.09572
desisted	0.09563
disseminates	0.09561
discreditable	0.09527
dabble	0.09525
Deshpande	0.09518
doggerel	0.09487
devastatingly	0.09465
disassociated	0.09460
debutante	0.09448
decontextualized	0.09431
defiling	0.09413
disorganised	0.09382
determinacy	0.09380
detracted	0.09369
detoxify	0.09368
diathesis	0.09350
dunce	0.09349
downsides	0.09338
demotic	0.09332
decompress	0.09325
dumbbell	0.09304
detonator	0.09294
directorates	0.09289
downsize	0.09264
Dhabi	0.09251
dismutase	0.09237
deduces	0.09233
dilates	0.09225
deliriously	0.09223
déjà	0.09204
drudge	0.09192
dairies	0.09184
diffuser	0.09170
dirtiest	0.09160
dowdy	0.09155
daringly	0.09151
deaden	0.09146
debonair	0.09146
disputable	0.09146
dissociating	0.09139
divorcee	0.09139
disinfect	0.09129
Dermot	0.09116
dissemble	0.09112
Duxbury	0.09104
descried	0.09099
disallowing	0.09089
defeatist	0.09079
dishonestly	0.09076
duds	0.09073
Davidic	0.09070
Duan	0.09061
dramatis	0.09058
dilutes	0.09046
demesne	0.09035
drippings	0.09034
deforms	0.09032
democratized	0.09028
debase	0.09006
ductal	0.08987
defusing	0.08965
Dowell	0.08960
disentangling	0.08948
dragonfly	0.08935
devaluations	0.08932
demobilized	0.08930
dialectal	0.08924
dissembling	0.08917
dreadlocks	0.08907
Dagmar	0.08905
downregulation	0.08893
damming	0.08890
disallows	0.08884
duced	0.08882
droopy	0.08876
dishwashers	0.08875
doubtlessly	0.08875
disburse	0.08873
Doncaster	0.08872
decentered	0.08855
disclaims	0.08796
diminishment	0.08794
defiles	0.08710
duvet	0.08707
disquieted	0.08707
doorjamb	0.08690
detracting	0.08673
doubleness	0.08666
Duncker	0.08664
desiderata	0.08644
derogate	0.08639
desolated	0.08634
defamed	0.08618
decoction	0.08616
decommissioning	0.08602
dirtier	0.08602
deprecate	0.08595
Darley	0.08547
douse	0.08517
dysphoria	0.08500
deeded	0.08498
destruct	0.08489
Dickensian	0.08482
downplays	0.08466
diorama	0.08426
dwarfing	0.08426
debugger	0.08424
destabilizes	0.08415
diehard	0.08414
deadness	0.08375
demonology	0.08351
denotative	0.08348
drivel	0.08326
dispossess	0.08316
distil	0.08314
defrauding	0.08308
doormat	0.08303
deposing	0.08272
decrepitude	0.08259
Danziger	0.08238
drowsily	0.08232
disablement	0.08230
diagrammatically	0.08216
demerit	0.08211
disfavour	0.08209
demoniac	0.08190
depositories	0.08180
draftees	0.08168
disfigure	0.08152
demonize	0.08132
deviancy	0.08122
drafty	0.08119
D6	0.08114
Duomo	0.08083
dishing	0.08074
dumpy	0.08071
defame	0.08065
dramatics	0.08064
differendy	0.08059
destabilising	0.08017
dud	0.08007
didacticism	0.08004
devalues	0.08002
disaggregate	0.07993
decouple	0.07988
doghouse	0.07986
decommissioned	0.07978
drawstring	0.07939
delineations	0.07928
daub	0.07928
Dupuis	0.07927
denizen	0.07914
debunked	0.07903
dinucleotide	0.07901
delicatessen	0.07899
dispiriting	0.07876
disassociation	0.07875
dally	0.07817
discourteous	0.07802
decodes	0.07795
duction	0.07790
dodgy	0.07788
dervishes	0.07771
disgustedly	0.07755
disdaining	0.07748
Donatello	0.07737
decamped	0.07736
defecting	0.07734
drifters	0.07732
dialled	0.07711
desecrate	0.07702
downer	0.07675
decorates	0.07662
disproving	0.07648
ditching	0.07645
deadlocks	0.07644
decelerating	0.07636
daredevil	0.07631
digitize	0.07629
diagnostically	0.07614
deceivers	0.07604
dreariness	0.07587
doffed	0.07563
downbeat	0.07559
£	0.07557
drinkable	0.07534
D0	0.07527
demoralize	0.07526
dimerization	0.07523
declamatory	0.07511
detonating	0.07496
dissonances	0.07495
dreamland	0.07477
disdains	0.07470
Duffield	0.07461
disabuse	0.07439
detests	0.07438
Dominus	0.07436
discriminator	0.07434
declivity	0.07382
dainties	0.07359
dunked	0.07356
dere	0.07331
dishwashing	0.07327
depressingly	0.07316
demagogic	0.07312
derangements	0.07294
detox	0.07292
ders	0.07285
dicey	0.07276
distressingly	0.07275
distilleries	0.07272
disclaiming	0.07270
desensitized	0.07256
diff	0.07255
debrief	0.07252
dote	0.07250
debauch	0.07241
degradations	0.07239
demoralised	0.07221
direst	0.07220
defeatism	0.07215
dawdling	0.07212
Darwinist	0.07199
disconsolately	0.07178
drawingroom	0.07153
despairs	0.07132
dandies	0.07105
DeMille	0.07088
diplomatist	0.07083
Dahlgren	0.07080
diffracted	0.07080
detections	0.07069
depersonalized	0.07055
depredation	0.07055
discussants	0.07050
destabilise	0.07040
disempowering	0.07038
doorkeeper	0.07020
doctrinally	0.06935
Dirks	0.06901
dangles	0.06899
dines	0.06896
dislocate	0.06893
duplicative	0.06890
dulling	0.06878
decelerate	0.06872
disconcertingly	0.06869
decimate	0.06868
doling	0.06861
disrespectfully	0.06851
demagoguery	0.06833
darning	0.06833
disrespected	0.06832
deferentially	0.06823
domesticating	0.06822
Deventer	0.06821
Darton	0.06815
Dumfries	0.06812
doyen	0.06809
dales	0.06802
deconstructionist	0.06785
DTP	0.06784
Dabney	0.06763
disgorge	0.06761
Dipartimento	0.06754
Dupre	0.06732
dotage	0.06729
disqualifies	0.06729
dexterously	0.06727
Drysdale	0.06714
dethrone	0.06708
declaiming	0.06705
distrusting	0.06691
daguerreotype	0.06689
dazzlingly	0.06686
delimits	0.06683
decelerated	0.06661
decreeing	0.06656
dumbest	0.06647
dabs	0.06635
disinhibition	0.06621
disavowing	0.06611
Dior	0.06609
dismember	0.06586
dragoon	0.06563
designee	0.06550
deporting	0.06537
Duchesse	0.06537
discomforting	0.06537
demystification	0.06533
deregulate	0.06523
dumbstruck	0.06521
Dunkin	0.06501
debuts	0.06498
dogging	0.06498
Doan	0.06497
deface	0.06467
depreciates	0.06465
diversely	0.06457
Dilthey	0.06457
downslope	0.06456
drench	0.06454
devilishly	0.06440
decries	0.06439
dungarees	0.06424
Denken	0.06412
doodling	0.06411
debilitation	0.06408
dressmaking	0.06402
ded	0.06402
demigods	0.06399
denaturing	0.06395
dressy	0.06371
desegregate	0.06367
Druck	0.06340
disarmingly	0.06338
draftsmen	0.06336
deriding	0.06331
dissatisfactions	0.06274
Dugdale	0.06273
disingenuously	0.06270
distaff	0.06265
deceits	0.06252
disavows	0.06248
Domine	0.06246
ditties	0.06221
dwindles	0.06206
disgustingly	0.06188
diesen	0.06174
décor	0.06173
disgorged	0.06158
drear	0.06129
disunited	0.06113
decrypted	0.06087
disabused	0.06083
demonizing	0.06074
decolonisation	0.06072
disappoints	0.06070
daylights	0.06065
dovetails	0.06064
demigod	0.06057
diphosphate	0.06045
disjunct	0.06044
dunking	0.06032
dramatised	0.06006
Durer	0.06003
Dicky	0.05998
dawdle	0.05991
dims	0.05986
DeVries	0.05977
disobeys	0.05971
debaters	0.05965
Darth	0.05961
drizzled	0.05919
demarcates	0.05916
dicks	0.05898
demote	0.05887
debriefed	0.05883
drugging	0.05879
dah	0.05876
detoured	0.05863
diskettes	0.05862
daylong	0.05843
Donnelley	0.05825
dousing	0.05798
dislocating	0.05788
dander	0.05772
dallied	0.05770
demolitions	0.05763
dyskinesia	0.05716
duffle	0.05693
delinquencies	0.05690
Dmitry	0.05689
Dauphine	0.05672
depositional	0.05646
dodo	0.05618
dissects	0.05602
discourtesy	0.05588
dered	0.05584
dressmakers	0.05583
delectation	0.05582
Doberman	0.05573
Dufferin	0.05547
directionless	0.05545
dehumanize	0.05543
daffodil	0.05542
daren't	0.05541
derailment	0.05539
doorknobs	0.05529
desecrating	0.05522
dyspeptic	0.05502
doormen	0.05486
deci	0.05480
donee	0.05454
dissents	0.05452
downpours	0.05449
dampens	0.05445
Díaz	0.05437
dopey	0.05437
dubs	0.05415
defecating	0.05415
diningroom	0.05410
deadbeat	0.05404
dizzily	0.05362
diuresis	0.05359
desperadoes	0.05354
dela	0.05345
Deschamps	0.05327
decimating	0.05316
discredits	0.05303
dulls	0.05301
derides	0.05288
disinfecting	0.05279
denigrates	0.05258
demystifying	0.05250
dawdled	0.05229
disquisitions	0.05228
dissuading	0.05228
daddies	0.05213
declaim	0.05207
dition	0.05204
Dingle	0.05197
dooms	0.05184
dessen	0.05176
doilies	0.05159
dockside	0.05159
despoil	0.05140
DNLM	0.05138
deepseated	0.05130
decompensation	0.05129
dichotomized	0.05114
destructions	0.05100
distribuer	0.05096
Dreamweaver	0.05085
drawdown	0.05074
damnedest	0.05073
despondently	0.05067
dismaying	0.05041
distressful	0.05040
distrusts	0.05037
disquietude	0.05028
decals	0.05022
detonations	0.04984
disinterred	0.04979
dallying	0.04972
decanted	0.04951
dismembering	0.04948
disproves	0.04928
diis	0.04925
disagreeably	0.04909
dolt	0.04904
Drang	0.04902
DBS	0.04901
deceitfulness	0.04889
decennial	0.04888
dot.com	0.04879
duces	0.04867
duelling	0.04865
Deen	0.04853
drearily	0.04851
deducible	0.04848
drumstick	0.04845
dystopia	0.04839
deionized	0.04829
deprecatory	0.04817
dort	0.04816
drumsticks	0.04790
disorientated	0.04784
deemphasized	0.04774
depoliticized	0.04772
Davenant	0.04769
dolefully	0.04763
deemphasize	0.04752
demande	0.04742
dollhouse	0.04725
differentiator	0.04699
dory	0.04690
directedness	0.04679
desegregated	0.04674
deterministically	0.04651
DFG	0.04640
drooled	0.04635
didn't	0.04630
dieir	0.04617
dockyards	0.04611
decarboxylase	0.04598
Dolby	0.04598
diagnosable	0.04581
doute	0.04580
defrayed	0.04571
doughy	0.04547
douche	0.04496
Decameron	0.04487
dolor	0.04472
disgracefully	0.04465
doodles	0.04461
daydreamed	0.04458
dray	0.04456
deadlier	0.04455
discouragements	0.04454
deliverers	0.04453
decorously	0.04450
DUI	0.04445
disinherit	0.04434
dahlias	0.04434
Deptford	0.04426
developpement	0.04413
dirtied	0.04402
deftness	0.04398
Downie	0.04389
Dateline	0.04387
disfavored	0.04386
daunt	0.04372
DFID	0.04358
disassembling	0.04354
disrobe	0.04354
derisory	0.04345
dearie	0.04343
Damocles	0.04332
doubter	0.04314
disowning	0.04305
dehydrate	0.04266
dithered	0.04252
decanters	0.04218
diagramming	0.04217
denominate	0.04212
dodges	0.04205
deviousness	0.04203
disembarkation	0.04203
delimiter	0.04199
Dahlia	0.04198
Dombey	0.04195
disparages	0.04187
dicing	0.04184
disrobed	0.04171
dampers	0.04159
determiners	0.04155
desponding	0.04139
D7	0.04135
disbursing	0.04130
derelicts	0.04112
deodorants	0.04053
Dartmoor	0.04050
Dobbins	0.04021
decentering	0.04015
defacing	0.04012
deployable	0.03999
demoniacal	0.03997
diffidently	0.03991
droops	0.03989
disfranchised	0.03989
doubdess	0.03986
defaulters	0.03980
dilapidation	0.03978
designedly	0.03974
dumbing	0.03972
dazzles	0.03971
demystified	0.03967
decipherable	0.03946
direc	0.03944
denudation	0.03944
deceitfully	0.03940
drainpipe	0.03934
disempower	0.03932
domus	0.03893
Danner	0.03892
disestablishment	0.03879
deflates	0.03878
Deering	0.03875
dolorous	0.03866
DPP	0.03862
distills	0.03857
dusters	0.03850
DeLong	0.03841
desolating	0.03840
diagnostician	0.03838
dunghill	0.03830
disgusts	0.03830
discontentment	0.03808
detraction	0.03805
dowels	0.03752
depositary	0.03728
dishwater	0.03727
dominie	0.03691
dumpling	0.03675
descry	0.03663
Daryaganj	0.03660
dork	0.03639
dulcet	0.03636
dither	0.03630
despatching	0.03629
distillate	0.03627
domo	0.03603
drawling	0.03602
dimensioned	0.03591
Dugald	0.03583
doppelganger	0.03574
dildo	0.03572
Donelson	0.03565
dinky	0.03560
dado	0.03558
docu	0.03557
diacritical	0.03521
deponent	0.03514
direful	0.03506
deregulating	0.03488
disinterestedly	0.03487
DMV	0.03476
Delawares	0.03447
derailing	0.03443
deniers	0.03416
dumber	0.03403
declamations	0.03392
Dhar	0.03389
displeases	0.03382
decencies	0.03377
développement	0.03375
demolishes	0.03366
darkling	0.03346
ditions	0.03324
dure	0.03324
deliverances	0.03316
desperado	0.03309
devastations	0.03309
Darnley	0.03303
disposals	0.03297
dinna	0.03291
Düsseldorf	0.03272
differentia	0.03263
Deutschlands	0.03254
Dobbin	0.03252
Donnell	0.03252
dishonoring	0.03237
drubbing	0.03228
defaming	0.03227
designator	0.03222
dukedom	0.03209
detrimentally	0.03199
disproof	0.03193
derriere	0.03185
deathlike	0.03174
discomposed	0.03171
deputized	0.03164
deplorably	0.03158
draughty	0.03131
dynamos	0.03129
domiciliary	0.03128
disgracing	0.03119
defraying	0.03093
deist	0.03083
dissembled	0.03073
Donn	0.03069
Desiderius	0.03064
deducts	0.03063
decapitate	0.03041
diffi	0.03038
deanery	0.03031
dodecyl	0.03023
deputations	0.03021
Diemen	0.03014
demonstratively	0.03013
diplomatists	0.03004
doon	0.03003
dentate	0.02999
dudgeon	0.02995
disputant	0.02986
diehards	0.02984
Dunstable	0.02956
dismantles	0.02951
Dinesh	0.02948
doest	0.02947
dwarfish	0.02911
Daten	0.02911
disturber	0.02908
drinkin	0.02899
Dorsetshire	0.02891
debar	0.02891
despoiling	0.02886
Dall	0.02850
demeans	0.02845
downhearted	0.02836
Dacre	0.02819
dioramas	0.02809
dropt	0.02808
decaf	0.02805
demoralising	0.02803
disconcert	0.02790
disarranged	0.02789
disrespecting	0.02769
deify	0.02768
dyers	0.02761
Departement	0.02761
dirges	0.02723
deliberateness	0.02712
debenture	0.02705
dribbles	0.02684
doux	0.02677
drizzly	0.02672
deictic	0.02663
diatonic	0.02650
disproportional	0.02632
disarms	0.02609
deprecatingly	0.02600
digestibility	0.02596
dulce	0.02584
distincdy	0.02565
doctrina	0.02559
dissention	0.02542
Dupin	0.02538
drovers	0.02528
Dubin	0.02500
dz	0.02497
deists	0.02481
Delphine	0.02471
demurrer	0.02454
dimeric	0.02451
dramatizations	0.02446
distillers	0.02444
dessus	0.02442
Danby	0.02423
Derwent	0.02415
disorganisation	0.02411
discountenanced	0.02395
discomfiting	0.02389
disturbers	0.02385
Dubrovnik	0.02379
Daw	0.02378
dooming	0.02375
disenfranchise	0.02371
Dinwiddie	0.02371
dayes	0.02368
dells	0.02352
disputatious	0.02338
duchesses	0.02308
downe	0.02303
deindustrialization	0.02302
dietician	0.02296
diegetic	0.02285
davs	0.02285
diabolically	0.02275
decamp	0.02264
dumbbells	0.02260
darkies	0.02258
distempered	0.02257
drollery	0.02256
dicitur	0.02232
Douai	0.02217
Decius	0.02213
devotedness	0.02209
Darden	0.02201
drachms	0.02192
directionally	0.02181
dimpling	0.02175
Doddridge	0.02166
dramaturgical	0.02165
domaine	0.02165
denen	0.02152
diere	0.02148
Dampier	0.02132
develope	0.02132
Denbigh	0.02114
dorsolateral	0.02096
dinning	0.02096
deliberates	0.02083
Daniell	0.02078
drachm	0.02045
dumbness	0.02040
digged	0.02030
desuetude	0.02008
Dena	0.02003
disgraces	0.02000
defmed	0.01995
detoxifying	0.01985
Depp	0.01979
doff	0.01977
dell'arte	0.01971
durance	0.01959
deniability	0.01950
deforested	0.01949
duree	0.01941
doles	0.01934
detonators	0.01921
distractibility	0.01914
dragnet	0.01879
deigning	0.01866
dendrite	0.01852
Dagon	0.01852
dachshund	0.01835
demilitarization	0.01819
doorposts	0.01814
dalliances	0.01806
diachronically	0.01788
decoyed	0.01779
dolled	0.01777
drest	0.01751
Delmonico	0.01750
doddering	0.01737
Damme	0.01737
defrost	0.01736
damps	0.01710
Dowden	0.01695
divans	0.01689
drams	0.01687
Dacca	0.01669
divil	0.01665
drivin	0.01663
Draco	0.01662
diable	0.01660
decompressed	0.01649
Dulwich	0.01644
deviltry	0.01639
Daudet	0.01632
Duchesne	0.01632
disengages	0.01625
developement	0.01625
disrobing	0.01617
disillusioning	0.01617
dewdrops	0.01614
deigns	0.01601
dieth	0.01562
defectives	0.01558
Denman	0.01551
Dorking	0.01551
darksome	0.01550
dually	0.01549
Drogheda	0.01541
dynamometer	0.01531
damnably	0.01529
devilry	0.01525
duchies	0.01522
DOJ	0.01520
dace	0.01519
Darin	0.01518
despond	0.01501
disfranchisement	0.01499
discreteness	0.01495
disaggregating	0.01481
Dnieper	0.01469
doublings	0.01464
daintiness	0.01462
denature	0.01458
divinest	0.01456
deuced	0.01454
didna	0.01452
dustpan	0.01452
Diwan	0.01449
Danae	0.01448
diverses	0.01439
darky	0.01438
dich	0.01435
diey	0.01429
descant	0.01425
dockets	0.01422
dyin	0.01410
Dedham	0.01403
discolor	0.01395
Dodsley	0.01394
derring	0.01388
Dunfermline	0.01380
Demerara	0.01371
Dibdin	0.01371
drover	0.01364
defi	0.01362
devoir	0.01360
delimiters	0.01358
dairying	0.01357
dumfounded	0.01356
drowsing	0.01349
dimorphic	0.01343
Dichter	0.01343
dioxins	0.01332
diphthong	0.01329
dotes	0.01327
doxology	0.01323
diethyl	0.01305
Dunciad	0.01294
decoders	0.01276
declivities	0.01274
Dessau	0.01261
detaillierte	0.01258
Dhu	0.01256
dispossessing	0.01251
dismission	0.01248
debet	0.01244
Donati	0.01227
dirtiness	0.01225
Dacia	0.01222
doorpost	0.01215
disjoined	0.01209
dehydrating	0.01202
Dutchess	0.01200
duenna	0.01199
Douay	0.01190
distempers	0.01188
Desi	0.01187
Damas	0.01185
disemboweled	0.01183
disport	0.01179
Davidoff	0.01178
dipolar	0.01176
discountenance	0.01173
disposer	0.01170
Dreyfuss	0.01167
duos	0.01159
davits	0.01154
diluent	0.01141
default.asp	0.01133
disqualifications	0.01131
daintiest	0.01126
downregulated	0.01121
Dichtung	0.01117
damns	0.01112
doggedness	0.01111
douce	0.01109
defaulter	0.01109
dese	0.01109
dissipations	0.01098
deathblow	0.01094
darter	0.01092
dra	0.01092
derange	0.01087
digressed	0.01079
dimmest	0.01078
drouth	0.01078
draggled	0.01076
draweth	0.01076
dogmatical	0.01074
duplexes	0.01067
duffer	0.01064
dependance	0.01060
decaffeinated	0.01054
Dene	0.01054
druggists	0.01044
disant	0.01043
drafter	0.01033
dol	0.01032
Diplom	0.01031
dicere	0.01028
distiller	0.01024
Derridean	0.01023
despotisms	0.01013
daubs	0.01005
drays	0.01001
doxa	0.01000
decoratively	0.009848
disporting	0.009836
dooryard	0.009805
demoralisation	0.009780
doffing	0.009767
darkey	0.009738
disproportioned	0.009731
dietetics	0.009710
dairyman	0.009692
doubloons	0.009636
dirough	0.009634
divas	0.009560
dejeuner	0.009540
divino	0.009497
desolations	0.009479
determinately	0.009472
disgorging	0.009457
drunker	0.009405
dominos	0.009378
domiciles	0.009376
Dolorosa	0.009172
dowered	0.008958
dromedary	0.008954
debunks	0.008943
dedit	0.008923
demesnes	0.008920
ducat	0.008909
dastard	0.008909
danse	0.008873
D.C.L.	0.008833
discomposure	0.008822
desireth	0.008811
drinketh	0.008797
domi	0.008792
dearness	0.008761
drakes	0.008741
detains	0.008732
desalination	0.008662
dicit	0.008644
dissentient	0.008620
dethronement	0.008597
deglutition	0.008590
derricks	0.008572
duty7	0.008566
democratical	0.008548
distend	0.008532
devastates	0.008514
drapers	0.008478
decomposable	0.008463
Dokument	0.008463
dropsical	0.008447
dazedly	0.008440
dowagers	0.008368
Dodona	0.008344
defilements	0.008285
diose	0.008285
DQ	0.008254
diadems	0.008243
do2en	0.008198
denier	0.008155
diapason	0.008141
dreariest	0.008115
declensions	0.008108
debouched	0.007978
dirigible	0.007957
devourer	0.007942
donjon	0.007908
disbandment	0.007899
dunces	0.007886
draughtsmen	0.007879
devoutness	0.007811
divinations	0.007796
dismasted	0.007735
debauchee	0.007720
darkish	0.007719
dissevered	0.007708
defalcation	0.007686
drudges	0.007672
Dan.	0.007670
distils	0.007623
«	0.007614
delighteth	0.007601
distich	0.007567
drave	0.007538
dinged	0.007536
deadens	0.007524
diu	0.007470
doubtingly	0.007455
donbt	0.007448
disap	0.007435
discontentedly	0.007428
dishonouring	0.007354
depositaries	0.007333
dandified	0.007250
dogmatist	0.007239
dishearten	0.007239
daughterin	0.007230
delicto	0.007226
disbelievers	0.007226
debaucheries	0.007206
debugged	0.007197
dreaminess	0.007185
duellist	0.007179
dimity	0.007176
derogating	0.007172
diree	0.007165
deprecates	0.007145
dewdrop	0.007134
desirableness	0.007129
D.Phil	0.007116
dressingroom	0.007111
docketed	0.007082
depute	0.007080
dromedaries	0.007068
dotard	0.007059
deluges	0.007026
developes	0.006994
drowsed	0.006858
»	0.006848
drawed	0.006815
distending	0.006804
directorships	0.006793
domineer	0.006748
Druidical	0.006747
dne	0.006738
defectiveness	0.006705
distrait	0.006644
diately	0.006615
Dayal	0.006600
drownded	0.006572
despitefully	0.006550
diink	0.006532
dandyism	0.006523
dextrous	0.006505
decapitating	0.006496
Drat	0.006478
destabilisation	0.006463
debutantes	0.006462
dinned	0.006458
dancin	0.006456
dullard	0.006451
debarkation	0.006444
dogmatists	0.006438
dialectician	0.006406
difficulty7	0.006389
depravation	0.006370
disestablished	0.006361
dormouse	0.006353
doily	0.006335
devilment	0.006330
denunciatory	0.006314
Dogberry	0.006296
debases	0.006278
despisers	0.006261
diminutives	0.006254
dialling	0.006233
darkhaired	0.006198
detesting	0.006191
début	0.006175
dollies	0.006153
denominates	0.006040
daubing	0.006036
descanted	0.006036
Doktorarbeiten	0.006022
divergencies	0.006004
dings	0.005998
dissoluteness	0.005998
disfigures	0.005977
dippers	0.005973
Dak	0.005964
disconfirm	0.005958
dignifies	0.005949
dressinggown	0.005937
dissolutions	0.005921
dissembler	0.005876
disbelieves	0.005876
dethroning	0.005854
disowns	0.005854
ducted	0.005829
digressing	0.005807
divorcees	0.005791
disorganizing	0.005780
digressive	0.005771
diffuseness	0.005769
despotically	0.005728
drudging	0.005719
dispraise	0.005690
drivelling	0.005690
dipt	0.005679
donné	0.005637
disconnections	0.005632
dogmatize	0.005621
deluging	0.005513
defacement	0.005490
divests	0.005472
dissimulate	0.005470
Doody	0.005468
dieted	0.005454
disingenuousness	0.005448
deafen	0.005439
doorkeepers	0.005434
despondingly	0.005414
dividual	0.005383
doubtfulness	0.005372
descanting	0.005354
denly	0.005351
dishabille	0.005347
disported	0.005280
disbeliever	0.005273
detractor	0.005268
disarrange	0.005266
distrustfully	0.005243
diametrical	0.005206
dovetailing	0.005136
dilatoriness	0.005134
deliciousness	0.005129
desensitize	0.005125
digestions	0.005113
dishcloth	0.005095
dono	0.005093
depredators	0.005053
deludes	0.005051
dishonorably	0.005051
docilely	0.004994
dabbler	0.004981
disarrangement	0.004974
disorganize	0.004970
deepness	0.004958
drawbridges	0.004954
dilettantism	0.004954
daye	0.004949
denuding	0.004927
debilitate	0.004884
depopulate	0.004821
dandled	0.004817
drumbeats	0.004817
drearier	0.004813
dependably	0.004808
donnas	0.004802
deadliness	0.004802
despondence	0.004801
disembowelled	0.004768
Damascene	0.004756
directiy	0.004754
daj	0.004721
depreciatory	0.004682
Devonport	0.004682
dynamited	0.004647
Duisburg	0.004644
dation	0.004638
dently	0.004588
Danubian	0.004550
doesn't	0.004539
demander	0.004525
disoblige	0.004496
drolly	0.004490
discompose	0.004436
descrip	0.004426
disagreeables	0.004418
dux	0.004413
declaims	0.004399
disappointedly	0.004386
desisting	0.004386
decreasingly	0.004368
deader	0.004321
driblets	0.004292
dotcom	0.004292
drabs	0.004290
desirest	0.004254
deeprooted	0.004249
drawingrooms	0.004218
dou	0.004211
dolts	0.004169
disencumbered	0.004141
Didot	0.004130
dissuades	0.004128
discordantly	0.004126
♦	0.004108
dulcimer	0.004078
dight	0.004068
disarticulated	0.004068
dering	0.004061
Dartford	0.004009
dois	0.003939
daintier	0.003931
difficultly	0.003931
duodecimo	0.003912
drap	0.003908
demoiselle	0.003868
damn'd	0.003802
douceur	0.003776
disbarred	0.003724
discbarge	0.003670
dehors	0.003657
divi	0.003540
diggin	0.003531
diought	0.003390
dus	0.003362
deposes	0.003331
digne	0.003325
death's	0.003295
deactivating	0.003291
demain	0.003282
dogfight	0.003279
Dut	0.003270
dapple	0.003257
docent	0.003208
dite	0.003187
drown'd	0.003140
devoirs	0.003107
diminuendo	0.003055
diough	0.003017
drowse	0.003004
dant	0.003004
distin	0.003003
dele	0.002936
dree	0.002875
dees	0.002869
destro	0.002837
darest	0.002826
disobliging	0.002803
d'oeuvre	0.002801
distingue	0.002797
dotty	0.002784
dairymaid	0.002763
dwellest	0.002756
duringthe	0.002752
dismounts	0.002741
doss	0.002705
dilly	0.002676
day.1	0.002635
dishonors	0.002606
deadi	0.002599
dozes	0.002545
decoctions	0.002536
dilettanti	0.002480
daya	0.002465
debauches	0.002454
demurs	0.002406
destabilised	0.002384
destine	0.002350
diest	0.002344
deprave	0.002339
deifying	0.002332
dard	0.002274
discerner	0.002256
debauching	0.002251
disci	0.002245
discomforted	0.002200
dignifying	0.002193
duping	0.002153
deranging	0.002123
daugh	0.002069
disinter	0.002067
death.1	0.002040
denude	0.002032
darkskinned	0.002027
deshabille	0.002022
dirtying	0.002011
