like	418.7
life	307.2
long	230.2
little	199.3
law	158.6
left	156.7
less	146.3
large	145.2
last	141.4
later	134.2
level	128.5
look	126.8
let	126.5
love	115.4
line	111.4
local	107.5
least	107.1
light	105.4
language	103.6
low	93.79
land	92.68
London	91.43
looked	90.88
la	76.85
learning	72.90
living	72.24
late	70.30
likely	70.19
looking	68.90
lower	65.28
live	64.48
Lord	64.00
longer	62.42
l	61.39
lost	59.98
leave	59.45
levels	58.81
list	57.92
letter	56.17
loss	55.83
L.	55.43
legal	54.16
lead	53.37
led	53.34
lot	51.11
limited	50.81
lives	50.69
lines	50.03
literature	46.10
learn	44.98
length	43.30
labor	42.91
laws	42.20
larger	41.61
lack	41.47
library	37.96
lived	37.41
latter	36.61
learned	36.51
leading	35.28
letters	34.95
leaders	34.38
lay	33.36
location	31.82
lady	31.82
leaving	29.34
le	29.25
labour	28.62
leadership	28.49
leader	26.44
looks	26.32
located	26.17
layer	26.02
leaves	25.67
lake	24.91
literary	23.91
largely	23.45
loved	23.37
link	23.22
limit	22.31
leads	22.20
limits	21.31
laid	20.57
Latin	20.52
lies	20.48
lose	20.27
lie	19.89
l'	19.74
largest	19.48
logic	19.18
listen	19.11
los	18.88
languages	18.85
load	18.82
linked	18.54
Lee	18.34
legs	18.19
liberal	17.81
linear	17.63
legislation	17.53
Louis	17.51
les	17.50
lips	16.89
listed	16.25
liquid	15.90
links	15.73
landscape	15.23
laboratory	15.21
lying	15.12
laughed	14.80
liability	14.72
liberty	14.72
listening	14.68
liked	14.42
lands	14.06
logical	13.66
limitations	13.34
league	13.30
leg	13.26
losses	12.74
lawyer	12.74
lesson	12.67
Lewis	12.57
ll	12.54
lights	12.51
log	12.39
loan	12.29
layers	12.23
lessons	12.19
lists	12.16
Lincoln	11.63
lunch	11.48
liver	11.33
laugh	11.01
loop	10.97
linguistic	10.91
loose	10.88
losing	10.76
locations	10.72
likewise	10.69
legislative	10.48
lifted	10.34
loud	10.30
ladies	10.12
label	10.07
lots	9.961
lateral	9.827
Lawrence	9.792
laser	9.626
literally	9.563
lieutenant	9.470
loving	9.457
latest	9.288
legitimate	9.258
lowest	9.111
loans	9.032
literacy	8.869
lawyers	8.703
listened	8.601
lifetime	8.542
leaf	8.507
lift	8.465
locked	8.416
lung	8.407
Luke	8.381
leaned	8.367
luck	8.318
Li	8.118
laughing	8.045
listing	7.974
lane	7.940
license	7.865
lovely	7.858
ln	7.833
likelihood	7.827
lesions	7.679
liberation	7.671
las	7.638
loyalty	7.604
lover	7.596
lucky	7.589
launched	7.527
letting	7.511
libraries	7.481
laughter	7.479
loaded	7.453
lock	7.435
lecture	7.386
lit	7.310
leather	7.220
lens	7.208
landing	7.181
lt	7.133
lesser	7.087
legacy	7.038
legislature	6.828
loves	6.757
Ltd	6.667
loading	6.638
lacking	6.605
landed	6.567
liable	6.531
lab	6.449
lighting	6.410
lease	6.364
launch	6.235
limiting	6.218
lifestyle	6.193
limitation	6.169
leisure	6.145
locate	6.123
legend	6.105
lectures	6.094
layout	6.041
labeled	6.039
lakes	5.990
lion	5.936
learners	5.916
lo	5.873
lasting	5.853
Laura	5.826
Ltd.	5.754
lodge	5.639
lowered	5.563
likes	5.554
legitimacy	5.550
lean	5.533
lamp	5.470
linking	5.457
lonely	5.430
lightly	5.373
lined	5.342
litigation	5.340
lip	5.319
Lucy	5.318
labels	5.298
locally	5.255
Louisiana	5.190
lungs	5.157
lords	5.148
Luther	5.110
lasted	5.085
Linda	5.083
legally	5.076
loyal	5.055
Larry	4.987
Leo	4.848
laying	4.825
leaning	4.821
longitudinal	4.808
luxury	4.771
liabilities	4.771
lesbian	4.690
loads	4.661
lamb	4.628
lightning	4.600
lacked	4.578
lovers	4.571
lap	4.499
Lloyd	4.471
Lisa	4.367
lets	4.359
limbs	4.354
lifting	4.262
ladder	4.261
literal	4.249
limb	4.200
lately	4.130
lengths	4.087
lesion	3.992
laden	3.917
lest	3.898
lively	3.878
liberalism	3.823
Leonard	3.801
livestock	3.709
licensing	3.707
lend	3.698
lobby	3.689
leap	3.656
loses	3.653
lemon	3.635
lengthy	3.616
lacks	3.612
Louise	3.595
lighter	3.571
lawn	3.567
Lily	3.563
logs	3.546
landlord	3.516
Locke	3.463
lf	3.463
longing	3.452
lending	3.447
lowering	3.444
Leon	3.441
learner	3.428
loudly	3.407
lime	3.387
laboratories	3.361
localized	3.359
liquor	3.354
locus	3.346
latent	3.255
licensed	3.243
linguistics	3.230
lattice	3.215
levy	3.198
Linux	3.197
landscapes	3.161
liberals	3.160
longest	3.151
lipid	3.138
liberties	3.125
lad	3.070
Leslie	3.048
linkage	3.025
Lett	3.004
lid	2.998
listener	2.954
lent	2.925
linen	2.917
latitude	2.907
listeners	2.903
lamps	2.889
lexical	2.881
logically	2.873
loops	2.857
Lebanon	2.853
learnt	2.850
Lucas	2.839
lining	2.792
leverage	2.772
liberalization	2.765
lust	2.757
logging	2.755
lone	2.744
legends	2.733
Luis	2.729
Liverpool	2.722
Liu	2.701
loosely	2.698
laundry	2.694
lazy	2.694
Lynn	2.685
Lang	2.669
lifelong	2.658
lenses	2.658
learns	2.641
Latino	2.630
lineage	2.613
lymph	2.585
laborers	2.572
loneliness	2.531
locks	2.525
legendary	2.521
lobe	2.483
locality	2.469
lump	2.469
litde	2.445
lighted	2.445
Lin	2.435
lawful	2.431
Levi	2.419
localization	2.418
labeling	2.410
limestone	2.390
licence	2.374
Lynch	2.344
legislators	2.333
lofty	2.323
lace	2.318
louder	2.310
Lanka	2.302
LAN	2.292
lyrics	2.288
linkages	2.272
Lou	2.268
lag	2.263
logistics	2.258
landmark	2.253
lethal	2.250
lions	2.243
Lopez	2.210
LLC	2.185
lance	2.172
Lu	2.168
lumber	2.167
lastly	2.148
locating	2.142
Logan	2.138
licenses	2.120
lied	2.108
locals	2.094
liquids	2.069
liquidity	2.067
lays	2.063
liberated	2.056
lb	2.049
launching	2.032
lecturer	2.030
likeness	2.023
LC	2.022
longed	2.017
Lenin	2.015
ligament	2.012
lawsuit	2.004
lender	1.991
laughs	1.981
lever	1.979
lounge	1.972
lasts	1.960
litter	1.959
Leipzig	1.956
lordship	1.950
Lydia	1.941
logo	1.932
leaped	1.929
liking	1.912
livelihood	1.906
leagues	1.902
lobbying	1.893
lotus	1.891
lodging	1.889
liturgy	1.885
Leiden	1.871
Lexington	1.866
leakage	1.854
legion	1.847
larvae	1.846
lingering	1.843
lumbar	1.840
ls	1.836
labourers	1.828
ligand	1.822
leak	1.816
landowners	1.813
Lutheran	1.812
Ludwig	1.808
Levine	1.804
labelled	1.802
lymphocytes	1.796
Lancet	1.790
Liz	1.781
Lancaster	1.779
leukemia	1.769
luggage	1.768
lunar	1.768
legislatures	1.762
locking	1.756
lesbians	1.755
liaison	1.744
liturgical	1.737
L2	1.731
lantern	1.718
Longman	1.709
Lambert	1.707
librarian	1.697
Lt.	1.694
Lowell	1.687
Lester	1.685
Lyon	1.679
logos	1.675
layered	1.662
literate	1.653
localities	1.648
Lyons	1.633
lure	1.626
lodged	1.619
longevity	1.614
landlords	1.610
lottery	1.608
lasers	1.601
lore	1.600
lanes	1.595
lymphoma	1.590
leases	1.578
lyric	1.577
luckily	1.572
lieu	1.572
Leonardo	1.565
Lorenzo	1.565
L.A.	1.563
laurel	1.561
lapse	1.547
lien	1.543
lifts	1.541
laptop	1.534
luminous	1.531
Lindsay	1.529
latency	1.527
lifestyles	1.519
lucrative	1.512
Laurence	1.487
lithium	1.486
Leone	1.485
ledger	1.472
Lima	1.471
Leigh	1.464
lenders	1.463
Leopold	1.462
labs	1.452
lipids	1.450
lingered	1.446
leased	1.440
luxurious	1.437
Levin	1.437
Lauren	1.432
lament	1.430
liquidation	1.421
limp	1.410
Lacan	1.407
landmarks	1.399
Lithuania	1.395
lava	1.389
Lisbon	1.377
Luxembourg	1.368
lawsuits	1.359
listings	1.356
Louisville	1.350
legged	1.350
locker	1.347
lexicon	1.342
lessen	1.339
liar	1.338
lends	1.338
LP	1.328
librarians	1.319
Libya	1.312
Leicester	1.312
ledge	1.311
lame	1.310
Lear	1.306
Lawson	1.302
lavish	1.288
LM	1.273
lighthouse	1.273
Lama	1.270
Lea	1.269
lightweight	1.269
Latinos	1.267
leaping	1.264
leasing	1.256
Laurie	1.253
labors	1.244
loaf	1.241
Lorraine	1.236
loci	1.231
lush	1.228
login	1.224
lamented	1.219
Lois	1.218
liberating	1.213
Leibniz	1.212
Leeds	1.208
lookout	1.206
Lowe	1.199
Lafayette	1.196
Lucia	1.194
lavender	1.194
Lazarus	1.193
Lizzie	1.193
longterm	1.186
lumen	1.185
Louisa	1.182
leapt	1.180
Levinas	1.178
lobes	1.178
linearly	1.171
liner	1.171
Livingstone	1.171
lagoon	1.166
lads	1.162
logistic	1.156
Lillian	1.155
Leah	1.153
losers	1.152
lib	1.152
libel	1.151
lor	1.149
Ling	1.148
logged	1.147
Larson	1.147
levied	1.139
lbs	1.131
Laos	1.124
Lao	1.120
lowers	1.120
linger	1.117
lurking	1.113
Lionel	1.107
LH	1.104
leaks	1.104
lettuce	1.101
labyrinth	1.093
listens	1.089
labored	1.088
lifeless	1.085
labours	1.085
legality	1.085
longtime	1.080
Lagos	1.076
Lange	1.068
Latvia	1.059
loyalties	1.059
LJ	1.049
Lilly	1.047
Lebanese	1.046
laterally	1.046
lobster	1.042
Lyndon	1.040
longitude	1.039
Lena	1.038
leisurely	1.038
Lanham	1.037
licked	1.036
latex	1.028
lyrical	1.022
lick	1.017
Liberia	1.015
luncheon	1.011
lodges	1.007
lam	1.004
ligands	1.004
loosened	1.003
leftist	0.9993
loosen	0.9982
ly	0.9980
leaps	0.9957
LD	0.9953
lupus	0.9944
loom	0.9943
Lai	0.9935
legitimately	0.9866
ligaments	0.9863
liberate	0.9848
lemma	0.9813
loft	0.9776
loomed	0.9754
Lippincott	0.9728
lowly	0.9717
Livingston	0.9709
locomotive	0.9671
leveled	0.9576
lymphatic	0.9568
liberalisation	0.9568
leopard	0.9555
LDL	0.9540
lui	0.9505
lovingly	0.9505
looming	0.9450
lizard	0.9406
Larsen	0.9399
Lahore	0.9348
loser	0.9330
laced	0.9284
LR	0.9222
likened	0.9204
lilies	0.9136
lash	0.9061
lodgings	0.9039
lessened	0.9033
leur	0.9028
lambs	0.8989
latitudes	0.8951
laity	0.8945
lessee	0.8944
latch	0.8938
Lynne	0.8922
lain	0.8914
LV	0.8909
leans	0.8896
landowner	0.8893
lashes	0.8833
Lori	0.8808
legacies	0.8795
legions	0.8669
laborious	0.8665
Leach	0.8582
literatures	0.8540
locale	0.8538
lowland	0.8506
Leroy	0.8487
legislator	0.8427
Luc	0.8410
leaflets	0.8368
lids	0.8364
ludicrous	0.8329
Lerner	0.8220
lucid	0.8162
Lancashire	0.8145
limitless	0.8129
lax	0.8113
lashed	0.8108
licensee	0.8084
longstanding	0.8083
lineages	0.8057
lowlands	0.8055
Lev	0.8046
lex	0.8016
laborer	0.8002
lawns	0.7985
liter	0.7984
Louvre	0.7983
lagged	0.7973
linguists	0.7955
leaking	0.7949
Lund	0.7931
labelling	0.7887
Libby	0.7881
Laird	0.7858
lac	0.7856
leafy	0.7822
lipstick	0.7803
Latina	0.7801
launches	0.7780
lactic	0.7733
littered	0.7711
logistical	0.7678
L.J.	0.7648
Lara	0.7634
lizards	0.7603
logarithmic	0.7598
luxuries	0.7597
lawless	0.7574
lumps	0.7535
looms	0.7533
Lucien	0.7533
larval	0.7530
lacy	0.7522
Lindsey	0.7505
Luigi	0.7496
lured	0.7492
Littlefield	0.7489
lighten	0.7482
Lithuanian	0.7473
licking	0.7456
legitimation	0.7411
Leningrad	0.7401
Laurent	0.7387
Luna	0.7378
Lim	0.7343
larynx	0.7342
locates	0.7340
Lucius	0.7290
linearity	0.7274
Luce	0.7265
laundering	0.7264
laboring	0.7227
leaked	0.7222
leash	0.7220
landings	0.7190
Lyman	0.7176
laissez	0.7168
locales	0.7168
liberally	0.7144
Liang	0.7118
Lew	0.7109
lifetimes	0.7097
landfill	0.7083
lightness	0.7073
licences	0.7055
lawmakers	0.7055
ladders	0.7054
Lucifer	0.7021
logics	0.7000
lectured	0.6993
lengthening	0.6968
Lumpur	0.6965
Langley	0.6948
Liam	0.6931
lunatic	0.6913
lb.	0.6886
labourer	0.6841
linguistically	0.6840
Loch	0.6818
lawfully	0.6817
Lorenz	0.6802
lull	0.6753
livelihoods	0.6753
Linden	0.6746
lymphocyte	0.6725
loosening	0.6715
Lola	0.6707
layouts	0.6672
lieutenants	0.6663
laryngeal	0.6648
lark	0.6630
lettres	0.6625
lousy	0.6618
loyalists	0.6530
Lennon	0.6521
lactate	0.6471
Larkin	0.6465
lookup	0.6464
Lyotard	0.6463
Lieberman	0.6462
lecturing	0.6416
leprosy	0.6397
leaching	0.6344
Len	0.6316
Leviticus	0.6277
Lewin	0.6273
looting	0.6266
Lansing	0.6265
loaves	0.6261
locomotion	0.6258
lunches	0.6252
Levinson	0.6240
Lehman	0.6209
Lombard	0.6191
lanterns	0.6182
lite	0.6147
lice	0.6128
Lyle	0.6119
landslide	0.6108
lactation	0.6100
Lars	0.6094
libido	0.6080
lags	0.6075
laments	0.6061
Landau	0.6054
luminosity	0.6048
lipoprotein	0.6037
lynching	0.6031
lamina	0.6026
lecturers	0.6013
Liber	0.6002
Liza	0.5999
liquidated	0.5998
Laplace	0.5950
Leland	0.5943
LCD	0.5931
Lenny	0.5909
lengthened	0.5892
loaned	0.5888
lethargy	0.5880
leveling	0.5870
lymphoid	0.5780
Leviathan	0.5772
liners	0.5762
Lacey	0.5761
landlady	0.5753
Levant	0.5731
liters	0.5719
loathing	0.5703
lapsed	0.5693
lemonade	0.5685
Liszt	0.5685
Louie	0.5678
lactose	0.5663
layman	0.5636
lis	0.5627
logarithm	0.5619
lunchtime	0.5617
Labrador	0.5604
lapses	0.5574
lurched	0.5565
leaflet	0.5561
levers	0.5559
Lyme	0.5551
Laguna	0.5546
litany	0.5538
Lehmann	0.5533
lifespan	0.5531
limbic	0.5529
LSD	0.5518
Lucille	0.5510
Lila	0.5493
libertarian	0.5492
levelled	0.5485
LG	0.5485
lass	0.5482
Loeb	0.5464
lettering	0.5458
labouring	0.5432
lineup	0.5428
L1	0.5423
Lancelot	0.5414
loc	0.5414
livery	0.5408
laminar	0.5407
laparoscopic	0.5374
laziness	0.5373
lingua	0.5360
landless	0.5356
Leben	0.5352
loveliness	0.5346
laboured	0.5332
lute	0.5312
leftover	0.5308
lobbyists	0.5306
legumes	0.5306
lemons	0.5298
Langer	0.5293
loot	0.5277
lessor	0.5265
lagging	0.5260
La.	0.5255
lessening	0.5238
Lander	0.5235
Langston	0.5225
longs	0.5214
lovemaking	0.5210
limousine	0.5187
Livy	0.5186
loyalist	0.5185
legible	0.5183
Linn	0.5181
lenient	0.5162
laminated	0.5158
lubrication	0.5153
ley	0.5146
Longfellow	0.5107
Lausanne	0.5095
Langdon	0.5092
lukewarm	0.5087
lunged	0.5081
Libyan	0.5077
lobbied	0.5071
loader	0.5063
Lucknow	0.5060
Lulu	0.5049
Loyola	0.5038
landscaping	0.5027
Lesotho	0.5025
locomotives	0.5023
Lawton	0.5023
lustre	0.4987
laps	0.4961
leukocytes	0.4936
Lok	0.4930
Lucian	0.4923
larva	0.4919
Lessing	0.4910
loam	0.4904
Luo	0.4893
legislate	0.4890
litigants	0.4882
Lockwood	0.4875
Lagrange	0.4869
lubricant	0.4845
limbo	0.4845
Lockhart	0.4843
litres	0.4839
leveraged	0.4833
legitimize	0.4827
loi	0.4823
Lutz	0.4816
lnternational	0.4816
Latvian	0.4797
Luca	0.4787
lazily	0.4786
localised	0.4786
lurid	0.4784
linguist	0.4783
LANs	0.4774
lndia	0.4770
loadings	0.4770
laudable	0.4753
Lau	0.4751
layering	0.4735
leech	0.4732
Lefebvre	0.4725
lat	0.4724
ligation	0.4707
laymen	0.4700
lowercase	0.4675
lingual	0.4661
Lockheed	0.4653
Lovell	0.4650
lotion	0.4647
longings	0.4643
laureate	0.4636
languid	0.4626
livre	0.4603
levies	0.4603
Lennox	0.4599
livres	0.4597
Lees	0.4596
lysis	0.4589
l0	0.4579
Latham	0.4578
leurs	0.4578
Lowry	0.4577
liens	0.4553
Lind	0.4548
looped	0.4543
liberator	0.4537
Lorna	0.4528
Luftwaffe	0.4522
Latour	0.4510
litre	0.4501
Lana	0.4493
Langmuir	0.4492
lonesome	0.4491
linens	0.4449
Lindbergh	0.4449
liberality	0.4447
Lamar	0.4446
liege	0.4433
loins	0.4433
Lister	0.4409
lamentations	0.4394
lambda	0.4394
lifecycle	0.4387
Levitt	0.4375
lysine	0.4373
Louvain	0.4362
L.M.	0.4361
lilac	0.4358
looted	0.4350
lamenting	0.4320
lawlessness	0.4316
Linnaeus	0.4303
lovable	0.4297
Luisa	0.4290
lichen	0.4275
Lucinda	0.4271
lumped	0.4255
lire	0.4254
lingers	0.4248
leukocyte	0.4247
Limerick	0.4233
Leila	0.4223
Lesley	0.4210
Lieut	0.4198
Lankan	0.4195
liars	0.4193
layoffs	0.4191
luxuriant	0.4191
Loretta	0.4182
Ladd	0.4176
Lauderdale	0.4172
lows	0.4165
leftovers	0.4164
limo	0.4161
looping	0.4136
lavishly	0.4127
Lutherans	0.4122
locust	0.4116
lightest	0.4111
limped	0.4092
lengthen	0.4071
laud	0.4069
lndian	0.4056
legalized	0.4055
lard	0.4044
leveraging	0.4038
Libra	0.4024
leaky	0.4021
Leuven	0.4017
LLP	0.4011
Ludlow	0.4006
Lon	0.3987
lightened	0.3981
lurked	0.3975
loath	0.3968
Longmans	0.3954
lauded	0.3953
Leighton	0.3948
livid	0.3937
lookin	0.3936
l3	0.3930
l5	0.3923
loo	0.3915
locator	0.3904
lakh	0.3903
Leary	0.3901
Lamont	0.3890
loathsome	0.3878
lymphomas	0.3871
Literatur	0.3867
lounging	0.3867
libro	0.3866
Lagrangian	0.3860
langue	0.3859
Linton	0.3844
laxity	0.3841
lorry	0.3839
lightening	0.3817
lair	0.3812
Lal	0.3809
leeway	0.3802
libretto	0.3790
loudness	0.3789
loosed	0.3789
lidocaine	0.3784
Lott	0.3778
lakhs	0.3766
liquors	0.3759
liminal	0.3755
lashing	0.3747
locusts	0.3744
loathed	0.3736
Lakota	0.3735
ladyship	0.3729
Llewellyn	0.3721
LDCs	0.3721
Landon	0.3718
Lorentz	0.3713
l4	0.3711
loudest	0.3704
luminance	0.3702
leaden	0.3699
leanings	0.3693
Lourdes	0.3689
lamentable	0.3686
Loren	0.3672
Lavinia	0.3672
lavished	0.3670
LK	0.3653
limping	0.3643
Lille	0.3623
lyre	0.3622
localize	0.3611
Landry	0.3610
luminescence	0.3599
Lytton	0.3587
legation	0.3585
Loomis	0.3564
Laing	0.3562
Lil	0.3545
leant	0.3545
libre	0.3543
lading	0.3542
lei	0.3535
levee	0.3535
loudspeaker	0.3532
Lincolnshire	0.3529
lipase	0.3526
lengthwise	0.3497
laboriously	0.3488
luscious	0.3474
Lucie	0.3474
legitimized	0.3473
Loire	0.3471
Luciano	0.3456
Leung	0.3456
Landis	0.3448
leaved	0.3438
lithography	0.3429
legalistic	0.3427
Lambeth	0.3420
looser	0.3417
littoral	0.3411
Lucretius	0.3403
lumbering	0.3396
lobbies	0.3387
Leninist	0.3385
lusts	0.3385
lances	0.3385
legitimated	0.3381
licensure	0.3379
Laramie	0.3373
Livermore	0.3369
lagoons	0.3363
licensees	0.3353
laptops	0.3348
lifeline	0.3340
Luz	0.3331
luster	0.3323
lurch	0.3321
lamentation	0.3321
lymphocytic	0.3321
lipoproteins	0.3320
libri	0.3318
Lucretia	0.3317
loopholes	0.3311
lnstitute	0.3308
laces	0.3302
lures	0.3298
lentils	0.3297
limelight	0.3293
laurels	0.3289
Latimer	0.3280
levelling	0.3277
literati	0.3268
L.R.	0.3266
lapping	0.3259
laminate	0.3259
Lukacs	0.3255
lobsters	0.3253
lynx	0.3252
leam	0.3249
lopsided	0.3240
ledges	0.3239
lubricants	0.3235
Lhasa	0.3231
Lipton	0.3229
Lakoff	0.3223
Lovejoy	0.3214
lll	0.3213
lulled	0.3213
loveliest	0.3212
lacquer	0.3208
liberalized	0.3206
Lewes	0.3203
legalization	0.3196
leper	0.3190
Laval	0.3180
lnc	0.3174
Lina	0.3171
lipped	0.3158
listless	0.3152
Lightfoot	0.3151
legislated	0.3142
lithe	0.3137
liquidate	0.3137
leniency	0.3136
lathe	0.3128
Luzon	0.3126
Lonnie	0.3119
linoleum	0.3118
L.C.	0.3116
landslides	0.3099
lettered	0.3085
lumpy	0.3081
landfills	0.3081
Lillie	0.3078
lewd	0.3074
Leger	0.3072
Leavenworth	0.3070
Lexis	0.3060
lurks	0.3059
loon	0.3057
LBJ	0.3055
levity	0.3046
logon	0.3043
Linz	0.3032
lanky	0.3030
Lynda	0.3025
lockers	0.3024
Leyden	0.3023
lustrous	0.3021
Lyell	0.3017
liaisons	0.3011
Littleton	0.3004
lurk	0.3000
Lyn	0.2997
laughable	0.2993
loin	0.2987
largo	0.2961
Levites	0.2957
Lubbock	0.2957
L.S.	0.2953
luminaries	0.2940
loathe	0.2937
lusty	0.2936
Laughlin	0.2935
largescale	0.2927
Leith	0.2925
Laban	0.2915
Lacanian	0.2914
Likert	0.2914
Lichtenstein	0.2895
Lomax	0.2890
Luxemburg	0.2885
lattices	0.2871
Longstreet	0.2868
LXX	0.2862
lichens	0.2857
lamellar	0.2847
larceny	0.2841
languished	0.2841
loophole	0.2841
L.E.	0.2836
locational	0.2828
lifeboat	0.2828
lux	0.2810
labile	0.2805
lavage	0.2803
L.L.	0.2796
Layton	0.2790
lessens	0.2787
lethargic	0.2786
lighthearted	0.2777
limes	0.2773
lnternet	0.2771
LW	0.2770
landscaped	0.2767
Leonid	0.2765
Landes	0.2764
Lenox	0.2757
licentious	0.2750
logarithms	0.2733
Lippmann	0.2727
luminal	0.2724
Lovelace	0.2724
Lindy	0.2724
Luria	0.2710
lavatory	0.2706
Lombardi	0.2705
lnformation	0.2705
longitudinally	0.2701
livers	0.2699
laughingly	0.2698
lepers	0.2692
lakeside	0.2683
Lucca	0.2683
leathery	0.2681
lint	0.2681
Loring	0.2679
Liddell	0.2675
lias	0.2673
lacerations	0.2672
Lawler	0.2660
lts	0.2658
Lombardy	0.2657
lustful	0.2657
Lewinsky	0.2654
lobbyist	0.2648
Lucent	0.2647
Leahy	0.2637
laceration	0.2632
Lenz	0.2620
Lilian	0.2617
lingerie	0.2616
lesbianism	0.2616
latterly	0.2616
Langford	0.2613
Londoners	0.2612
Laurens	0.2601
lunge	0.2598
loudspeakers	0.2595
labial	0.2588
leeward	0.2581
laxatives	0.2572
Langton	0.2572
leukaemia	0.2568
lapped	0.2568
Lenore	0.2558
letterhead	0.2558
legitimating	0.2558
linker	0.2555
legitimizing	0.2545
Lanier	0.2544
languishing	0.2539
Lewiston	0.2537
Lakshmi	0.2536
licks	0.2534
Lovett	0.2531
loyally	0.2529
leftists	0.2525
launcher	0.2522
Lusaka	0.2512
leasehold	0.2512
lug	0.2505
lettre	0.2503
Loftus	0.2503
lignin	0.2499
LEDs	0.2497
Lexus	0.2481
latched	0.2479
Laredo	0.2476
Lome	0.2475
legate	0.2472
Livia	0.2465
litigant	0.2464
loitering	0.2463
lubricating	0.2453
Lorca	0.2451
loner	0.2450
L.P.	0.2448
ledgers	0.2443
Lukas	0.2437
laxative	0.2436
Lindley	0.2434
Loos	0.2425
loco	0.2424
Liao	0.2417
levying	0.2417
Lula	0.2408
Lyceum	0.2402
Leander	0.2401
Latins	0.2399
lucidity	0.2398
loggers	0.2396
lave	0.2395
Lublin	0.2392
Lys	0.2391
Legge	0.2390
levees	0.2379
Lough	0.2379
leaven	0.2377
Ljubljana	0.2375
lineal	0.2372
landforms	0.2364
Loma	0.2364
largesse	0.2357
Londonderry	0.2356
linearized	0.2354
Leonora	0.2353
Linus	0.2353
lascivious	0.2353
launchers	0.2347
luring	0.2331
locket	0.2329
ladle	0.2326
Leona	0.2325
Larsson	0.2323
lotteries	0.2316
leggings	0.2304
Leavitt	0.2299
Lazar	0.2293
landholders	0.2288
LeBlanc	0.2288
Lansdowne	0.2286
Lateran	0.2283
Lothar	0.2271
laconic	0.2270
labyrinthine	0.2259
lapel	0.2258
lethality	0.2246
lorries	0.2245
leafed	0.2241
linings	0.2241
lifelike	0.2235
loafers	0.2235
Lucan	0.2228
Laszlo	0.2211
libidinal	0.2207
leucine	0.2203
localisation	0.2192
Lipset	0.2190
lvoire	0.2189
Liberian	0.2185
leopards	0.2181
L.D.	0.2179
leeches	0.2179
Leninism	0.2177
Lolita	0.2166
lytic	0.2165
latencies	0.2162
litmus	0.2156
lawmaking	0.2154
lunatics	0.2153
likenesses	0.2146
liquefaction	0.2143
licentiousness	0.2125
lunacy	0.2124
Lieber	0.2123
lintel	0.2123
licorice	0.2123
lager	0.2118
loosing	0.2116
lye	0.2115
lipophilic	0.2112
liqueur	0.2110
Luxor	0.2110
Lehigh	0.2109
lactating	0.2108
lingo	0.2108
Lindberg	0.2106
lordships	0.2103
Lago	0.2100
liquidating	0.2087
locomotor	0.2087
Loudon	0.2083
liturgies	0.2082
litters	0.2080
lamplight	0.2077
lullaby	0.2077
lubricated	0.2074
Lise	0.2073
liberates	0.2066
liquefied	0.2064
lordly	0.2060
lounges	0.2060
latrines	0.2051
L.H.	0.2050
Lavoisier	0.2048
labia	0.2047
logit	0.2046
lifeblood	0.2041
Lopes	0.2041
lawgiver	0.2035
Lisle	0.2035
lateness	0.2034
liveliness	0.2032
longingly	0.2030
Loy	0.2028
lx	0.2026
leeks	0.2022
latrine	0.2015
LPS	0.1998
leaded	0.1986
leftmost	0.1983
Levenson	0.1981
lectern	0.1981
Leif	0.1978
likens	0.1976
Lehrer	0.1972
languish	0.1972
Liechtenstein	0.1963
languor	0.1955
legume	0.1953
litigated	0.1952
lameness	0.1952
LNCS	0.1948
liberalizing	0.1946
lumbered	0.1945
lounged	0.1945
Landers	0.1937
Liss	0.1937
L.B.	0.1936
Lili	0.1936
Lotte	0.1934
legalism	0.1933
lynched	0.1929
lotions	0.1924
lar	0.1923
lymphadenopathy	0.1919
Lamarck	0.1916
Lucio	0.1913
legitimization	0.1910
Lockean	0.1909
loftiest	0.1908
Linder	0.1907
Ludovico	0.1903
localizing	0.1897
likable	0.1895
Lauder	0.1894
limpid	0.1892
Lorimer	0.1881
Lothian	0.1876
libertine	0.1870
Lynchburg	0.1870
Lynette	0.1869
layoff	0.1861
linseed	0.1858
landlocked	0.1855
lassen	0.1849
L.G.	0.1846
loftier	0.1838
lope	0.1835
Lobo	0.1833
Laurier	0.1833
liv	0.1828
latches	0.1822
leftward	0.1822
Languedoc	0.1815
leaner	0.1814
Lundberg	0.1811
Lemuel	0.1811
leached	0.1806
languidly	0.1806
lynchings	0.1803
lifeworld	0.1802
LSE	0.1798
Lorde	0.1797
Lond	0.1795
likeable	0.1791
Leclerc	0.1791
lacquered	0.1790
ltaly	0.1788
liberalize	0.1786
landholdings	0.1785
leafless	0.1784
logicians	0.1773
Leonidas	0.1773
libertarians	0.1771
Latinas	0.1759
lioness	0.1758
Lithuanians	0.1751
livable	0.1747
limply	0.1740
Lodz	0.1733
lacuna	0.1730
lyricism	0.1727
legibility	0.1722
Leda	0.1722
lather	0.1717
Leicestershire	0.1715
Librairie	0.1714
Lilith	0.1709
Lottie	0.1707
lifesaving	0.1704
lowincome	0.1704
Lucerne	0.1702
laypeople	0.1702
Lombardo	0.1700
larder	0.1694
Lisboa	0.1690
Lutheranism	0.1688
leavers	0.1686
Linde	0.1685
laudatory	0.1683
louse	0.1680
lockout	0.1679
Lonsdale	0.1669
lurching	0.1664
LaSalle	0.1664
lawfulness	0.1660
linebacker	0.1657
Lindstrom	0.1649
logger	0.1649
localism	0.1647
landowning	0.1645
liken	0.1644
litigate	0.1643
lassitude	0.1642
l6	0.1640
lightbulb	0.1640
listlessly	0.1639
Litchfield	0.1638
luminescent	0.1634
Lumley	0.1631
lapels	0.1631
lymphatics	0.1625
legislating	0.1624
lowing	0.1623
looseness	0.1619
lolling	0.1616
lilacs	0.1614
lodger	0.1611
Laine	0.1610
leer	0.1609
ligated	0.1608
Leventhal	0.1604
lifeboats	0.1603
Leu	0.1601
lamellae	0.1594
lacunae	0.1593
lossless	0.1591
Lowenthal	0.1589
lighthouses	0.1587
Lazaro	0.1587
ltalian	0.1587
logician	0.1580
Lum	0.1572
luxuriously	0.1571
Lowery	0.1571
laundered	0.1571
lames	0.1570
Lloyds	0.1570
Leong	0.1565
Leeuwen	0.1564
landfall	0.1564
lunched	0.1554
lacing	0.1552
L.W.	0.1542
Lipman	0.1541
Lukes	0.1540
Lowenstein	0.1540
lineaments	0.1534
landmass	0.1532
layperson	0.1531
libation	0.1506
leery	0.1502
Lakers	0.1497
Lejeune	0.1497
lira	0.1494
lacerated	0.1492
LSI	0.1491
latitudinal	0.1487
lasagna	0.1485
lackluster	0.1484
legalize	0.1484
luckless	0.1484
Lathrop	0.1477
leering	0.1476
Lindemann	0.1475
L.F.	0.1473
lamely	0.1468
Lasch	0.1466
laude	0.1464
Lufthansa	0.1463
lighters	0.1453
López	0.1451
Lanza	0.1447
loth	0.1445
liveliest	0.1444
lank	0.1438
Letterman	0.1436
Lurie	0.1434
lodgers	0.1431
L.K.	0.1431
livelier	0.1430
Lusitania	0.1429
Longo	0.1420
lode	0.1416
lifethreatening	0.1414
Lindgren	0.1413
landholding	0.1413
lugging	0.1412
Lundy	0.1411
lithograph	0.1409
loaders	0.1408
lossy	0.1403
Langlois	0.1400
lnstead	0.1399
Laqueur	0.1398
Lederer	0.1397
ler	0.1397
linearization	0.1394
Leal	0.1393
liminality	0.1390
Luton	0.1383
logbook	0.1376
lustily	0.1376
lacrosse	0.1370
ladylike	0.1368
Lichfield	0.1364
lithographic	0.1363
livin	0.1363
lntroduction	0.1361
loveth	0.1358
looters	0.1350
liberators	0.1349
λ	0.1348
loveless	0.1348
lasso	0.1347
linchpin	0.1347
Lemke	0.1347
limbed	0.1344
libations	0.1343
ligature	0.1342
Lindner	0.1337
lithographs	0.1336
lunchroom	0.1335
Laboratoire	0.1335
litigious	0.1335
liveth	0.1333
Levis	0.1327
legislations	0.1321
lilting	0.1318
Legendre	0.1317
lessees	0.1317
Loughborough	0.1312
lability	0.1310
littering	0.1309
lata	0.1306
lilt	0.1303
lexically	0.1299
lifeguard	0.1296
leitmotif	0.1293
lop	0.1292
lawman	0.1291
laudanum	0.1288
livings	0.1284
lugged	0.1283
loafing	0.1279
landward	0.1277
lobed	0.1273
Liberman	0.1272
Limoges	0.1271
Lakeland	0.1269
L.T.	0.1265
labyrinths	0.1265
liberatory	0.1258
longue	0.1249
leek	0.1247
Lakewood	0.1245
lifter	0.1244
lst	0.1243
Lora	0.1243
lubricate	0.1239
llama	0.1239
Lippman	0.1234
Lauer	0.1231
loosens	0.1223
luckiest	0.1219
lengthens	0.1210
llamas	0.1208
landmines	0.1208
lovelier	0.1208
Landsberg	0.1195
lhe	0.1190
luteinizing	0.1190
lugubrious	0.1190
leafing	0.1188
lookouts	0.1187
loquacious	0.1186
lecithin	0.1184
lob	0.1183
Lefevre	0.1182
legitimise	0.1181
Leibnitz	0.1181
larks	0.1180
lapis	0.1179
loamy	0.1177
lackey	0.1176
Lindblom	0.1173
Leroux	0.1169
Lozano	0.1167
Lichtenberg	0.1166
Lacroix	0.1166
limber	0.1165
Lapland	0.1162
laypersons	0.1160
llth	0.1159
libertarianism	0.1159
lapsing	0.1153
largeness	0.1151
luckier	0.1144
lowed	0.1140
Lehre	0.1136
lackeys	0.1135
Liston	0.1135
literalism	0.1132
lecherous	0.1128
Lodi	0.1127
levitation	0.1126
lunging	0.1126
legalizing	0.1126
Leno	0.1125
lidded	0.1125
Lomas	0.1125
Larissa	0.1119
Liebman	0.1119
Leff	0.1118
langage	0.1114
loincloth	0.1111
Lindquist	0.1110
loitered	0.1109
lentil	0.1108
limousines	0.1105
Luft	0.1102
Levesque	0.1100
laminae	0.1100
longdistance	0.1097
Lamm	0.1097
Lech	0.1096
lozenges	0.1095
Leonhard	0.1091
LL.D.	0.1091
Lardner	0.1088
Lerman	0.1087
lakeshore	0.1083
Lenten	0.1081
Lombards	0.1080
Laotian	0.1078
lintels	0.1078
Levantine	0.1076
Luhmann	0.1073
litigating	0.1073
lucidly	0.1071
lath	0.1069
landownership	0.1056
ludicrously	0.1050
luxuriance	0.1047
Londoner	0.1045
legitimizes	0.1044
latte	0.1044
Luckmann	0.1043
lyricist	0.1042
leathers	0.1040
longish	0.1040
Limbaugh	0.1037
lation	0.1037
lumping	0.1036
litterature	0.1035
leaderships	0.1034
LaGuardia	0.1033
likening	0.1032
Lorena	0.1031
larch	0.1031
legitimates	0.1031
lassie	0.1029
learnings	0.1028
loggerheads	0.1024
Lemmon	0.1019
Lego	0.1016
Lupton	0.1016
lofts	0.1016
leathern	0.1015
levered	0.1015
Laslett	0.1014
lockup	0.1014
Leggett	0.1013
luminary	0.1012
Luiz	0.1012
leavened	0.1010
l8	0.1006
loony	0.1005
lifes	0.1004
Leghorn	0.09969
looker	0.09967
lugs	0.09948
Lytle	0.09916
lolled	0.09896
Liebe	0.09738
libelous	0.09734
luncheons	0.09709
Leonards	0.09707
Liveright	0.09688
laquelle	0.09684
liqueurs	0.09660
laundries	0.09636
letdown	0.09608
Legrand	0.09570
laconically	0.09485
lathes	0.09458
Langerhans	0.09452
lndex	0.09379
loiter	0.09377
l00	0.09373
loaning	0.09370
leered	0.09362
lightnings	0.09355
Leib	0.09332
lowliest	0.09318
liaise	0.09317
l7	0.09316
lightens	0.09306
lambasted	0.09288
loped	0.09279
lineman	0.09273
Layne	0.09252
Lenoir	0.09252
legitimised	0.09238
Licht	0.09235
Longley	0.09220
liven	0.09218
locksmith	0.09178
lexicons	0.09173
lout	0.09161
lisp	0.09139
lated	0.09137
lopped	0.09136
Lande	0.09066
latecomers	0.09024
lefthand	0.09008
lazuli	0.08971
Lewisburg	0.08955
locution	0.08953
lamination	0.08949
laundress	0.08947
Luise	0.08941
lavatories	0.08926
lamentably	0.08881
L.N.	0.08839
lsland	0.08821
lysozyme	0.08744
Levite	0.08739
localizes	0.08736
littie	0.08730
longrange	0.08695
lunching	0.08693
leisured	0.08670
lit.	0.08665
languorous	0.08633
Longinus	0.08577
loftily	0.08554
lege	0.08543
lished	0.08541
legislatively	0.08538
Lubin	0.08495
lusting	0.08480
likeliest	0.08479
lusted	0.08455
l9	0.08433
Lefty	0.08430
loping	0.08404
lightbulbs	0.08371
LDAP	0.08342
lamppost	0.08330
Lala	0.08322
loftiness	0.08263
leaderless	0.08239
lovesick	0.08183
listlessness	0.08179
lengthier	0.08154
lulls	0.08143
lobbed	0.08115
lysosomes	0.08113
lozenge	0.08084
lulling	0.08059
lightheaded	0.08049
Liddle	0.08023
latching	0.08020
logistically	0.07984
lollipop	0.07984
Lamartine	0.07969
leverages	0.07960
linoleic	0.07960
lawmaker	0.07959
lieth	0.07957
leakages	0.07902
loggia	0.07886
liberalised	0.07877
Lun	0.07850
lii	0.07830
Lamy	0.07771
lullabies	0.07751
letzten	0.07751
littleness	0.07747
Lia	0.07743
laggards	0.07688
Lycurgus	0.07643
literacies	0.07582
lewdness	0.07573
lancers	0.07568
laggard	0.07516
leprous	0.07504
lifters	0.07496
Lyra	0.07490
Legg	0.07489
Lefkowitz	0.07481
lino	0.07472
Leandro	0.07466
loners	0.07441
limestones	0.07421
lawbreakers	0.07391
lndeed	0.07390
lawnmower	0.07382
Loreto	0.07376
Leinster	0.07373
lackadaisical	0.07367
leapfrog	0.07338
lashings	0.07334
latecomer	0.07312
libros	0.07295
libels	0.07288
liposuction	0.07277
là	0.07273
Lazare	0.07273
leftwing	0.07263
littlest	0.07226
lampooned	0.07205
launder	0.07205
Leiter	0.07195
legibly	0.07131
lauding	0.07123
Leopoldo	0.07113
Lovelock	0.07093
legalities	0.07093
lasses	0.07073
Lebens	0.07043
lieux	0.07030
loneliest	0.07002
Letitia	0.06989
Leibowitz	0.06985
lucre	0.06965
Lipscomb	0.06933
libidinous	0.06912
lathered	0.06849
loveable	0.06849
Lohr	0.06827
likeminded	0.06801
looses	0.06772
Lingard	0.06744
lifesaver	0.06740
lysed	0.06726
Londres	0.06720
lockstep	0.06709
Lampe	0.06707
lune	0.06676
leniently	0.06647
Lexikon	0.06644
L.V.	0.06627
leavings	0.06624
leashes	0.06613
Lowndes	0.06601
Lawlor	0.06598
Lehr	0.06591
longhand	0.06566
lowdown	0.06545
longsuffering	0.06541
ladled	0.06531
latticed	0.06527
Limburg	0.06495
LDC	0.06467
lanced	0.06466
Lage	0.06424
lunges	0.06396
layover	0.06387
largess	0.06377
lowermost	0.06369
leggy	0.06365
legitimising	0.06309
Layard	0.06301
lawmen	0.06287
laundromat	0.06265
lifelines	0.06253
lyrically	0.06214
longitudes	0.06203
licit	0.06199
lysosomal	0.06087
legalised	0.06049
Lyall	0.06004
Lycos	0.06000
lowliness	0.05985
legwork	0.05954
landholder	0.05937
lookers	0.05909
legless	0.05876
ludic	0.05869
litanies	0.05835
lowlevel	0.05829
locutions	0.05806
laughingstock	0.05796
lowcost	0.05786
Looney	0.05770
Lemaire	0.05747
Langham	0.05723
longlasting	0.05662
likelihoods	0.05635
lait	0.05635
likelier	0.05631
ladles	0.05619
lionized	0.05612
lampshade	0.05546
León	0.05544
Lavin	0.05537
Lido	0.05507
liquefy	0.05493
lechery	0.05489
libitum	0.05474
Levitical	0.05449
lohn	0.05424
lurches	0.05413
lumberjack	0.05395
lavishing	0.05386
loathes	0.05342
laureates	0.05333
loafer	0.05329
L.I.	0.05310
Leeuw	0.05309
Lesbos	0.05304
Landor	0.05296
Loveland	0.05288
lucked	0.05286
Laidlaw	0.05284
loopy	0.05266
lotta	0.05260
lauds	0.05248
Leake	0.05237
lastminute	0.05215
lampposts	0.05215
lem	0.05208
latticework	0.05202
logarithmically	0.05189
lection	0.05173
larly	0.05143
Lennard	0.05125
Lamas	0.05098
lems	0.05071
leadeth	0.05070
liveries	0.05070
Leitch	0.05055
lle	0.05024
lour	0.04989
Lian	0.04947
lignite	0.04935
Launcelot	0.04881
Lockman	0.04845
LPG	0.04837
loons	0.04830
Listeria	0.04823
langues	0.04802
liveried	0.04778
Leys	0.04775
LMS	0.04750
lightheadedness	0.04746
Lizzy	0.04700
Lombroso	0.04642
lexicographer	0.04638
loll	0.04626
lonelier	0.04623
longerterm	0.04602
lube	0.04593
limps	0.04587
lence	0.04582
luxuriantly	0.04560
ligase	0.04540
Lawes	0.04508
legit	0.04492
locum	0.04483
Lipson	0.04469
longshoremen	0.04464
lairs	0.04441
logjam	0.04393
lav	0.04379
Laodicea	0.04356
loro	0.04347
lifeguards	0.04329
loca	0.04325
laddie	0.04320
languishes	0.04271
Lunt	0.04237
Leica	0.04212
Lemme	0.04178
Lethe	0.04138
Lewy	0.04134
Lederman	0.04129
leavening	0.04120
luxe	0.04119
Lydgate	0.04110
Lubeck	0.04085
longestablished	0.04078
lSBN	0.04064
litteraire	0.04018
leas	0.04014
Lumsden	0.04009
Lundgren	0.03998
Loh	0.03984
Lepidoptera	0.03965
legerdemain	0.03937
listserv	0.03928
Laporte	0.03913
Lugano	0.03896
Leven	0.03893
leavin	0.03866
Longworth	0.03866
lyin	0.03861
Lothrop	0.03861
laryngitis	0.03850
levelheaded	0.03829
Leni	0.03829
Liebig	0.03815
loungers	0.03802
leonine	0.03779
lus	0.03748
life.1	0.03746
lapidary	0.03725
Lumiere	0.03716
lisping	0.03700
lequel	0.03634
ltalia	0.03632
lakefront	0.03615
lenity	0.03597
literalness	0.03593
leanness	0.03592
Laure	0.03568
LexisNexis	0.03554
LAPD	0.03542
Libyans	0.03541
lording	0.03536
Leyland	0.03525
Loup	0.03515
limos	0.03473
liii	0.03460
leagued	0.03459
lodgment	0.03453
liaising	0.03445
luxuriating	0.03430
lobotomy	0.03412
Lilley	0.03406
Lebrun	0.03401
lovebirds	0.03370
LSU	0.03370
Lysander	0.03362
Lynd	0.03360
Lugo	0.03343
Lotto	0.03340
lawgivers	0.03333
lovingkindness	0.03312
Latif	0.03311
lowlife	0.03287
Larousse	0.03287
lookups	0.03283
lugger	0.03246
Lecky	0.03219
lowness	0.03186
limites	0.03170
Lumpkin	0.03168
leetle	0.03163
Loa	0.03146
Lyttelton	0.03123
Leipsic	0.03089
liberte	0.03086
legatee	0.03085
louts	0.03031
leaming	0.03024
lobbing	0.03021
landline	0.03018
lavishness	0.03010
Litt	0.03001
lollipops	0.02982
lector	0.02980
lief	0.02962
laparotomy	0.02958
licet	0.02957
lighdy	0.02944
lampoon	0.02937
liis	0.02937
lopping	0.02914
Langevin	0.02885
Luttrell	0.02875
llll	0.02872
levitate	0.02868
lovelorn	0.02831
lambent	0.02831
lumberyard	0.02828
lacklustre	0.02823
Lehrbuch	0.02816
luxuriate	0.02812
Leanne	0.02809
Léon	0.02745
lamed	0.02738
lettuces	0.02732
lic	0.02716
laughably	0.02703
Lucullus	0.02696
laths	0.02685
lorded	0.02645
latently	0.02636
loquacity	0.02624
Lydian	0.02599
lugar	0.02597
longe	0.02592
Laertes	0.02549
lacerating	0.02547
longhaired	0.02531
leguminous	0.02525
larboard	0.02519
look'd	0.02508
lovest	0.02507
lasciviousness	0.02507
Laertius	0.02479
Lyne	0.02475
legalese	0.02470
LVI	0.02440
libertines	0.02425
lors	0.02379
liftoff	0.02377
limned	0.02357
looketh	0.02346
libertinism	0.02311
Lapp	0.02307
lynchpin	0.02269
Lockyer	0.02268
lattes	0.02260
Lieb	0.02254
Lucrezia	0.02250
lif	0.02247
logy	0.02244
learnedly	0.02207
Laski	0.02202
ligatures	0.02196
Lilliputian	0.02194
lavas	0.02192
lish	0.02175
literalist	0.02160
lovin	0.02113
litigations	0.02103
lectureship	0.02085
Lev.	0.02078
lier	0.02077
lariat	0.02076
leashed	0.02060
lhat	0.02049
Lovel	0.02032
Lowestoft	0.02016
livelong	0.02001
Ludgate	0.02000
Lactantius	0.01995
lieve	0.01994
Lanark	0.01987
lessthan	0.01976
locators	0.01973
leges	0.01962
lorn	0.01951
literatura	0.01947
loosest	0.01943
Laffont	0.01943
luxuriated	0.01942
LIX	0.01929
Loudoun	0.01920
linea	0.01915
Laurentian	0.01877
Lamia	0.01875
Leman	0.01858
Lohmann	0.01856
Lowther	0.01851
localhost	0.01839
Leeson	0.01837
lisped	0.01832
lutes	0.01826
lethally	0.01812
Loewenstein	0.01808
Lancastrian	0.01806
lowbrow	0.01799
laissezfaire	0.01798
Latium	0.01794
legionaries	0.01794
Lucile	0.01781
lastingly	0.01770
Leamington	0.01766
lampshades	0.01764
Laub	0.01757
legates	0.01744
Lohengrin	0.01740
lockdown	0.01737
libellous	0.01737
lazing	0.01737
laterals	0.01726
likings	0.01697
lightless	0.01697
layin	0.01693
lanyard	0.01686
lefthanded	0.01676
lations	0.01675
Longford	0.01673
Landgrave	0.01672
lanthorn	0.01661
letterbox	0.01631
lavishes	0.01627
Lieder	0.01625
landmasses	0.01618
Lustig	0.01618
lipopolysaccharide	0.01609
legislates	0.01607
LVII	0.01604
library.com	0.01604
Livonia	0.01602
libera	0.01600
lubricates	0.01593
Lafitte	0.01592
Lally	0.01579
Loew	0.01570
Lomond	0.01569
lettin	0.01569
lmage	0.01568
lounger	0.01567
Lycidas	0.01566
Lollards	0.01564
laver	0.01551
Latrobe	0.01548
lov'd	0.01523
Latinate	0.01519
Lieut.	0.01519
Laon	0.01516
Landa	0.01514
Langhorne	0.01502
Linlithgow	0.01496
Lindisfarne	0.01495
Landy	0.01482
Linacre	0.01482
Lavater	0.01459
Linnean	0.01438
Launceston	0.01436
liberté	0.01428
lungful	0.01422
lochs	0.01422
lenticular	0.01415
laundresses	0.01409
Louth	0.01407
Lyndhurst	0.01388
Livius	0.01386
legitimisation	0.01374
lampoons	0.01368
liniment	0.01360
Lieven	0.01334
lancing	0.01313
liad	0.01311
Lippi	0.01310
Lauro	0.01308
lightheartedly	0.01299
lushness	0.01297
Luddite	0.01296
lexicographers	0.01294
Landseer	0.01292
linnet	0.01292
lumbermen	0.01290
laisser	0.01284
Lepanto	0.01279
lumberman	0.01272
legis	0.01249
longboat	0.01240
Louisburg	0.01228
landsman	0.01227
Leaguers	0.01223
Letts	0.01219
liim	0.01216
Lincolns	0.01211
lifework	0.01206
lviii	0.01205
leafage	0.01204
lect	0.01202
Laocoon	0.01202
Loretto	0.01196
liest	0.01180
logwood	0.01172
Lunn	0.01163
luminously	0.01148
Lemoine	0.01109
Lalla	0.01104
Latta	0.01102
liave	0.01089
legem	0.01085
legatees	0.01069
Ltda	0.01059
lairds	0.01053
Lothario	0.01050
Lyttleton	0.01048
landsmen	0.01045
loadstone	0.01040
Lely	0.01037
Lud	0.01033
Lares	0.01019
lightsome	0.01012
Licinius	0.01010
lifegiving	0.01010
latchkey	0.01009
leastways	0.01008
larches	0.009946
legations	0.009818
lution	0.009674
Lilliput	0.009582
licentiate	0.009580
laisse	0.009565
Lemnos	0.009500
Leadenhall	0.009470
lampooning	0.009304
laved	0.009304
laving	0.009266
laughin	0.009197
livest	0.009145
lineament	0.009129
Lycia	0.009129
lukewarmness	0.009044
lucubrations	0.009031
Lethbridge	0.009006
limpet	0.008979
leapfrogging	0.008967
liv'd	0.008903
lupine	0.008873
lyse	0.008862
Liffey	0.008860
laudation	0.008770
Lowth	0.008723
Lanarkshire	0.008678
loiterers	0.008608
Lowes	0.008537
lustreless	0.008514
lockouts	0.008501
lesse	0.008481
learn'd	0.008463
listeth	0.008460
Lawd	0.008386
liko	0.008379
Longwood	0.008350
landlordism	0.008263
lak	0.008178
latenight	0.008108
limpets	0.008099
LXIV	0.008070
liquorice	0.008054
LXV	0.008050
lubber	0.007960
lateen	0.007935
lassies	0.007926
lieutenancy	0.007924
lingeringly	0.007919
lengthways	0.007886
lxvi	0.007886
Lughod	0.007885
longa	0.007879
lndustrial	0.007793
leafs	0.007686
lampblack	0.007632
lady's	0.007600
lieges	0.007598
lumbago	0.007573
laburnum	0.007500
lxiii	0.007454
lyres	0.007416
lustres	0.007367
leaguer	0.007345
Lucrece	0.007282
legato	0.007270
livered	0.007206
leadings	0.007187
latitudinarian	0.007152
lachrymose	0.007123
Latinity	0.007104
libelled	0.007100
lawabiding	0.007096
Levene	0.007021
livingroom	0.007015
lemmings	0.006997
loafed	0.006972
Lindahl	0.006923
linguistique	0.006884
Lorrain	0.006819
litem	0.006774
Logik	0.006721
liegt	0.006696
LXIX	0.006692
lodestone	0.006577
Latinized	0.006543
lightheartedness	0.006489
laziest	0.006478
landladies	0.006417
LieutenantColonel	0.006415
lly	0.006362
Littlewood	0.006350
lumpen	0.006292
Lawrie	0.006276
listenin	0.006233
layeth	0.006227
lapdog	0.006182
LXXV	0.006155
lifer	0.006070
litterateur	0.006032
linnets	0.006031
Leng	0.005913
Leverhulme	0.005854
law.1	0.005838
lef	0.005809
leveller	0.005787
layed	0.005706
losin	0.005688
lacerate	0.005672
larded	0.005628
looke	0.005600
lambing	0.005585
lifelessly	0.005547
lookingglass	0.005529
Lipsky	0.005515
lorsque	0.005513
lthough	0.005491
leveler	0.005486
luff	0.005455
LXI	0.005425
loutish	0.005421
lah	0.005389
llie	0.005385
lected	0.005334
loseth	0.005279
laches	0.005270
likest	0.005196
lumpish	0.005194
largish	0.005145
Linnaean	0.005127
loincloths	0.005125
Luger	0.005096
lonesomeness	0.005075
lifelessness	0.005073
laudably	0.005032
letterpress	0.004956
ligne	0.004945
Latini	0.004940
Latine	0.004909
laxness	0.004873
lubberly	0.004851
loquitur	0.004844
lowlier	0.004817
laugher	0.004815
lieved	0.004806
Lordy	0.004795
lacework	0.004788
liberty7	0.004786
lugubriously	0.004732
lassoed	0.004687
LXII	0.004622
ladling	0.004613
littler	0.004591
lings	0.004563
laborintensive	0.004559
lineally	0.004512
loiterer	0.004490
lato	0.004478
luridly	0.004456
larders	0.004307
loathsomeness	0.004294
lambasting	0.004261
lastnamed	0.004209
lnside	0.004184
lOd	0.004137
lol	0.004130
lade	0.004119
longtemps	0.004081
lithographed	0.004061
life.2	0.004058
LXVII	0.004031
limine	0.004020
Ligurian	0.003942
litis	0.003926
leet	0.003901
lth	0.003870
locis	0.003836
limed	0.003830
lese	0.003760
leve	0.003733
LXXI	0.003720
liana	0.003704
Lammermoor	0.003693
LXVIII	0.003668
lyes	0.003636
lifo	0.003555
larkspur	0.003490
littlo	0.003473
lovo	0.003374
LXXII	0.003371
lere	0.003273
LXXX	0.003259
lik	0.003149
LXXIII	0.003093
LXXIV	0.003091
lighteth	0.003080
lla	0.003048
lodgement	0.002965
linsey	0.002961
lores	0.002913
lov	0.002909
lorgnette	0.002889
lockjaw	0.002853
localise	0.002835
leaches	0.002812
LXXVI	0.002799
lovey	0.002777
laves	0.002774
lity	0.002772
learnin	0.002721
liy	0.002694
lemony	0.002628
leadin	0.002588
leers	0.002573
liker	0.002510
limbered	0.002469
larking	0.002397
lookest	0.002388
longcontinued	0.002334
litera	0.002303
lessness	0.002294
limn	0.002247
lasdy	0.002204
longlived	0.002186
lous	0.002177
loug	0.002112
lowlying	0.002094
lettest	0.002032
lessly	0.002032
lating	0.002013
lazier	0.001998
