up	551.6
use	308.5
used	277.2
us	262.1
under	237.7
University	165.3
upon	159.6
using	151.1
until	128.3
United	122.3
U.S.	104.0
usually	80.19
understand	69.33
understanding	64.07
union	51.94
unit	39.68
useful	39.36
user	37.02
uses	34.98
unless	33.76
upper	32.86
urban	31.71
understood	30.84
units	29.64
unique	24.67
users	24.38
un	23.80
u	22.16
und	22.11
usual	22.01
universal	21.99
unable	19.98
unlike	19.77
unknown	18.32
USA	18.16
ultimately	17.82
UK	16.93
underlying	16.56
universe	16.08
Unfortunately	14.70
unity	14.66
uncle	14.57
uniform	13.74
ultimate	13.56
unusual	13.31
utility	11.68
uncertainty	10.70
unto	10.59
universities	10.17
unlikely	9.850
unemployment	9.164
unions	8.971
usage	8.964
unconscious	7.780
unexpected	7.356
update	7.339
uncertain	7.329
undertaken	7.195
upset	6.944
undoubtedly	6.833
urged	6.746
upward	6.625
U.	6.475
underground	6.135
unnecessary	5.975
une	5.912
urine	5.621
utterly	5.334
uncomfortable	5.265
useless	5.226
unpublished	5.139
unhappy	5.134
undertake	5.128
unfortunate	5.094
ugly	4.918
unified	4.878
um	4.832
urge	4.809
updated	4.689
urgent	4.574
upstairs	4.524
utilized	4.510
unstable	4.395
undertaking	4.339
unclear	4.294
utilization	4.282
una	4.230
unfair	4.214
ups	4.098
utter	4.071
uncommon	4.051
upright	4.044
undergo	3.967
understands	3.895
underneath	3.893
urinary	3.840
unpleasant	3.701
unwilling	3.688
unaware	3.588
utmost	3.559
unlimited	3.488
utilities	3.462
ultrasound	3.376
undermine	3.278
Utah	3.262
unfamiliar	3.252
unprecedented	3.243
universally	3.237
unemployed	3.228
undergraduate	3.209
utilize	3.200
URL	3.194
unrelated	3.135
unsuccessful	3.072
uttered	3.055
unchanged	3.030
usefulness	3.024
unequal	3.005
uptake	3.002
undergoing	2.948
unusually	2.928
unjust	2.890
updates	2.886
unacceptable	2.880
unreasonable	2.843
understandings	2.796
uneasy	2.791
uh	2.720
UV	2.679
unite	2.676
utterance	2.655
unwanted	2.634
Univ	2.619
understandable	2.616
upwards	2.590
urgency	2.586
USSR	2.585
Ukraine	2.579
undesirable	2.553
upstream	2.550
urging	2.544
unilateral	2.509
umbrella	2.476
ut	2.464
unpredictable	2.463
uniquely	2.440
unseen	2.416
uniformly	2.385
uncovered	2.369
utilizing	2.363
undermined	2.359
upheld	2.348
unlawful	2.325
ultra	2.305
unexpectedly	2.297
uniformity	2.286
U.S.C.	2.279
unification	2.279
undergone	2.271
uniforms	2.267
UNIX	2.216
undertook	2.194
upside	2.191
uncertainties	2.188
uneven	2.178
Uganda	2.173
unfolding	2.100
unnatural	2.062
unconsciously	2.061
unmarried	2.052
uterus	2.035
underwent	2.034
unfinished	2.023
U.S.A.	2.022
ubiquitous	1.998
uprising	1.963
uterine	1.934
unrest	1.915
upgrade	1.892
unconditional	1.864
unauthorized	1.861
utopian	1.859
updating	1.852
uniqueness	1.807
utterances	1.781
unrealistic	1.773
undue	1.768
unpaid	1.734
urges	1.703
U.K.	1.698
unavoidable	1.696
uranium	1.693
upcoming	1.686
unsure	1.670
unavailable	1.667
unresolved	1.665
unaffected	1.659
unworthy	1.657
undo	1.650
ulcers	1.647
utilitarian	1.628
unreliable	1.619
Ukrainian	1.617
underwater	1.588
universality	1.581
unconstitutional	1.566
unsatisfactory	1.548
unitary	1.534
utopia	1.528
unhealthy	1.527
ul	1.524
uncover	1.523
unused	1.515
uphold	1.512
unimportant	1.510
unanimous	1.510
unnoticed	1.484
urbanization	1.481
unfolded	1.472
undermining	1.445
untouched	1.441
urn	1.435
underlined	1.433
underway	1.422
uncontrolled	1.404
ultraviolet	1.404
Ulster	1.400
UNESCO	1.391
unfold	1.381
untreated	1.380
usable	1.369
unskilled	1.367
unifying	1.358
ulcer	1.347
unsafe	1.337
unmistakable	1.334
unbearable	1.331
unpopular	1.325
Uruguay	1.325
Ulysses	1.314
unofficial	1.299
ushered	1.295
Unwin	1.291
unfavorable	1.290
underwear	1.272
undergoes	1.262
unintended	1.246
U.N.	1.246
unanimously	1.245
underworld	1.238
underestimated	1.229
upgrading	1.227
undisturbed	1.226
unbroken	1.223
unfit	1.221
Urbana	1.210
upbringing	1.186
unlocked	1.183
undertakings	1.169
urgently	1.158
usability	1.153
underlie	1.139
urea	1.135
unidentified	1.133
unison	1.128
unquestionably	1.128
uncanny	1.124
understandably	1.123
unsuitable	1.123
underestimate	1.117
unduly	1.112
USS	1.098
unconventional	1.090
unreal	1.086
unexplained	1.081
underlies	1.079
unbelievable	1.079
unambiguous	1.078
unrestricted	1.073
unwillingness	1.073
unspoken	1.073
unnecessarily	1.065
uniting	1.065
ui	1.048
ur	1.043
unthinkable	1.038
undeniable	1.027
USDA	1.024
unwelcome	1.014
unsettled	1.006
unclean	1.001
uncontrollable	0.9997
UML	0.9980
underline	0.9973
upheaval	0.9889
Ulrich	0.9846
undone	0.9842
unheard	0.9825
utilizes	0.9792
uneasiness	0.9789
UCLA	0.9785
undermines	0.9771
uninterrupted	0.9734
unhappiness	0.9677
utensils	0.9591
unprepared	0.9582
unprotected	0.9539
uncles	0.9502
unnamed	0.9460
unanswered	0.9455
unwittingly	0.9400
unsuccessfully	0.9320
unwise	0.9305
unfolds	0.9281
undated	0.9246
unethical	0.9178
unruly	0.9174
unforeseen	0.9157
underscores	0.9134
undergraduates	0.9124
unleashed	0.9081
underscore	0.9058
unspecified	0.9005
unborn	0.8978
usher	0.8864
U.S	0.8856
untrue	0.8830
USB	0.8798
unbalanced	0.8793
unbiased	0.8722
underdeveloped	0.8702
unqualified	0.8663
unloading	0.8654
UNDP	0.8618
Universidad	0.8592
uplift	0.8566
upholding	0.8510
unsettling	0.8497
unites	0.8486
unchanging	0.8478
unionists	0.8437
usefully	0.8413
utilisation	0.8408
unspeakable	0.8367
unmarked	0.8357
Ursula	0.8335
unlucky	0.8311
umbilical	0.8232
uphill	0.8229
unparalleled	0.8079
uniformed	0.8060
utilised	0.8037
unequivocal	0.8033
uttering	0.8028
underscored	0.7977
Utrecht	0.7959
UDP	0.7950
utilitarianism	0.7949
unfairly	0.7945
upgraded	0.7940
ultrasonic	0.7888
upsetting	0.7882
underside	0.7874
underpinning	0.7867
unloaded	0.7848
unequivocally	0.7790
universals	0.7772
unarmed	0.7768
Uzbekistan	0.7753
undefined	0.7737
unionism	0.7696
unsigned	0.7691
urethra	0.7684
unionist	0.7669
uncompromising	0.7599
upland	0.7583
undifferentiated	0.7530
undercut	0.7526
unintelligible	0.7502
unwarranted	0.7480
unfavourable	0.7462
unscrupulous	0.7442
undeveloped	0.7437
über	0.7400
uppermost	0.7380
undivided	0.7370
unlock	0.7352
untenable	0.7286
ug	0.7276
unproductive	0.7243
unattractive	0.7233
unstructured	0.7228
Urdu	0.7222
uproar	0.7206
unwritten	0.7184
untold	0.7180
undertakes	0.7152
uncomfortably	0.7128
usages	0.7090
username	0.7063
universalism	0.7060
unbounded	0.7048
unsteady	0.7027
uno	0.7027
unchecked	0.7026
uncovering	0.7024
unfriendly	0.7017
uneducated	0.6989
unravel	0.6961
unilaterally	0.6945
uneasily	0.6926
unjustly	0.6843
untimely	0.6831
UC	0.6821
undercover	0.6807
unsaturated	0.6792
unfounded	0.6712
undisputed	0.6639
unveiled	0.6532
unease	0.6527
unsuspecting	0.6527
undoing	0.6446
unambiguously	0.6433
unintentional	0.6422
unrecognized	0.6372
unimaginable	0.6354
undeniably	0.6342
urethral	0.6338
URLs	0.6332
unanimity	0.6328
unintentionally	0.6248
ungrateful	0.6239
underlines	0.6209
unending	0.6193
USD	0.6179
unanticipated	0.6175
upto	0.6162
Uttar	0.6151
undocumented	0.6142
unconditionally	0.6126
unload	0.6125
underpinnings	0.6060
unrestrained	0.6019
URI	0.6000
unify	0.5990
unreasonably	0.5965
upscale	0.5896
Underwood	0.5865
unfettered	0.5840
UNICEF	0.5831
ugliness	0.5808
unfulfilled	0.5804
unter	0.5799
untrained	0.5794
unkind	0.5786
ulceration	0.5762
unbelief	0.5698
uncomplicated	0.5681
undulating	0.5677
unoccupied	0.5677
unregulated	0.5674
unresponsive	0.5659
unjustified	0.5649
unforgettable	0.5641
unchallenged	0.5635
unplanned	0.5631
unbound	0.5617
unmistakably	0.5592
unhappily	0.5576
unrelenting	0.5573
untitled	0.5568
unsolicited	0.5538
Uranus	0.5528
unprofitable	0.5525
unconsciousness	0.5515
unconnected	0.5504
underwriting	0.5501
UNHCR	0.5499
unquestioned	0.5490
unattainable	0.5427
unorthodox	0.5405
unfaithful	0.5390
underpinned	0.5358
Unitarian	0.5344
UFO	0.5332
unmoved	0.5325
unconcerned	0.5313
Universitat	0.5285
uplifting	0.5264
undetected	0.5249
uni	0.5234
Uppsala	0.5219
ultimatum	0.5216
unobserved	0.5202
unearthed	0.5174
unsupported	0.5153
unexplored	0.5142
upgrades	0.5130
upheavals	0.5119
undoubted	0.5117
upbeat	0.5112
uninsured	0.5099
undressed	0.5096
unattended	0.5082
uns	0.5081
unsustainable	0.5069
underpin	0.5045
uber	0.5022
uncritical	0.4989
undecided	0.4976
ulcerative	0.4952
unknowns	0.4919
unaccustomed	0.4914
Upton	0.4856
unbelievers	0.4805
understatement	0.4800
uplifted	0.4789
unholy	0.4788
unbridled	0.4783
underwriters	0.4777
unsolved	0.4777
unselfish	0.4768
uprooted	0.4746
uprisings	0.4744
unknowable	0.4722
unaltered	0.4706
unsecured	0.4664
unwavering	0.4660
underclass	0.4654
uninteresting	0.4622
UCC	0.4597
UA	0.4582
unidirectional	0.4536
urbanism	0.4506
unwieldy	0.4504
understated	0.4501
USAID	0.4501
undergrowth	0.4500
unaided	0.4464
unrealized	0.4443
USC	0.4439
usurped	0.4434
utilise	0.4424
uninformed	0.4418
underdevelopment	0.4414
unyielding	0.4378
unsound	0.4378
universes	0.4347
uncontrollably	0.4324
unicorn	0.4315
undaunted	0.4290
undetermined	0.4281
upshot	0.4278
unpredictability	0.4273
Universite	0.4272
Umar	0.4264
uneventful	0.4253
unfairness	0.4250
ultrasonography	0.4238
unaccountable	0.4237
upturned	0.4234
uninhabited	0.4229
unsurprisingly	0.4214
ungodly	0.4207
unsatisfied	0.4169
unconstrained	0.4163
unscathed	0.4155
unfathomable	0.4153
unreported	0.4148
ulnar	0.4126
uncommonly	0.4120
untied	0.4120
unfailing	0.4113
umpire	0.4092
upsurge	0.4091
unevenly	0.4089
unknowingly	0.4075
unchangeable	0.4068
unquestionable	0.4067
uninterested	0.4060
unabated	0.4039
umbrellas	0.4012
UNCTAD	0.3993
undress	0.3972
urination	0.3968
unhelpful	0.3954
Untersuchungen	0.3947
unseemly	0.3895
unremarkable	0.3854
usurpation	0.3853
unharmed	0.3845
underlining	0.3842
universalist	0.3832
unsympathetic	0.3815
UNEP	0.3791
underrepresented	0.3779
unobtrusive	0.3770
unsophisticated	0.3763
upkeep	0.3757
unacknowledged	0.3755
usury	0.3745
undesired	0.3718
unveiling	0.3713
unraveling	0.3698
unleash	0.3644
ulterior	0.3643
unwell	0.3636
Ukrainians	0.3626
upload	0.3620
unceasing	0.3613
USGS	0.3609
Unger	0.3608
unsupervised	0.3600
untoward	0.3564
unavoidably	0.3563
unforgiving	0.3560
undiscovered	0.3560
utters	0.3557
ud	0.3556
upstate	0.3552
undemocratic	0.3548
unmet	0.3542
Uma	0.3534
uric	0.3514
uptown	0.3482
upsets	0.3475
unwillingly	0.3461
unbelievably	0.3456
undervalued	0.3451
ubiquity	0.3447
unaccompanied	0.3447
unnaturally	0.3441
untidy	0.3439
uncouth	0.3434
uncertainly	0.3432
unannounced	0.3430
unkempt	0.3425
unmatched	0.3401
unmanageable	0.3400
unlawfully	0.3389
unionized	0.3389
upholstery	0.3379
unpack	0.3368
utero	0.3366
underfoot	0.3365
unenforceable	0.3350
uplands	0.3347
unpacked	0.3342
unguarded	0.3312
unreality	0.3310
uncritically	0.3297
underwriter	0.3280
unipolar	0.3280
unlocking	0.3268
urbanisation	0.3256
unassuming	0.3240
ue	0.3237
uncharted	0.3214
unremitting	0.3207
undying	0.3205
undisciplined	0.3204
unpacking	0.3198
underpins	0.3185
uncorrelated	0.3181
ureter	0.3171
uppercase	0.3168
unlicensed	0.3165
unconditioned	0.3157
USAF	0.3155
unproblematic	0.3137
unearthly	0.3133
urbanized	0.3131
upriver	0.3124
univariate	0.3122
unbuttoned	0.3114
unnerved	0.3113
unconvincing	0.3108
Ute	0.3107
untouchable	0.3106
untrustworthy	0.3102
uninhibited	0.3098
Upanishads	0.3070
upholstered	0.3043
unnerving	0.3037
usurp	0.3031
unawares	0.3029
unregistered	0.3023
Umm	0.3017
untouchables	0.3005
undercurrent	0.3005
uncivilized	0.3002
unopened	0.3000
unsuspected	0.2994
utopias	0.2981
underbrush	0.2977
unsold	0.2974
unstoppable	0.2972
Unilever	0.2964
unwitting	0.2941
unencumbered	0.2936
undisclosed	0.2933
unreadable	0.2921
unsurpassed	0.2919
uncontested	0.2916
unmediated	0.2914
uncultivated	0.2897
Umberto	0.2897
unauthorised	0.2896
utilising	0.2887
upholds	0.2881
unorganized	0.2881
unscientific	0.2878
U.P.	0.2877
unproven	0.2876
unsightly	0.2865
unalterable	0.2857
UNC	0.2857
undersigned	0.2837
upstart	0.2831
unjustifiable	0.2829
urinate	0.2822
unconscionable	0.2822
unsuited	0.2818
urns	0.2816
unexamined	0.2816
undeserved	0.2811
unincorporated	0.2810
uncooperative	0.2805
untested	0.2796
unusable	0.2793
undetectable	0.2788
undertone	0.2779
undid	0.2775
USP	0.2768
unrecorded	0.2763
unwholesome	0.2760
urchins	0.2738
underwrite	0.2731
U2	0.2720
unearned	0.2720
untapped	0.2716
unrecognizable	0.2714
uninvited	0.2705
unstated	0.2689
ushers	0.2684
unmodified	0.2682
unerring	0.2672
unionization	0.2672
Universitaires	0.2663
unthinking	0.2662
uncharacteristic	0.2654
unwrapped	0.2652
unobstructed	0.2643
unpalatable	0.2619
underprivileged	0.2619
unassailable	0.2607
unconvinced	0.2602
underlay	0.2600
unwary	0.2594
urchin	0.2588
unimpressed	0.2588
unanswerable	0.2587
unmitigated	0.2585
undertaker	0.2585
unmanned	0.2584
unequally	0.2571
unimpeded	0.2560
unavailability	0.2558
unsavory	0.2551
unreliability	0.2549
unadorned	0.2546
unbelieving	0.2543
uninitiated	0.2532
undamaged	0.2532
Unicode	0.2530
unmolested	0.2529
unprofessional	0.2521
untamed	0.2520
unacquainted	0.2512
unattached	0.2505
unceremoniously	0.2498
untried	0.2494
Ugandan	0.2488
unpleasantness	0.2487
unworkable	0.2486
UMI	0.2485
unheeded	0.2476
usurper	0.2471
unpunished	0.2468
unquestioning	0.2456
unopposed	0.2456
uncovers	0.2448
unmixed	0.2443
unabashed	0.2434
Ugh	0.2433
unrivalled	0.2433
underscoring	0.2433
unbeknownst	0.2431
unperturbed	0.2421
unpretentious	0.2416
uncaring	0.2411
Underhill	0.2396
unrolled	0.2393
unfeeling	0.2393
U.S.S.R.	0.2390
unprincipled	0.2389
unwind	0.2387
uncoordinated	0.2378
unwashed	0.2376
urbane	0.2373
uttermost	0.2371
untroubled	0.2369
unreachable	0.2357
unsaid	0.2351
uncorrected	0.2349
ushering	0.2339
Université	0.2339
underage	0.2325
undersecretary	0.2322
Updike	0.2319
unhindered	0.2317
unflinching	0.2317
uncharacteristically	0.2311
unsurprising	0.2293
unlearned	0.2290
unbecoming	0.2289
untiring	0.2279
Utica	0.2278
unfocused	0.2278
universalistic	0.2269
untie	0.2260
UFOs	0.2248
unflattering	0.2238
unsteadily	0.2234
unsubstantiated	0.2219
underestimation	0.2216
unsalted	0.2216
unimpaired	0.2213
unmoving	0.2213
ungainly	0.2212
upfront	0.2207
unpopularity	0.2207
unstressed	0.2200
uso	0.2198
uncleanness	0.2197
undeserving	0.2194
unpaired	0.2191
unceasingly	0.2187
unction	0.2179
unobservable	0.2178
unrequited	0.2173
uninjured	0.2170
Ullman	0.2145
unafraid	0.2144
uninvolved	0.2140
unhesitatingly	0.2138
unleashing	0.2123
UCL	0.2121
unshakable	0.2117
underestimates	0.2109
untruth	0.2105
unmasked	0.2104
undiminished	0.2101
unbearably	0.2098
upwardly	0.2096
undisguised	0.2092
unspoiled	0.2090
uncontroversial	0.2080
Ulm	0.2077
unveil	0.2077
unadulterated	0.2074
unforgivable	0.2071
unities	0.2069
Uriah	0.2068
unutterable	0.2058
underdog	0.2056
unfurled	0.2054
unwed	0.2027
UAE	0.2027
undressing	0.2022
undignified	0.2021
unbeliever	0.2017
underpants	0.2014
unprovoked	0.2000
unpardonable	0.1994
uncut	0.1992
Universidade	0.1990
undeterred	0.1979
underserved	0.1979
unofficially	0.1978
unfilled	0.1975
unzipped	0.1968
unpleasantly	0.1962
Urology	0.1960
undiagnosed	0.1960
unavailing	0.1947
unrepentant	0.1943
untainted	0.1943
underwritten	0.1940
unblemished	0.1929
unacceptably	0.1924
unsatisfying	0.1919
uprooting	0.1919
urticaria	0.1916
Universiteit	0.1901
unrighteous	0.1901
unlabeled	0.1899
usurping	0.1898
unreservedly	0.1897
unbreakable	0.1897
underpaid	0.1893
unearth	0.1887
Urals	0.1885
unknowing	0.1882
unimaginative	0.1882
uf	0.1882
unlit	0.1873
ungrammatical	0.1869
undistinguished	0.1867
unwonted	0.1863
Urquhart	0.1843
unnumbered	0.1841
unobtrusively	0.1838
Urry	0.1837
uncooked	0.1834
undirected	0.1831
unaccounted	0.1819
Unitarians	0.1817
uproot	0.1804
unfunded	0.1799
unpaved	0.1799
underestimating	0.1797
undercutting	0.1786
underweight	0.1786
unraveled	0.1781
undulations	0.1781
unloved	0.1776
uptight	0.1775
uselessness	0.1775
unfailingly	0.1774
unexpressed	0.1771
unmindful	0.1768
unread	0.1766
unifies	0.1760
unshaven	0.1759
unforeseeable	0.1755
unruffled	0.1751
uploaded	0.1749
ultrastructural	0.1746
unwisely	0.1745
undercuts	0.1743
unscheduled	0.1740
unconquerable	0.1739
uncontaminated	0.1733
uncommitted	0.1730
unappealing	0.1726
Universita	0.1725
upraised	0.1721
upwelling	0.1717
unabashedly	0.1716
unfavorably	0.1715
unpromising	0.1714
urinating	0.1701
unhurt	0.1700
unworthiness	0.1698
unicellular	0.1696
unclassified	0.1691
unrighteousness	0.1691
ulna	0.1688
unshaken	0.1687
unrepresentative	0.1683
unswerving	0.1683
UBC	0.1682
unbending	0.1669
ugliest	0.1669
unsystematic	0.1668
unfashionable	0.1665
utopianism	0.1665
umpires	0.1662
undiluted	0.1658
unmeasured	0.1656
undeclared	0.1642
unfastened	0.1640
uninfected	0.1639
ure	0.1634
undertones	0.1629
UPC	0.1629
unappreciated	0.1620
UW	0.1612
univocal	0.1611
uprightness	0.1611
unclaimed	0.1609
uploading	0.1609
unequalled	0.1608
untutored	0.1608
unformed	0.1606
unvarying	0.1604
unlisted	0.1603
unpainted	0.1602
uselessly	0.1599
unmotivated	0.1595
unsanitary	0.1595
unbidden	0.1594
unprocessed	0.1592
Untersuchung	0.1591
Ugo	0.1590
unfree	0.1587
underrated	0.1580
useable	0.1578
umbilicus	0.1577
unravelling	0.1572
unmade	0.1572
unfamiliarity	0.1571
Unidos	0.1570
unfrequently	0.1566
unkindly	0.1566
unapproachable	0.1566
Ural	0.1564
unhurried	0.1559
unemotional	0.1558
unaccountably	0.1553
unquenchable	0.1547
U.S.S.	0.1539
unsullied	0.1536
unblinking	0.1535
unendurable	0.1533
unneeded	0.1531
underfunded	0.1529
undigested	0.1525
unprejudiced	0.1524
unordered	0.1524
Urbino	0.1524
untangle	0.1524
underutilized	0.1514
unmanaged	0.1514
unidentifiable	0.1511
urbanity	0.1506
upstanding	0.1502
unadjusted	0.1491
unevenness	0.1490
unexplainable	0.1489
unpatriotic	0.1485
ungovernable	0.1482
unimpeachable	0.1481
undersea	0.1478
unassisted	0.1477
unfortunates	0.1477
upswing	0.1475
unripe	0.1460
uncreated	0.1455
uncannily	0.1454
unmask	0.1451
unconfined	0.1450
unalloyed	0.1449
unweighted	0.1448
unrelieved	0.1446
unenlightened	0.1444
Ueda	0.1443
understate	0.1440
Uwe	0.1440
uninhabitable	0.1439
unrealistically	0.1433
upregulation	0.1431
unrepresented	0.1427
unsettle	0.1426
untranslated	0.1424
uncluttered	0.1422
urinalysis	0.1419
undernourished	0.1416
underemployment	0.1413
unintelligent	0.1412
unenviable	0.1412
unmasking	0.1408
unum	0.1408
underlings	0.1404
unsung	0.1403
unreserved	0.1402
uncompensated	0.1398
unspeakably	0.1398
unexposed	0.1397
undergarments	0.1395
Ungar	0.1385
upwind	0.1382
uncircumcised	0.1377
undefeated	0.1373
unpredictably	0.1372
universalizing	0.1370
unmanly	0.1369
unabridged	0.1363
uninspired	0.1362
unleavened	0.1359
uncharged	0.1353
unwinding	0.1351
unlocks	0.1349
utensil	0.1341
unrefined	0.1333
unbeatable	0.1332
unwound	0.1330
unflagging	0.1325
unfaithfulness	0.1324
uprights	0.1324
upmarket	0.1324
underhand	0.1320
Uchida	0.1318
unmerited	0.1318
unreasoning	0.1307
uncalled	0.1303
unaffiliated	0.1299
unrivaled	0.1298
Ulf	0.1291
unselfishness	0.1284
unlettered	0.1279
unmercifully	0.1278
upped	0.1277
ulcerated	0.1275
Upjohn	0.1274
Universität	0.1274
unsaved	0.1274
urinal	0.1270
Uzbek	0.1266
unhinged	0.1265
UBS	0.1265
unashamedly	0.1263
unfiltered	0.1260
UB	0.1257
unimpressive	0.1252
ubi	0.1250
uncoupled	0.1250
ungenerous	0.1249
underbelly	0.1246
unilateralism	0.1243
Ulrike	0.1241
unreflective	0.1241
urogenital	0.1241
Udo	0.1239
unimproved	0.1236
unsweetened	0.1235
undecidable	0.1233
unobtainable	0.1232
Uriel	0.1231
Usenet	0.1230
unhooked	0.1226
unconstitutionally	0.1225
uncomprehending	0.1218
unquestioningly	0.1218
unbridgeable	0.1217
unidimensional	0.1209
unselected	0.1208
undertakers	0.1206
unconcern	0.1203
undefended	0.1200
underachievement	0.1199
unheated	0.1194
unfavourably	0.1190
undersized	0.1182
uncorrupted	0.1181
unperceived	0.1180
unexampled	0.1180
unfitness	0.1177
uglier	0.1169
uncompleted	0.1168
unfeasible	0.1167
underemployed	0.1167
uncongenial	0.1165
unsmiling	0.1163
urbanites	0.1157
undercurrents	0.1155
uneconomic	0.1150
UHF	0.1148
ungrounded	0.1140
undershirt	0.1139
unconfirmed	0.1137
uncivil	0.1133
uncountable	0.1127
uj	0.1127
uncompressed	0.1126
upturn	0.1121
unwearied	0.1120
ust	0.1117
uncharitable	0.1106
unrecognised	0.1102
undervalue	0.1101
unfitted	0.1094
umbrage	0.1089
unsealed	0.1087
unseat	0.1086
ungracious	0.1084
utilises	0.1084
unkindness	0.1084
unvarnished	0.1079
unlearn	0.1077
unpolished	0.1077
unconverted	0.1074
unseeing	0.1074
underlain	0.1073
unicorns	0.1073
unsavoury	0.1067
ulcerations	0.1067
unspecific	0.1066
unburied	0.1065
unarticulated	0.1064
unshakeable	0.1056
unasked	0.1055
unerringly	0.1054
unedited	0.1053
unsparing	0.1052
unchristian	0.1052
unturned	0.1051
unelected	0.1047
uncoated	0.1046
underhanded	0.1044
uninspiring	0.1044
uncultured	0.1043
unconsolidated	0.1040
universalization	0.1031
upregulated	0.1028
unlovely	0.1023
unclouded	0.1023
uncompromisingly	0.1021
udder	0.1017
unhampered	0.1014
unstained	0.1013
uniaxial	0.1012
unscrewed	0.1012
unsolvable	0.1011
unashamed	0.1010
unmentioned	0.1009
unmaking	0.1009
unaddressed	0.1003
undoes	0.1002
unfruitful	0.1001
unplugged	0.09994
uncounted	0.09982
unregenerate	0.09964
Ullmann	0.09952
undesirables	0.09941
unveils	0.09921
undemanding	0.09919
untranslatable	0.09905
usurpers	0.09897
undersides	0.09878
undertow	0.09874
untruthful	0.09845
unfazed	0.09844
uncompetitive	0.09834
uninterruptedly	0.09812
unctuous	0.09730
unthinkingly	0.09715
unearthing	0.09697
Ulmer	0.09680
unravelled	0.09679
Urs	0.09672
unjustifiably	0.09669
understaffed	0.09649
unequaled	0.09637
untrammeled	0.09630
unreason	0.09623
unexpired	0.09607
unexceptionable	0.09598
upbraided	0.09553
unwrap	0.09549
unflinchingly	0.09520
unawareness	0.09499
undistorted	0.09455
unfeigned	0.09405
undergird	0.09327
universalized	0.09327
unburdened	0.09302
unquiet	0.09301
uneconomical	0.09283
unalienable	0.09282
uncensored	0.09281
unlined	0.09260
unenthusiastic	0.09191
unvoiced	0.09116
unmeaning	0.09107
untying	0.09088
unpolluted	0.09082
unimagined	0.09051
unburned	0.09045
underrepresentation	0.09033
unworldly	0.09008
usufruct	0.08998
unplug	0.08974
Unis	0.08973
unsentimental	0.08940
unleashes	0.08929
unwrapping	0.08923
unluckily	0.08913
unseasonable	0.08883
undefiled	0.08856
untypical	0.08828
unbuckled	0.08810
uppers	0.08731
unstinting	0.08697
utilitarians	0.08695
unproved	0.08688
unaffordable	0.08684
unexceptional	0.08652
untrammelled	0.08637
umber	0.08607
unrolling	0.08605
unproblematically	0.08593
unapologetic	0.08547
uninfluenced	0.08534
unlooked	0.08523
upliftment	0.08444
uninformative	0.08444
unreasonableness	0.08402
undreamed	0.08386
underappreciated	0.08374
unthought	0.08364
ubiquitously	0.08355
uninviting	0.08345
upended	0.08317
unselfishly	0.08308
uncollected	0.08307
unravels	0.08288
uproarious	0.08265
unfixed	0.08227
undecorated	0.08223
underwrites	0.08213
underwrote	0.08188
U.C.	0.08122
unburden	0.08080
unlovable	0.08077
urgings	0.08068
unroll	0.08065
Umbria	0.08026
unsteadiness	0.07992
unassigned	0.07973
unloving	0.07957
umpteenth	0.07942
uppity	0.07923
urinated	0.07916
unrewarding	0.07901
unconquered	0.07873
unforced	0.07840
uproariously	0.07823
unverifiable	0.07819
undergirded	0.07790
unbuttoning	0.07770
Ueber	0.07761
unresponsiveness	0.07714
unguided	0.07693
untended	0.07693
Unitarianism	0.07692
untruths	0.07680
unimaginably	0.07661
unbutton	0.07633
unobjectionable	0.07632
urinals	0.07608
undulation	0.07604
unschooled	0.07572
underclothes	0.07571
upstarts	0.07534
undead	0.07511
unde	0.07509
ual	0.07503
unmentionable	0.07479
unimodal	0.07476
unheralded	0.07457
unclothed	0.07445
unredeemed	0.07431
unapproved	0.07421
unconcealed	0.07417
unflappable	0.07373
undergirds	0.07364
untraceable	0.07343
undercarriage	0.07333
unstudied	0.07316
unprepossessing	0.07305
unexploited	0.07292
uncommunicative	0.07292
unhygienic	0.07290
underused	0.07228
unbleached	0.07226
unfurl	0.07225
unromantic	0.07187
unwarrantable	0.07164
unachievable	0.07162
ultima	0.07142
unbalance	0.07140
unsuitability	0.07136
unseasonably	0.07128
understates	0.07108
usque	0.07033
unhistorical	0.06988
unsheathed	0.06977
upholders	0.06972
unpersuasive	0.06972
unexploded	0.06971
uncomplaining	0.06966
uneaten	0.06961
Ursprung	0.06925
unsubstantial	0.06906
unfurnished	0.06892
unzip	0.06879
underperforming	0.06845
unremittingly	0.06834
unlatched	0.06825
unconsidered	0.06790
unreconstructed	0.06781
Ueno	0.06775
unresolvable	0.06771
urbanised	0.06754
uncoupling	0.06754
unrewarded	0.06709
urologist	0.06692
unsupportive	0.06685
usurious	0.06636
unorganised	0.06610
usurps	0.06574
unsociable	0.06560
underrate	0.06560
UPI	0.06553
uncivilised	0.06532
unalterably	0.06506
unpremeditated	0.06505
universelle	0.06504
unshaded	0.06487
utile	0.06451
UTC	0.06428
untaught	0.06426
undefinable	0.06424
underdogs	0.06420
upholder	0.06413
unionize	0.06390
uneventfully	0.06375
unimportance	0.06375
untarnished	0.06333
uit	0.06328
unfeminine	0.06325
unreformed	0.06305
unexciting	0.06263
untangled	0.06220
unrepeatable	0.06198
ureters	0.06187
unexpectedness	0.06172
unthreatening	0.06134
unselfconscious	0.06105
universalize	0.06095
unresisting	0.06062
unsurpassable	0.06058
unpleasing	0.06057
upstaged	0.06049
untouchability	0.06042
unapologetically	0.06041
unemployable	0.06034
upperclass	0.06021
unladylike	0.06021
unremarked	0.05988
unconvincingly	0.05984
unnoticeable	0.05861
unverified	0.05843
undergirding	0.05826
unfurling	0.05818
unpopulated	0.05809
Urol	0.05775
unrecoverable	0.05767
unlinked	0.05742
unfaltering	0.05732
unviable	0.05720
Umwelt	0.05717
unrealizable	0.05705
unsettles	0.05663
understudy	0.05644
underling	0.05638
untrodden	0.05632
undulated	0.05564
unstuck	0.05561
usurpations	0.05561
unready	0.05540
untreatable	0.05536
unspectacular	0.05534
ular	0.05516
untangling	0.05513
Uruguayan	0.05506
upbraid	0.05483
uncorked	0.05470
unmerciful	0.05448
unspoilt	0.05430
unsocial	0.05428
unoriginal	0.05422
untaxed	0.05421
unchallengeable	0.05418
Uffizi	0.05394
unserer	0.05377
ures	0.05325
uncrossed	0.05296
unlearning	0.05271
unprovable	0.05265
uncared	0.05265
unwelcoming	0.05261
upstage	0.05241
unshared	0.05222
unisex	0.05187
undesirability	0.05156
unpredicted	0.05146
unrecognisable	0.05096
ues	0.05085
unlighted	0.05080
unappetizing	0.05077
uncombed	0.05055
unfasten	0.05037
unsought	0.05035
unlikelihood	0.04969
unself	0.04946
unscrew	0.04916
unglamorous	0.04915
unchaste	0.04913
undependable	0.04860
unrelentingly	0.04832
unprecedentedly	0.04827
unhallowed	0.04784
unreceptive	0.04775
unescorted	0.04770
underarm	0.04748
usurer	0.04747
unseated	0.04744
unsanctioned	0.04663
unspotted	0.04657
unshed	0.04650
uo	0.04644
unnerve	0.04642
unprovided	0.04637
unhealed	0.04624
unreconciled	0.04586
uncoiled	0.04579
unspent	0.04576
underplay	0.04575
usurers	0.04575
unmapped	0.04562
Universitaire	0.04555
U.S.A	0.04532
unpractical	0.04524
Uzi	0.04499
uring	0.04495
unacceptability	0.04487
underfed	0.04485
uncomplimentary	0.04444
underreporting	0.04426
upping	0.04410
unrealised	0.04380
unutterably	0.04348
uti	0.04295
unhesitating	0.04266
undescribed	0.04232
unfrequented	0.04225
unskilful	0.04218
unceremonious	0.04205
unfulfilling	0.04204
unsuspicious	0.04197
underreported	0.04193
unpretending	0.04173
unhook	0.04127
Universitaria	0.04113
unmake	0.04111
undeceived	0.04108
unambitious	0.04066
unilinear	0.04022
unappreciative	0.04006
unembarrassed	0.03981
understating	0.03975
usu	0.03947
uncool	0.03941
understudied	0.03921
unmasks	0.03892
underplayed	0.03869
unsubtle	0.03810
udders	0.03795
unrevealed	0.03768
unpronounceable	0.03739
uch	0.03690
userfriendly	0.03660
underperformance	0.03648
undergarment	0.03641
unoffending	0.03629
unscripted	0.03605
unstrung	0.03574
unostentatious	0.03536
unconcernedly	0.03531
ubiquitin	0.03499
ultimatums	0.03480
undimmed	0.03442
ungraceful	0.03436
upbraiding	0.03400
uninstructed	0.03381
untill	0.03381
unpropitious	0.03370
unheroic	0.03352
Uta	0.03352
Universitatis	0.03322
undeviating	0.03317
unmistakeable	0.03308
unmeasurable	0.03279
understandingly	0.03240
u.m	0.03240
unsearchable	0.03220
ultraconservative	0.03217
unrehearsed	0.03210
unwaveringly	0.03203
uplifts	0.03159
unclasped	0.03147
ungoverned	0.03146
unclenched	0.03138
Universitv	0.03125
ultrahigh	0.03121
unsupportable	0.03110
unserviceable	0.03109
undiscriminating	0.03078
unvisited	0.03077
unzipping	0.03069
unessential	0.03059
ultramodern	0.03057
untidiness	0.03055
Urania	0.03054
uot	0.03053
ultrastructure	0.03047
unhitched	0.03047
unbiassed	0.03028
undeservedly	0.03024
ultimo	0.02992
unworthily	0.02977
unheeding	0.02925
Uribe	0.02876
unstinted	0.02830
unchained	0.02824
uniformities	0.02791
undercooked	0.02757
undistinguishable	0.02755
unbaptized	0.02749
unglazed	0.02735
undervaluing	0.02716
ungodliness	0.02708
unmusical	0.02705
unruliness	0.02660
unassimilated	0.02658
undemonstrative	0.02635
unselfconsciously	0.02627
unfitting	0.02626
unglued	0.02567
unwinds	0.02469
unswervingly	0.02467
uncompromised	0.02460
unbeknown	0.02458
upmanship	0.02421
Usha	0.02381
unshackled	0.02361
Undine	0.02355
untrimmed	0.02354
uprightly	0.02331
Ullrich	0.02326
unphilosophical	0.02319
ungentlemanly	0.02310
unsparingly	0.02270
unquantifiable	0.02261
undelivered	0.02258
Udall	0.02255
undulate	0.02252
uncapped	0.02239
Univer	0.02235
unfelt	0.02233
ungraciously	0.02233
uncheck	0.02209
undeceive	0.02182
unprivileged	0.02182
undismayed	0.02180
unmingled	0.02169
unbent	0.02146
unremembered	0.02107
upbuilding	0.02066
undrained	0.02006
ung	0.02000
unpractised	0.01948
uu	0.01935
unblocked	0.01935
unclosed	0.01894
unlikeness	0.01890
unblushing	0.01878
utes	0.01858
unfading	0.01856
unattributed	0.01837
ultramarine	0.01831
Ufe	0.01819
untraditional	0.01812
uplink	0.01796
undistributed	0.01788
underachieving	0.01777
untasted	0.01767
unloosed	0.01761
Upham	0.01735
untenanted	0.01732
unmannerly	0.01726
unpreparedness	0.01706
unfrozen	0.01701
Universalists	0.01688
undies	0.01687
underclothing	0.01675
unhurriedly	0.01673
unnameable	0.01672
undecidability	0.01663
undecipherable	0.01663
Ulloa	0.01662
unwounded	0.01649
unus	0.01648
unreflecting	0.01643
unreleased	0.01641
unscriptural	0.01637
unsoundness	0.01631
unblock	0.01619
untethered	0.01618
unspiritual	0.01603
unobservant	0.01599
unvaried	0.01595
unlaced	0.01592
unfenced	0.01591
unsorted	0.01580
uncurled	0.01568
unaccented	0.01545
undramatic	0.01542
unaffectedly	0.01506
unbolted	0.01478
Universit	0.01472
unloads	0.01459
unbeaten	0.01436
umpteen	0.01428
unsubdued	0.01412
unsnapped	0.01396
Ussher	0.01395
unpacks	0.01383
unmoored	0.01379
unpeopled	0.01370
unbend	0.01359
ume	0.01357
uncleanliness	0.01314
uncomplainingly	0.01309
unfastening	0.01277
unscrupulously	0.01276
unfrequent	0.01264
unnaturalness	0.01243
underutilization	0.01241
uvula	0.01230
uncoiling	0.01225
unmovable	0.01217
Uxbridge	0.01214
Ufa	0.01209
unco	0.01195
undreamt	0.01186
Ursa	0.01184
upholsterer	0.01144
unconstitutionality	0.01140
ult	0.01136
unamiable	0.01131
untiringly	0.01129
unencrypted	0.01125
unthankful	0.01056
uncrowded	0.01043
unpaginated	0.01032
undissolved	0.01032
unappropriated	0.01028
umbrageous	0.01026
undutiful	0.01003
understory	0.01002
unshielded	0.009913
unintelligibility	0.009904
unuttered	0.009854
uncomprehendingly	0.009843
untruthfulness	0.009807
U3	0.009737
unsatisfactorily	0.009549
underfunding	0.009473
uncharitableness	0.009453
upou	0.009407
unloose	0.009284
upheaved	0.009232
unblushingly	0.009226
unchurched	0.009152
unforgiveness	0.009140
undulatory	0.009091
unregarded	0.009080
unhorsed	0.009057
unexhausted	0.009033
uncaused	0.008988
unfriendliness	0.008988
usus	0.008940
ured	0.008889
unwisdom	0.008889
unitedly	0.008864
uncontradicted	0.008853
undergrad	0.008806
unsymmetrical	0.008754
unwomanly	0.008683
undervaluation	0.008646
ungratefully	0.008608
unimpassioned	0.008604
unhealthful	0.008530
unifier	0.008490
underpowered	0.008447
undersell	0.008366
unforgotten	0.008180
unfeignedly	0.008173
unresting	0.008119
unsheltered	0.008086
uprose	0.008085
unshod	0.008014
underthe	0.008004
unfathomed	0.007995
unsaddled	0.007912
untempered	0.007903
uploads	0.007885
unchastity	0.007811
ungenial	0.007755
uracil	0.007726
unenclosed	0.007646
unwearying	0.007630
unbind	0.007594
unburnt	0.007583
unqualifiedly	0.007497
unsurprised	0.007488
unfits	0.007470
unlawfulness	0.007463
uncrowned	0.007446
unconsumed	0.007430
unsanctified	0.007426
Ulla	0.007307
unhandsome	0.007304
undoubting	0.007304
unguents	0.007253
unaccomplished	0.007212
useth	0.007210
unexcelled	0.007196
unavenged	0.007050
unci	0.007032
unbarred	0.007003
ungentle	0.006943
unskillful	0.006893
uncombined	0.006889
ubique	0.006873
unostentatiously	0.006867
unrepresentable	0.006853
unremitted	0.006810
untamable	0.006795
Umph	0.006783
unfed	0.006775
uncomely	0.006738
unscrewing	0.006730
unblessed	0.006710
unseaworthy	0.006698
uncarpeted	0.006637
undiscoverable	0.006615
unharnessed	0.006586
unprogressive	0.006536
unappeasable	0.006532
unadvisedly	0.006521
unfurls	0.006492
unworked	0.006492
unforgiven	0.006415
unsaleable	0.006370
unfallen	0.006353
usin	0.006350
unhealthiness	0.006314
unfledged	0.006292
ungloved	0.006258
unremunerative	0.006247
unhewn	0.006236
unwinking	0.006231
unsportsmanlike	0.006225
unsay	0.006177
unresisted	0.006151
unadvisable	0.006059
ungallant	0.006054
unawakened	0.006000
underdone	0.006000
uncurtained	0.005996
untravelled	0.005995
unsuspectingly	0.005987
unprofitably	0.005969
ull	0.005960
uncleared	0.005948
unattained	0.005946
undesigned	0.005912
unroofed	0.005903
unshorn	0.005890
unassociated	0.005879
unhoped	0.005868
unconfessed	0.005856
ungrudgingly	0.005847
unguessed	0.005820
unscrupulousness	0.005807
unwarlike	0.005807
unseasoned	0.005800
unmoral	0.005793
unedifying	0.005775
unworn	0.005758
unmistakeably	0.005731
U1	0.005713
unslung	0.005711
unstrapped	0.005708
unchangeably	0.005688
upbraids	0.005683
unwarrantably	0.005654
unfortified	0.005650
underlaid	0.005641
uuder	0.005630
Uvea	0.005609
unrolls	0.005601
utterer	0.005592
unconsecrated	0.005567
unquenched	0.005555
unrestrainedly	0.005549
untilled	0.005515
unconventionality	0.005490
unmarred	0.005482
unpoetical	0.005475
unventilated	0.005450
unfriended	0.005443
uncourteous	0.005414
urgencies	0.005275
unexecuted	0.005270
unrepaired	0.005237
unmilitary	0.005187
uneatable	0.005187
unintelligibly	0.005178
ungraspable	0.005169
unsalable	0.005161
unnamable	0.005158
unreasoned	0.005120
untrustworthiness	0.005113
unfilial	0.005089
unshrinking	0.005059
uid	0.005059
unskilfully	0.005053
unresistingly	0.004968
uncon	0.004954
unrepealed	0.004952
upholsterers	0.004949
unpitying	0.004936
unbosom	0.004835
unhappiest	0.004824
ungratified	0.004813
unexperienced	0.004812
unworldliness	0.004806
unaccepted	0.004752
unguardedly	0.004745
uncomprehended	0.004703
uncharitably	0.004696
unengaged	0.004669
unformulated	0.004665
upbraidings	0.004658
uncouthness	0.004642
unrealities	0.004642
umbra	0.004640
untidily	0.004635
undiscerning	0.004611
unsleeping	0.004608
unappeased	0.004599
ungrudging	0.004554
unwarily	0.004534
Urim	0.004530
unpicturesque	0.004494
uncoil	0.004487
unbeautiful	0.004483
unclasping	0.004481
unpracticed	0.004480
unwrinkled	0.004467
untucked	0.004436
undershirts	0.004420
underrating	0.004411
unavailingly	0.004402
unser	0.004400
ux	0.004391
unhinge	0.004390
Univeristy	0.004380
unexcited	0.004373
unius	0.004346
unbought	0.004314
undisputable	0.004303
ungenerously	0.004261
unbuckle	0.004258
unhelpfully	0.004216
unweariedly	0.004215
Uke	0.004198
unsusceptible	0.004155
unbusinesslike	0.004150
unapproached	0.004141
undrinkable	0.004133
undauntedly	0.004126
ungracefully	0.004108
untruly	0.004087
unam	0.004032
unintellectual	0.004022
unsympathetically	0.004007
unfeelingly	0.003982
untired	0.003955
usum	0.003661
urbe	0.003486
unnoted	0.003428
unt	0.003425
uncircumcision	0.003399
uld	0.003363
Uy	0.003353
unwatched	0.003309
unguent	0.003246
unlimbered	0.003023
unblest	0.002976
ulness	0.002932
unbuilt	0.002815
Uie	0.002683
unclose	0.002682
unprompted	0.002597
unstirred	0.002557
untwisted	0.002512
unburdening	0.002505
unversed	0.002480
unpitied	0.002476
unshipped	0.002433
underarms	0.002417
unseating	0.002393
unperformed	0.002368
undented	0.002352
unconscionably	0.002326
upas	0.002317
upborne	0.002294
undermanned	0.002281
unrebuked	0.002281
undistracted	0.002242
upheaving	0.002240
Uttle	0.002188
unbowed	0.002170
unseal	0.002162
unpinned	0.002144
unsoiled	0.002124
unequipped	0.002108
unadvised	0.002099
unclasp	0.002052
ued	0.002031
unearths	0.002022
unclenching	0.002004
unbuckling	0.001978
unconventionally	0.001940
