in	7920
is	3921
it	2711
I	2293
if	800.0
its	589.3
into	578.5
information	194.9
important	168.6
international	102.8
including	102.1
individual	99.90
interest	97.51
itself	96.38
idea	78.43
include	77.71
II	73.65
issues	72.83
instead	66.17
increase	65.25
indeed	64.92
issue	60.45
image	60.08
influence	57.78
involved	57.59
income	57.01
increased	56.58
individuals	52.15
industry	50.57
inside	50.46
ideas	49.31
included	47.40
impact	45.76
India	44.84
importance	44.15
identity	43.49
Indian	43.48
immediately	41.14
independent	40.86
instance	40.81
introduction	40.67
internal	39.07
interests	38.66
i.e.	36.73
initial	36.17
institutions	36.07
investment	35.48
Internet	35.27
I.	34.88
includes	34.21
island	34.11
images	34.08
increasing	34.03
III	33.09
identified	31.54
industrial	31.49
identify	30.10
interesting	29.91
Institute	29.85
index	29.77
items	28.77
introduced	28.23
interpretation	28.09
impossible	27.41
intended	27.37
Inc.	26.69
Ibid	26.42
insurance	26.30
interaction	25.53
interested	25.48
interview	25.11
increases	24.88
improve	24.55
input	24.30
intelligence	24.26
Israel	24.21
iron	24.20
in.	24.02
IV	23.40
indicate	23.39
intellectual	23.12
increasingly	22.26
indicated	21.90
ill	21.85
immediate	21.77
inner	21.55
ideal	21.28
implementation	21.21
involves	20.91
ice	20.85
independence	20.43
imagine	20.09
injury	19.53
integration	19.45
indicates	19.22
intervention	19.09
item	18.99
Indians	18.90
identification	18.71
investigation	18.70
implications	18.50
improvement	18.47
institution	18.26
interface	18.24
Italy	17.67
improved	17.63
Irish	17.44
informed	17.38
Italian	17.26
involving	16.68
infection	16.68
instruction	16.54
institutional	16.45
issued	16.43
involvement	16.36
Ireland	16.31
interactions	16.14
instrument	15.82
integrated	15.68
instructions	15.65
illness	15.64
initially	15.33
involve	15.29
intensity	15.25
induced	15.18
instruments	15.18
imagination	14.49
islands	14.38
industries	14.36
influenced	14.13
illustrated	13.56
id	13.56
il	13.54
intention	13.36
interior	13.25
instances	13.09
incident	12.96
impression	12.64
Islamic	12.38
identical	12.33
isolated	12.30
intense	12.19
imperial	12.10
imposed	12.03
Islam	11.86
invited	11.72
indigenous	11.56
inquiry	11.52
inches	11.51
implies	11.47
innovation	11.34
interviews	11.18
influences	11.12
Iraq	11.08
inch	11.00
inspired	10.82
ideology	10.71
inventory	10.71
infant	10.62
infrastructure	10.59
IP	10.53
implemented	10.52
identifying	10.51
interpreted	10.46
integrity	10.37
interval	10.32
introduce	10.28
instant	10.20
intent	10.17
insisted	10.05
immigrants	9.958
implement	9.957
improving	9.941
investors	9.892
insight	9.777
initiative	9.685
ignored	9.676
imaging	9.672
inter	9.630
informal	9.532
immigration	9.413
illustrate	9.317
innocent	9.244
import	9.184
investments	9.178
inhabitants	9.134
illegal	9.130
imagined	9.093
indicating	9.077
int	9.038
infinite	8.879
invasion	8.817
inherent	8.816
interventions	8.798
intermediate	8.701
inflation	8.679
incorporated	8.664
incidence	8.601
injuries	8.581
intelligent	8.555
ideological	8.553
immune	8.544
indirect	8.519
Illinois	8.491
isolation	8.468
illustrates	8.404
improvements	8.398
im	8.311
installed	8.144
ion	8.113
inevitable	8.075
ignore	8.017
identities	8.016
illustration	7.958
infants	7.930
intimate	7.836
initiated	7.834
indicators	7.819
implied	7.815
influential	7.700
intensive	7.674
invisible	7.639
inferior	7.612
inspection	7.583
investigations	7.540
indication	7.523
initiatives	7.513
investigate	7.505
ISBN	7.495
insert	7.487
interpret	7.483
interference	7.468
integral	7.462
intervals	7.371
inadequate	7.256
inclusion	7.216
infections	7.205
interpretations	7.125
ignorance	7.111
Iran	7.109
inspiration	6.991
insights	6.962
intentions	6.898
installation	6.893
inform	6.877
independently	6.843
inequality	6.841
injection	6.839
invention	6.827
inevitably	6.809
implicit	6.707
injured	6.700
investigated	6.620
Israeli	6.504
impressed	6.476
implementing	6.469
inclined	6.423
inputs	6.410
inability	6.372
impressive	6.321
imply	6.302
interrupted	6.287
ing	6.281
intake	6.281
impacts	6.279
interact	6.259
IEEE	6.246
invest	6.232
incentives	6.229
impulse	6.217
inheritance	6.209
impose	6.132
Indonesia	6.107
interactive	6.106
ix	6.101
inherited	6.068
intrinsic	6.027
insulin	5.999
importantly	5.970
infantry	5.968
ions	5.967
Indiana	5.948
instantly	5.947
infected	5.937
imports	5.933
innovative	5.933
introducing	5.864
immense	5.794
invitation	5.747
ideals	5.720
inserted	5.718
indicator	5.710
identifies	5.647
illustrations	5.615
immigrant	5.604
imagery	5.493
imported	5.491
induction	5.475
incidents	5.474
invented	5.389
intact	5.321
instrumental	5.319
incentive	5.317
insufficient	5.313
incomplete	5.307
ingredients	5.304
icon	5.291
instructed	5.265
interpersonal	5.258
illusion	5.235
induce	5.208
inflammatory	5.171
install	5.163
insects	5.160
invested	5.153
incorporate	5.104
inn	5.091
interfere	5.067
indirectly	5.018
irrigation	4.903
imaginary	4.894
inappropriate	4.890
impaired	4.876
insist	4.875
incorrect	4.861
invite	4.840
interviewed	4.777
ignorant	4.769
instability	4.768
individually	4.757
intend	4.754
intellect	4.721
interfaces	4.697
initiation	4.690
Isaac	4.681
irregular	4.678
ins	4.647
impairment	4.580
imperative	4.567
inference	4.453
indications	4.452
invariably	4.416
instructor	4.409
investor	4.402
implication	4.393
integrate	4.392
inflammation	4.371
instinct	4.367
interpreting	4.360
incredible	4.330
Ian	4.330
Iowa	4.315
inhibition	4.307
Interestingly	4.301
innovations	4.292
inconsistent	4.290
intellectuals	4.285
intercourse	4.285
ink	4.263
irrelevant	4.257
injustice	4.218
impressions	4.138
intimacy	4.137
incurred	4.129
immunity	4.113
instructional	4.113
inspector	4.102
irony	4.096
IRS	4.087
ignoring	4.074
integer	4.004
insertion	3.988
initiate	3.964
investigators	3.949
ironically	3.904
infectious	3.903
idle	3.888
innocence	3.886
imposing	3.880
introduces	3.858
intuition	3.847
incorporation	3.814
indifference	3.782
investing	3.757
imprisonment	3.751
imitation	3.750
intersection	3.748
ist	3.723
investigating	3.719
inclusive	3.709
incapable	3.694
insect	3.645
ir	3.624
integrating	3.615
inward	3.589
Iraqi	3.557
imperialism	3.522
incomes	3.520
IMF	3.509
IRA	3.442
intentional	3.424
ideally	3.404
implicitly	3.400
inverse	3.399
inscription	3.349
inland	3.344
indispensable	3.343
indifferent	3.326
inhibitors	3.320
interim	3.308
ibid.	3.299
Isaiah	3.291
IBM	3.266
invoked	3.242
incoming	3.203
intra	3.172
intentionally	3.166
intuitive	3.160
introductory	3.131
ISO	3.126
impulses	3.118
influencing	3.110
indices	3.107
inherently	3.102
imperfect	3.100
imaginative	3.092
insofar	3.089
incorporating	3.078
internally	3.072
ineffective	3.040
intestinal	3.034
insists	3.000
improves	2.971
inclination	2.955
insistence	2.934
intervene	2.922
issuing	2.916
ironic	2.909
inviting	2.897
indicative	2.875
imprisoned	2.872
Indies	2.844
irrational	2.841
inquired	2.836
inmates	2.831
interacting	2.819
innate	2.816
inquiries	2.801
invalid	2.800
interstate	2.796
interpreter	2.795
individualism	2.793
insured	2.781
insignificant	2.780
infancy	2.769
inequalities	2.737
incompatible	2.736
inspire	2.730
ibn	2.719
insult	2.716
infrared	2.705
ideologies	2.701
invasive	2.697
instincts	2.690
infusion	2.686
intravenous	2.684
internationally	2.676
improper	2.670
illnesses	2.668
Iranian	2.648
inhibit	2.647
infinitely	2.641
incremental	2.623
intensely	2.603
illumination	2.601
Indonesian	2.589
implements	2.588
imminent	2.586
inhabited	2.572
interpretive	2.571
individuality	2.560
institutes	2.551
injected	2.544
ivory	2.536
invaluable	2.531
impatient	2.525
invaded	2.521
irritation	2.520
instituted	2.502
installing	2.495
indebted	2.492
immortal	2.483
inflicted	2.479
inscriptions	2.470
Ivan	2.469
Ithaca	2.463
icons	2.450
imagining	2.443
inscribed	2.438
invoke	2.432
intensified	2.430
insane	2.420
imposition	2.404
inexpensive	2.398
investigator	2.382
intrusion	2.368
incredibly	2.350
intimately	2.350
interrupt	2.342
illuminated	2.334
inhibitor	2.327
indexes	2.325
implicated	2.323
instructors	2.323
industrialization	2.321
involuntary	2.317
inversion	2.301
inquire	2.292
irrespective	2.288
immortality	2.272
injunction	2.270
intriguing	2.260
ie	2.257
impress	2.254
infer	2.253
iris	2.235
interdisciplinary	2.234
inferred	2.232
ia	2.225
inferences	2.216
intervening	2.214
Irving	2.202
innumerable	2.197
interviewing	2.196
infarction	2.192
incarnation	2.190
inspiring	2.186
intricate	2.179
infringement	2.179
Italians	2.179
insisting	2.179
impossibility	2.177
implying	2.174
isolate	2.174
identifiable	2.167
intermittent	2.165
intracellular	2.164
instruct	2.160
incorporates	2.144
inorganic	2.137
indoor	2.117
impetus	2.102
interdependence	2.097
indignation	2.095
inspect	2.095
interviewer	2.090
intends	2.086
idealism	2.078
impending	2.076
interruption	2.073
impedance	2.068
inverted	2.064
informative	2.059
ingredient	2.053
Isabel	2.048
informing	2.048
imbalance	2.046
incision	2.045
inventions	2.042
informs	2.034
issuer	2.033
inlet	2.031
intangible	2.025
insecurity	2.025
ionic	2.022
incidentally	2.020
infinity	2.009
inefficient	2.008
induces	2.002
imitate	1.983
incumbent	1.982
interrogation	1.975
Isle	1.971
inertia	1.955
intestine	1.946
initiating	1.943
inserting	1.942
incidental	1.933
Indianapolis	1.932
insulation	1.927
info	1.917
illusions	1.909
interplay	1.906
Indo	1.905
imprint	1.896
industrialized	1.893
instinctively	1.880
imposes	1.879
Israelites	1.870
insanity	1.869
intelligible	1.865
illustrating	1.861
iteration	1.858
invites	1.853
inaccurate	1.851
implant	1.850
indefinite	1.841
ignores	1.837
icy	1.835
inherit	1.835
ivy	1.834
idiot	1.833
Idaho	1.830
inactive	1.829
irradiation	1.824
informants	1.816
intercept	1.803
Irene	1.794
inventor	1.790
insider	1.790
inasmuch	1.787
instructive	1.785
indictment	1.779
instantaneous	1.778
illicit	1.766
ICT	1.761
immoral	1.760
irresistible	1.751
Ida	1.749
immersed	1.748
institutionalized	1.744
inducing	1.736
influx	1.735
ingenious	1.734
indefinitely	1.731
infamous	1.730
intellectually	1.729
italics	1.722
impersonal	1.721
installations	1.718
inhibited	1.715
inventories	1.713
invent	1.713
infiltration	1.710
immensely	1.707
Isa	1.706
irritated	1.695
IB	1.693
ic	1.692
impoverished	1.686
intolerance	1.681
IQ	1.680
indulge	1.678
Isabella	1.657
inseparable	1.656
instrumentation	1.653
investigative	1.652
intermediary	1.650
inductive	1.640
insure	1.636
informational	1.634
impatience	1.633
io	1.625
ich	1.623
irreversible	1.617
inception	1.615
identifier	1.614
insurer	1.613
immature	1.606
immersion	1.600
inhabit	1.597
invade	1.594
indulgence	1.593
interfering	1.592
importing	1.589
Inc	1.587
illuminating	1.587
inhibitory	1.584
intently	1.577
issuance	1.576
inspected	1.572
impartial	1.567
inhibits	1.565
invariant	1.562
idealized	1.559
injections	1.553
ischemia	1.552
inspectors	1.548
Intel	1.547
interpreters	1.544
intolerable	1.538
ischemic	1.538
idol	1.522
illustrious	1.509
invoking	1.504
illegitimate	1.503
intending	1.498
implementations	1.495
influenza	1.495
interrelated	1.493
incompetent	1.486
interstitial	1.479
illustrative	1.479
Iceland	1.477
invaders	1.473
implants	1.469
infect	1.453
ingenuity	1.448
intern	1.445
Istanbul	1.445
inadvertently	1.441
iterative	1.439
inconsistency	1.438
incense	1.433
intrinsically	1.429
individualized	1.426
incubation	1.416
inspections	1.415
ignition	1.404
insomnia	1.399
Isles	1.397
interchange	1.397
intertwined	1.397
integrative	1.395
iodine	1.394
intervened	1.387
interconnected	1.387
invocation	1.386
illuminate	1.385
inert	1.383
intuitively	1.377
implantation	1.373
impacted	1.366
inaccessible	1.364
insecure	1.360
invading	1.360
insufficiency	1.359
Inquisition	1.346
idols	1.335
isotope	1.331
incorrectly	1.331
invitations	1.326
instinctive	1.310
inferiority	1.308
intensities	1.305
insurrection	1.304
indexing	1.303
incontinence	1.303
impatiently	1.301
increment	1.301
implanted	1.298
indexed	1.298
incur	1.294
improbable	1.292
intrigued	1.291
inhaled	1.290
Israelis	1.289
ionization	1.285
inexperienced	1.283
imperatives	1.281
Institut	1.276
introductions	1.275
incomprehensible	1.273
inconvenience	1.272
intermediaries	1.262
intracranial	1.255
interprets	1.254
insensitive	1.253
illiterate	1.251
infertility	1.250
inflated	1.249
immunodeficiency	1.245
impart	1.244
ingestion	1.241
initiates	1.240
insults	1.240
impairments	1.234
informant	1.228
interdependent	1.227
Irwin	1.226
interpolation	1.224
intrusive	1.221
interacts	1.220
indistinguishable	1.218
idem	1.214
imperialist	1.212
importation	1.211
illegally	1.202
inconsistencies	1.202
Immunol	1.184
idiom	1.181
inflict	1.179
insightful	1.177
indoors	1.176
inadequacy	1.174
impulsive	1.172
inserts	1.163
irresponsible	1.160
indeterminate	1.156
incest	1.154
insurers	1.153
integers	1.152
imperfections	1.147
intercultural	1.143
idolatry	1.138
impede	1.138
individualistic	1.135
invoice	1.134
Inst	1.131
intoxication	1.128
initials	1.126
Iroquois	1.124
ills	1.123
indulged	1.122
idiosyncratic	1.121
intrigue	1.121
islanders	1.117
inaugural	1.115
increments	1.110
intergovernmental	1.107
inhibiting	1.100
Ibrahim	1.099
impurities	1.097
insistent	1.096
insoluble	1.096
iterations	1.095
imam	1.092
injure	1.091
infused	1.091
Ind.	1.088
insulated	1.088
infrequently	1.086
interviewees	1.083
interfered	1.080
indebtedness	1.077
incessant	1.076
indignant	1.074
immunization	1.072
internalized	1.069
iconography	1.066
inmate	1.066
inhalation	1.064
irritable	1.064
invokes	1.060
inflow	1.060
informally	1.059
insulted	1.058
iu	1.055
intimidation	1.055
impeachment	1.052
inaugurated	1.048
isolates	1.047
incarceration	1.046
injurious	1.043
imagines	1.041
ig	1.040
infra	1.039
illusory	1.038
inventing	1.034
impair	1.033
interrupting	1.032
Indus	1.028
irritating	1.026
inflamed	1.025
infrequent	1.019
inwardly	1.019
impractical	1.012
inclinations	1.012
Israelite	1.011
inversely	1.010
idiopathic	1.003
insiders	1.002
immaterial	1.001
IDs	0.9990
impotence	0.9971
intersect	0.9954
incompetence	0.9942
ICC	0.9941
inconceivable	0.9934
inexplicable	0.9922
imaginable	0.9919
inhuman	0.9910
interiors	0.9905
interruptions	0.9888
interpretative	0.9829
ISP	0.9807
intimidated	0.9693
inextricably	0.9685
ihe	0.9664
idealistic	0.9659
impurity	0.9658
invasions	0.9656
imitated	0.9640
imbued	0.9632
indemnity	0.9626
illustrator	0.9617
inquiring	0.9555
intensification	0.9534
irregularities	0.9527
Ike	0.9518
insurgents	0.9508
insulting	0.9485
imparted	0.9438
inauguration	0.9395
imitating	0.9383
irritability	0.9330
inanimate	0.9317
irrigated	0.9292
intruder	0.9285
inpatient	0.9258
immediacy	0.9235
intractable	0.9204
ith	0.9200
IRC	0.9174
infantile	0.9159
industrious	0.9122
improvisation	0.9101
incoherent	0.9090
improperly	0.9089
inefficiency	0.9081
installment	0.9080
interferes	0.9073
inflows	0.9045
integrates	0.8987
insurgency	0.8983
ideologically	0.8971
Inca	0.8956
Isis	0.8935
isolating	0.8912
inconvenient	0.8912
impediment	0.8882
isotropic	0.8863
imbalances	0.8857
interracial	0.8820
inventive	0.8790
insidious	0.8785
imaginations	0.8782
immorality	0.8775
inspires	0.8765
inescapable	0.8764
intimidating	0.8761
immutable	0.8724
interspersed	0.8717
intensify	0.8707
ILO	0.8702
involuntarily	0.8698
incline	0.8675
intuitions	0.8668
initialization	0.8665
impenetrable	0.8661
inspecting	0.8562
institutionalization	0.8481
intercepted	0.8465
immaculate	0.8453
infested	0.8439
Inuit	0.8436
interoperability	0.8436
itching	0.8434
intranet	0.8425
intoxicated	0.8404
improvised	0.8395
intersections	0.8391
injustices	0.8384
infidelity	0.8372
inactivation	0.8337
instructing	0.8328
incapacity	0.8322
immanent	0.8321
irons	0.8298
intestines	0.8222
interviewers	0.8185
interconnection	0.8179
infallible	0.8123
incarcerated	0.8111
incarnate	0.8110
impure	0.8103
inventors	0.8099
impediments	0.8059
iliac	0.8047
interwoven	0.8012
inflexible	0.7969
intergenerational	0.7963
idleness	0.7947
Ignatius	0.7928
iconic	0.7893
Iraqis	0.7891
incubated	0.7861
interferon	0.7842
internationalization	0.7838
inclusions	0.7833
isotopes	0.7803
incessantly	0.7795
Islamist	0.7793
innermost	0.7792
impunity	0.7785
immobilized	0.7774
intergroup	0.7729
interchangeable	0.7709
indigo	0.7707
intonation	0.7624
impotent	0.7583
impartiality	0.7574
intentionality	0.7574
Irvine	0.7559
incompatibility	0.7544
Iliad	0.7542
injunctions	0.7534
invincible	0.7468
ingrained	0.7455
inspirational	0.7419
infrastructures	0.7417
Immanuel	0.7412
ignited	0.7403
interrupts	0.7402
inflection	0.7374
interchangeably	0.7341
impelled	0.7336
irreducible	0.7312
intelligentsia	0.7294
insolvency	0.7294
inevitability	0.7292
incipient	0.7271
illiteracy	0.7243
impasse	0.7225
irradiated	0.7223
IIS	0.7197
iniquity	0.7190
inaction	0.7189
Instituto	0.7176
impeded	0.7173
imputed	0.7146
interlocking	0.7140
inns	0.7104
interleukin	0.7089
identifications	0.7085
inject	0.7083
instructs	0.7056
intensively	0.7049
ingested	0.7044
indicted	0.6977
indulgent	0.6967
interfacial	0.6944
investigates	0.6935
inactivity	0.6923
intubation	0.6917
Irishman	0.6893
introspection	0.6874
IgG	0.6866
inconclusive	0.6838
inoculation	0.6831
IDE	0.6817
identifiers	0.6788
idly	0.6784
ineffectual	0.6778
ICU	0.6777
Ishmael	0.6738
itinerary	0.6713
idealist	0.6670
Indochina	0.6662
indiscriminate	0.6659
Isabelle	0.6584
insatiable	0.6569
informatics	0.6559
indulging	0.6555
Italia	0.6539
innocently	0.6535
invertebrates	0.6499
intolerant	0.6473
intimidate	0.6473
inexhaustible	0.6461
injecting	0.6459
irrevocable	0.6459
insurmountable	0.6455
itinerant	0.6453
impassioned	0.6451
innocuous	0.6447
inertial	0.6434
interviewee	0.6433
intersecting	0.6410
inflationary	0.6408
Indra	0.6408
intermittently	0.6407
interacted	0.6396
intrigues	0.6385
imperfectly	0.6380
insulating	0.6379
internship	0.6373
isotopic	0.6350
immobile	0.6345
idioms	0.6323
indecent	0.6321
invoices	0.6303
illuminates	0.6273
independents	0.6267
Ito	0.6264
immobilization	0.6246
immovable	0.6206
ire	0.6203
intelligently	0.6201
inexorable	0.6201
intruders	0.6196
inelastic	0.6186
Ill.	0.6177
indistinct	0.6162
inquisitive	0.6136
inhabiting	0.6132
internalization	0.6129
immunoglobulin	0.6117
ik	0.6116
instantaneously	0.6095
iceberg	0.6084
Ingram	0.6084
interrogated	0.6067
interminable	0.6065
Iberian	0.6063
infiltrate	0.6061
imprinted	0.6056
indivisible	0.6054
inset	0.6053
infernal	0.6048
instigated	0.6037
industrialists	0.6034
illogical	0.6033
idyllic	0.5960
irregularity	0.5954
intercession	0.5950
Ives	0.5936
infuriated	0.5931
inequities	0.5909
impervious	0.5909
incongruous	0.5890
impracticable	0.5883
ISDN	0.5882
ICP	0.5876
instilled	0.5861
insides	0.5858
Icelandic	0.5858
inflicting	0.5854
Ingrid	0.5842
IPO	0.5841
interactional	0.5841
intrude	0.5827
invisibility	0.5825
iced	0.5812
insignia	0.5792
imperfection	0.5790
Internationale	0.5788
incomparable	0.5761
industrialisation	0.5759
incurring	0.5748
immunology	0.5744
indescribable	0.5736
interlude	0.5735
immunological	0.5729
incised	0.5727
intricacies	0.5724
interwar	0.5722
ind	0.5717
implausible	0.5713
inducement	0.5695
intoxicating	0.5693
IAS	0.5687
infinitive	0.5684
indisputable	0.5684
insular	0.5683
initialize	0.5664
isthmus	0.5660
indiscriminately	0.5657
issuers	0.5656
inhale	0.5651
incumbents	0.5646
insufficiently	0.5627
intimated	0.5622
incredulous	0.5609
intravascular	0.5607
inhabitant	0.5599
irregularly	0.5589
incurable	0.5569
inferential	0.5561
insolent	0.5560
interposed	0.5551
irreconcilable	0.5530
intermediates	0.5523
intrusions	0.5520
impregnated	0.5511
insolvent	0.5510
interrelationships	0.5492
inappropriately	0.5484
internationalism	0.5471
instill	0.5469
initialized	0.5453
interjected	0.5447
inadequacies	0.5436
imaged	0.5428
initiator	0.5424
imprecise	0.5418
inadmissible	0.5411
invalidate	0.5407
indeterminacy	0.5390
inferno	0.5381
intelligibility	0.5353
implored	0.5351
individuation	0.5340
italic	0.5331
inadequately	0.5308
inroads	0.5306
ism	0.5301
intelligences	0.5296
ity	0.5269
importer	0.5259
inexorably	0.5258
infringing	0.5254
ihre	0.5221
innovators	0.5207
impeccable	0.5194
idiots	0.5181
Indira	0.5178
injuring	0.5175
invests	0.5163
indignantly	0.5143
inquirer	0.5139
i960	0.5129
irrevocably	0.5125
impromptu	0.5119
ipsilateral	0.5096
inadvertent	0.5096
immemorial	0.5088
interactivity	0.5084
inherits	0.5082
inning	0.5075
inalienable	0.5071
icing	0.5045
ICA	0.5040
insensible	0.5037
imitations	0.5033
intents	0.5026
implacable	0.5025
insecticides	0.5023
interconnections	0.5019
itch	0.5015
inconsequential	0.5011
incensed	0.5008
insurgent	0.4997
innervation	0.4986
irreparable	0.4984
inordinate	0.4981
identically	0.4979
incursions	0.4963
infiltrated	0.4954
Ismail	0.4951
ineffable	0.4949
iiber	0.4942
iPod	0.4941
intakes	0.4938
imperious	0.4930
ISI	0.4929
infringe	0.4925
intermarriage	0.4917
incisions	0.4917
intensifying	0.4906
ionized	0.4893
imperceptible	0.4892
infinitesimal	0.4884
infringed	0.4881
internment	0.4879
imputation	0.4862
insolence	0.4854
Iranians	0.4841
indentation	0.4831
imparting	0.4828
indigent	0.4823
indelible	0.4820
infidels	0.4818
invariable	0.4813
interrogate	0.4808
Igor	0.4797
iff	0.4794
intersects	0.4785
infirmary	0.4772
ignite	0.4769
indecision	0.4760
ITU	0.4736
inscrutable	0.4724
inept	0.4723
impacting	0.4699
intentioned	0.4695
individualist	0.4690
Ibadan	0.4678
incapacitated	0.4675
impetuous	0.4669
inborn	0.4665
integrals	0.4664
i2	0.4640
invariance	0.4628
intro	0.4599
Int'l	0.4591
Ibsen	0.4591
incite	0.4588
intrauterine	0.4582
inguinal	0.4561
immeasurable	0.4558
innings	0.4558
intravenously	0.4552
immigrated	0.4543
internalize	0.4542
innocents	0.4536
Islamists	0.4535
interception	0.4531
Islander	0.4517
inf	0.4513
intercom	0.4512
incalculable	0.4511
infidel	0.4507
immobility	0.4497
invert	0.4477
infanticide	0.4475
instituting	0.4475
instantiated	0.4453
installments	0.4437
introspective	0.4435
infatuation	0.4434
impossibly	0.4429
ISPs	0.4427
intimation	0.4422
incriminating	0.4394
interlocutor	0.4393
innovate	0.4391
interstellar	0.4386
irrationality	0.4369
imparts	0.4368
inoculated	0.4368
ineligible	0.4360
indentured	0.4360
inimical	0.4359
indolent	0.4355
implicate	0.4334
internships	0.4306
importers	0.4304
indwelling	0.4299
intraoperative	0.4282
impassable	0.4268
infirmity	0.4262
Ignacio	0.4259
infestation	0.4259
interrelationship	0.4230
instrumentality	0.4220
ISSN	0.4210
intervenes	0.4210
inefficiencies	0.4210
imp	0.4209
inflected	0.4207
insensitivity	0.4201
interns	0.4193
idealization	0.4186
intersubjective	0.4180
inlaid	0.4179
interventionist	0.4178
infective	0.4177
infuse	0.4173
incandescent	0.4163
indigestion	0.4159
isoforms	0.4155
imitative	0.4154
IOS	0.4153
invalidated	0.4145
irritate	0.4142
incisive	0.4131
indoctrination	0.4115
indefatigable	0.4103
interagency	0.4100
inductance	0.4099
interpolated	0.4098
inhabits	0.4095
impinge	0.4092
inattention	0.4085
isothermal	0.4081
inundated	0.4079
intrepid	0.4079
inducible	0.4074
ICD	0.4072
inhibitions	0.4071
inwards	0.4070
inkling	0.4046
institutionally	0.4038
inhaling	0.4038
inapplicable	0.4034
interconnect	0.4022
ils	0.4014
inaccuracies	0.4013
intensifies	0.4013
itemized	0.3999
infusions	0.3998
interlocutors	0.3994
intricately	0.3972
industrialised	0.3971
inexperience	0.3967
impairs	0.3967
infertile	0.3962
incongruity	0.3955
inactivated	0.3942
intimates	0.3941
incarnations	0.3938
isomers	0.3932
irritant	0.3899
immeasurably	0.3895
incisors	0.3895
ironing	0.3888
immunosuppressive	0.3887
infirm	0.3885
igneous	0.3883
incompleteness	0.3880
incrementally	0.3875
IAEA	0.3872
indulgences	0.3872
Irigaray	0.3869
inhospitable	0.3864
inquest	0.3863
indomitable	0.3856
infliction	0.3854
insignificance	0.3852
indifferently	0.3850
immunities	0.3839
inequity	0.3839
instantiation	0.3832
ij	0.3830
impressively	0.3829
incited	0.3825
isometric	0.3825
impoverishment	0.3814
impropriety	0.3791
inferring	0.3789
intercepts	0.3788
inciting	0.3770
improvise	0.3765
inline	0.3761
intersected	0.3757
incurs	0.3745
inbound	0.3744
inv	0.3740
inmost	0.3736
insertions	0.3734
insecurities	0.3730
inks	0.3726
infamy	0.3724
Isaacs	0.3722
ingratitude	0.3710
indestructible	0.3710
instigation	0.3697
intangibles	0.3696
insulator	0.3694
intercostal	0.3692
islet	0.3692
imperceptibly	0.3675
iodide	0.3673
imaginings	0.3671
invades	0.3667
intertextual	0.3663
innkeeper	0.3661
instinctual	0.3659
infirmities	0.3648
immunosuppression	0.3640
impertinent	0.3639
immanence	0.3639
intruded	0.3635
incursion	0.3631
insecticide	0.3628
indolence	0.3620
ih	0.3613
invader	0.3613
infrastructural	0.3601
infallibility	0.3600
IRAs	0.3594
islets	0.3589
ihrer	0.3586
inducements	0.3578
inched	0.3576
inexplicably	0.3571
incubator	0.3560
impious	0.3559
Islamabad	0.3554
insulate	0.3550
inaccuracy	0.3545
ies	0.3544
index.html	0.3538
indented	0.3535
insemination	0.3529
illegality	0.3526
intramuscular	0.3523
inviolable	0.3523
idiosyncrasies	0.3523
instabilities	0.3518
imbedded	0.3515
Irishmen	0.3514
interred	0.3514
immerse	0.3513
innovator	0.3513
immaturity	0.3507
incendiary	0.3499
incredulity	0.3495
I0	0.3495
irreverent	0.3486
institutionalised	0.3485
impregnable	0.3479
inequitable	0.3478
incestuous	0.3466
Incas	0.3466
inconspicuous	0.3464
inculcate	0.3459
incredulously	0.3456
Irma	0.3455
imperialists	0.3453
ICS	0.3453
impulsively	0.3447
illustrators	0.3434
insuring	0.3434
idiotic	0.3430
impassive	0.3425
inthe	0.3425
imaginatively	0.3424
ideation	0.3423
irresistibly	0.3422
ignoble	0.3422
irrepressible	0.3421
intruding	0.3420
immensity	0.3416
inconveniences	0.3412
Inez	0.3411
indignity	0.3402
IEC	0.3394
inarticulate	0.3392
implore	0.3388
Irenaeus	0.3385
inquisitor	0.3382
inveterate	0.3380
interrogative	0.3379
ironies	0.3378
italiana	0.3377
Innes	0.3373
IMS	0.3356
ihr	0.3355
ionizing	0.3351
ici	0.3345
imprints	0.3345
interconnectedness	0.3338
inculcated	0.3337
imprudent	0.3331
intermolecular	0.3326
invocations	0.3323
intermingled	0.3321
infecting	0.3319
irrelevance	0.3315
ITC	0.3305
illegible	0.3304
Isobel	0.3300
impermeable	0.3291
irate	0.3277
IUCN	0.3274
intercede	0.3262
IPS	0.3262
interrogations	0.3260
informer	0.3255
ina	0.3253
inhomogeneous	0.3252
iconographic	0.3249
inducted	0.3240
imitates	0.3232
impudent	0.3232
invigorating	0.3230
Ivanov	0.3229
infarct	0.3228
impeding	0.3223
inestimable	0.3212
indemnification	0.3208
incompletely	0.3201
intertextuality	0.3198
Indonesians	0.3196
idolatrous	0.3186
inlaw	0.3185
Iqbal	0.3176
inflate	0.3171
immer	0.3168
intransitive	0.3168
injector	0.3155
informality	0.3151
imprinting	0.3146
inconsiderable	0.3145
insistently	0.3145
IPC	0.3132
intercellular	0.3113
incoherence	0.3110
italicized	0.3103
inclusiveness	0.3100
imploring	0.3097
interferences	0.3095
inventiveness	0.3092
inexpressible	0.3086
invertebrate	0.3084
indictments	0.3074
IGF	0.3072
imitators	0.3064
interned	0.3054
idiomatic	0.3053
inbred	0.3047
inheriting	0.3037
inhumane	0.3017
Ingersoll	0.3010
impedes	0.3007
ironical	0.2988
inaudible	0.2988
intoned	0.2985
intraocular	0.2984
impostor	0.2980
impressionist	0.2980
Iain	0.2972
immunologic	0.2968
ita	0.2967
invariants	0.2964
infiltrating	0.2961
irresponsibility	0.2960
ineffectiveness	0.2959
insubordination	0.2957
injunctive	0.2956
infiltrates	0.2955
inverting	0.2955
inimitable	0.2943
IVF	0.2943
interposition	0.2936
incantations	0.2935
imbibed	0.2934
ipso	0.2925
infatuated	0.2917
IgA	0.2917
incitement	0.2910
interrogating	0.2901
Inoue	0.2896
instalments	0.2895
impartially	0.2893
Irvin	0.2889
inflections	0.2886
illuminations	0.2881
inhumanity	0.2877
immortalized	0.2872
invective	0.2872
ironed	0.2857
Isidore	0.2857
internalizing	0.2844
irrefutable	0.2844
informers	0.2843
infractions	0.2843
impulsivity	0.2842
impermissible	0.2840
impingement	0.2838
irreplaceable	0.2836
Ionian	0.2817
insubstantial	0.2817
impressionism	0.2816
indiscretion	0.2813
impudence	0.2810
Inge	0.2810
intimations	0.2810
interrelations	0.2809
interfacing	0.2807
indefinable	0.2804
ITT	0.2803
IDF	0.2802
Isla	0.2801
instantiate	0.2795
inundation	0.2789
ideational	0.2784
idealists	0.2775
impressionable	0.2771
itchy	0.2765
impersonation	0.2762
ileum	0.2762
invidious	0.2752
intermission	0.2748
interdependencies	0.2746
impairing	0.2743
inspirations	0.2735
integrator	0.2732
inlets	0.2715
immunocompromised	0.2714
idealised	0.2712
ings	0.2710
Intl	0.2708
insincere	0.2701
impressing	0.2698
ingress	0.2696
iridescent	0.2695
immortals	0.2690
Ipswich	0.2690
indemnify	0.2688
installs	0.2681
interlinked	0.2678
ISS	0.2677
instilling	0.2676
incompressible	0.2676
intersubjectivity	0.2673
IOC	0.2669
insuperable	0.2669
intellects	0.2666
infraction	0.2663
invalidity	0.2661
ingest	0.2658
indent	0.2649
inductively	0.2647
iniquities	0.2644
invents	0.2641
intercontinental	0.2641
illumined	0.2639
inclines	0.2637
interlaced	0.2636
imprison	0.2636
irksome	0.2631
ish	0.2626
incidences	0.2622
incineration	0.2620
incorrigible	0.2619
indecisive	0.2613
inchoate	0.2606
inversions	0.2600
illegitimacy	0.2596
inseparably	0.2592
I1	0.2589
intermediation	0.2583
interiority	0.2578
indisputably	0.2577
Inglis	0.2575
imperishable	0.2569
inscribe	0.2565
i.e	0.2564
interactively	0.2561
IEP	0.2527
interstices	0.2525
incantation	0.2524
iTunes	0.2523
ignominious	0.2522
insipid	0.2521
industrialist	0.2515
immunized	0.2515
incontrovertible	0.2513
inquires	0.2510
ideologues	0.2502
ihm	0.2493
IgM	0.2491
installer	0.2489
inbreeding	0.2488
inattentive	0.2488
ingeniously	0.2486
i860	0.2482
idling	0.2482
Inverness	0.2476
impute	0.2474
innuendo	0.2472
indenture	0.2471
incubate	0.2462
intrusted	0.2460
intransigence	0.2453
isomorphic	0.2452
Icarus	0.2452
implicates	0.2449
Ivor	0.2447
Iberia	0.2438
inferiors	0.2437
infringements	0.2428
irreversibly	0.2426
Ikeda	0.2422
iatrogenic	0.2420
instalment	0.2416
Irina	0.2416
inflatable	0.2404
ibuprofen	0.2402
isomorphism	0.2400
intramural	0.2396
internationalist	0.2394
incomparably	0.2390
infects	0.2384
irritants	0.2379
individualization	0.2379
invulnerable	0.2379
industrially	0.2377
interdiction	0.2374
ile	0.2373
indexical	0.2370
innately	0.2370
intemperance	0.2368
initiators	0.2366
impertinence	0.2363
irritably	0.2359
incorruptible	0.2359
iconoclastic	0.2353
IPCC	0.2351
impinging	0.2347
I5	0.2336
introverted	0.2332
immunizations	0.2326
interrogator	0.2318
intemperate	0.2312
indefensible	0.2306
Intifada	0.2300
impresses	0.2298
inauthentic	0.2298
interfaith	0.2296
indica	0.2287
institutionalize	0.2283
iteratively	0.2282
interrelation	0.2281
insinuated	0.2276
implicating	0.2274
indelibly	0.2272
institutionalism	0.2270
insulators	0.2267
ilk	0.2265
industrialism	0.2263
innervated	0.2263
ingenuous	0.2260
isomer	0.2254
IPA	0.2251
interpretable	0.2250
incommensurable	0.2249
impiety	0.2248
impeach	0.2247
I.M.	0.2247
instants	0.2245
italiano	0.2242
impressionistic	0.2241
insinuating	0.2241
immunoglobulins	0.2233
indiscreet	0.2230
infeasible	0.2230
icebergs	0.2225
inoperative	0.2215
Innsbruck	0.2203
i3	0.2202
inordinately	0.2195
infers	0.2195
interweaving	0.2189
ine	0.2184
intellectualism	0.2182
Islamism	0.2181
inextricable	0.2172
intermingling	0.2171
isolationism	0.2164
inflexibility	0.2164
indignities	0.2164
incremented	0.2163
impeached	0.2156
infinitum	0.2156
indecency	0.2154
irrigate	0.2152
Inman	0.2150
internationalisation	0.2144
incrimination	0.2143
ingesting	0.2142
Isherwood	0.2141
inflame	0.2141
inexcusable	0.2131
insures	0.2129
itineraries	0.2122
incorporeal	0.2117
incarnated	0.2116
inconsiderate	0.2116
Iwo	0.2111
imperialistic	0.2107
interment	0.2104
impaled	0.2095
Iverson	0.2092
inquisitors	0.2088
intertwining	0.2088
insinuate	0.2084
iterated	0.2077
instigate	0.2077
impermanence	0.2075
illus	0.2072
imbecile	0.2068
injures	0.2068
interplanetary	0.2068
idyll	0.2064
ices	0.2059
Ishikawa	0.2058
individuated	0.2058
infantrymen	0.2050
inky	0.2048
inoffensive	0.2046
inescapably	0.2043
inshore	0.2040
immunohistochemical	0.2040
infusing	0.2039
IBS	0.2039
I.D.	0.2038
Intelligencer	0.2035
inaugurate	0.2031
improvising	0.2026
inpatients	0.2025
I'm	0.2023
Igbo	0.2022
interregional	0.2017
ineptitude	0.2017
interrogators	0.2015
intransigent	0.2015
illiberal	0.2011
infallibly	0.2010
ini	0.2007
invigorated	0.2007
internecine	0.2007
irretrievably	0.2006
insufferable	0.2000
interventional	0.1985
imprecision	0.1984
interethnic	0.1984
isolationist	0.1981
invisibly	0.1980
Ivo	0.1963
initio	0.1953
impeccably	0.1947
Ingham	0.1944
Istituto	0.1943
immersing	0.1941
invalids	0.1941
investiture	0.1937
Isolde	0.1934
ignominy	0.1933
Iyer	0.1932
IgE	0.1931
Iago	0.1931
ingots	0.1927
instigator	0.1926
Ishii	0.1921
isoform	0.1917
inclement	0.1906
ifs	0.1905
interpose	0.1905
ihren	0.1900
implosion	0.1900
inhaler	0.1898
intermixed	0.1898
interlocked	0.1898
initiations	0.1896
irises	0.1891
impolite	0.1890
igniting	0.1886
inflicts	0.1883
intervertebral	0.1883
interpenetration	0.1876
inaccurately	0.1875
inviolate	0.1874
Ines	0.1872
iambic	0.1872
idiocy	0.1870
incinerator	0.1866
insurrections	0.1861
IRB	0.1860
isotonic	0.1858
indulges	0.1857
intercepting	0.1854
inexact	0.1853
ischaemic	0.1853
I.V.	0.1851
incontestable	0.1848
involvements	0.1847
interdependency	0.1844
irreligious	0.1843
ical	0.1840
intrastate	0.1837
Iona	0.1834
irascible	0.1833
incongruent	0.1833
interrogatories	0.1831
inwardness	0.1830
incommensurability	0.1827
IEA	0.1826
iterate	0.1821
industrializing	0.1821
inflating	0.1818
indentations	0.1816
IPR	0.1813
interludes	0.1808
impositions	0.1799
improvisational	0.1799
indissoluble	0.1798
I!	0.1795
Islington	0.1795
inauspicious	0.1791
insinuation	0.1787
interconnecting	0.1782
imago	0.1780
insensibly	0.1779
infuriating	0.1779
improvisations	0.1774
IPOs	0.1773
InterVarsity	0.1767
infestations	0.1765
impregnation	0.1762
ICTs	0.1761
Industrie	0.1760
incomprehension	0.1756
intramolecular	0.1755
insincerity	0.1755
inconsistently	0.1750
inviolability	0.1750
infighting	0.1747
involution	0.1745
impels	0.1745
interchanges	0.1739
integrally	0.1737
inactivate	0.1734
insupportable	0.1730
impel	0.1727
injectable	0.1723
inebriated	0.1722
inclining	0.1718
idolaters	0.1717
indubitable	0.1715
inclosed	0.1713
institutionalisation	0.1711
intricacy	0.1710
insinuations	0.1697
investigational	0.1696
imprudence	0.1695
inane	0.1692
inaccessibility	0.1688
instrumentalist	0.1686
interchanged	0.1684
Inspectorate	0.1680
intrapsychic	0.1679
inoperable	0.1679
ironclad	0.1675
Interscience	0.1674
inching	0.1674
impinges	0.1668
imbue	0.1666
innards	0.1662
iota	0.1660
insensibility	0.1660
intrapersonal	0.1658
impetuosity	0.1653
invalidating	0.1651
imposture	0.1649
inheritances	0.1649
irreversibility	0.1649
inked	0.1649
intranets	0.1649
impermanent	0.1647
inquisitorial	0.1644
instil	0.1640
interleaved	0.1640
Internacional	0.1638
indiscretions	0.1632
Ingalls	0.1629
immigrate	0.1628
intriguingly	0.1627
intimacies	0.1626
inositol	0.1622
intestate	0.1621
imams	0.1616
idolized	0.1613
indict	0.1612
ipsa	0.1610
inflammable	0.1607
individualised	0.1604
impaction	0.1603
index.htm	0.1596
irrationally	0.1596
ideality	0.1593
ihn	0.1593
IIA	0.1582
inverts	0.1577
Ilya	0.1575
irreverence	0.1574
idee	0.1574
inlay	0.1569
imperium	0.1565
ipse	0.1564
interdict	0.1563
iguana	0.1563
instigating	0.1562
imminence	0.1562
inheritors	0.1560
inconsolable	0.1556
Imre	0.1551
innovating	0.1551
imprisoning	0.1550
immaculately	0.1543
instrumentally	0.1543
inculcating	0.1542
i4	0.1539
indisposition	0.1534
inured	0.1533
improbability	0.1533
initializes	0.1533
irked	0.1532
interactionist	0.1522
invalidation	0.1520
IQs	0.1519
indi	0.1517
implantable	0.1512
intraperitoneal	0.1512
Inga	0.1510
iconoclasm	0.1505
internalised	0.1503
Investigaciones	0.1499
imbecility	0.1492
insomuch	0.1490
informations	0.1486
indisposed	0.1486
indirection	0.1479
interlock	0.1477
instrumentalities	0.1475
immutability	0.1475
irrigating	0.1474
idealize	0.1470
Innis	0.1469
industriously	0.1467
inquiringly	0.1467
intrudes	0.1465
indepth	0.1464
irritations	0.1461
ilia	0.1457
imperiled	0.1455
indoctrinated	0.1452
inquirers	0.1447
inscribing	0.1447
imbibe	0.1445
incompatibilities	0.1444
imprimatur	0.1444
impresario	0.1443
initializing	0.1442
incubating	0.1442
inspects	0.1440
informa	0.1436
impinged	0.1435
iniquitous	0.1434
intermarried	0.1432
interpolations	0.1432
intimating	0.1428
Italo	0.1428
insidiously	0.1424
interconnects	0.1422
incubators	0.1422
imitator	0.1419
ization	0.1416
inducer	0.1412
impulsiveness	0.1411
immoderate	0.1408
immobilize	0.1404
Impressionists	0.1402
idiosyncrasy	0.1401
inhere	0.1396
institutionalizing	0.1392
investigatory	0.1392
inconstant	0.1380
instrumentalists	0.1379
irretrievable	0.1377
init	0.1375
impounded	0.1373
importunate	0.1373
infuses	0.1373
insularity	0.1370
imperturbable	0.1369
inculcation	0.1364
incumbency	0.1363
Iglesias	0.1361
irresolute	0.1358
idlers	0.1356
integrations	0.1354
impish	0.1353
incapacitation	0.1353
Ishida	0.1352
inglorious	0.1344
impersonality	0.1343
integrators	0.1342
inheres	0.1341
injects	0.1336
initiatory	0.1336
ibis	0.1328
irritates	0.1327
inscribes	0.1324
Italianate	0.1311
indigestible	0.1311
inexpensively	0.1306
interceded	0.1304
improbably	0.1304
impossibilities	0.1303
incongruities	0.1299
intolerably	0.1298
incriminate	0.1298
impugned	0.1293
injudicious	0.1292
imperiously	0.1291
ineluctable	0.1291
icicles	0.1288
ized	0.1285
instantiations	0.1284
itched	0.1281
Indias	0.1276
interloper	0.1275
insanely	0.1268
indubitably	0.1267
indecipherable	0.1267
incognito	0.1267
infringes	0.1265
irreparably	0.1262
irregulars	0.1257
i6	0.1257
Ilan	0.1250
implementers	0.1249
illusive	0.1247
Itoh	0.1244
ive	0.1243
incinerated	0.1242
ignites	0.1242
instrumented	0.1241
interactionism	0.1241
inhomogeneity	0.1236
IOM	0.1236
interpolating	0.1234
interpolate	0.1233
individualists	0.1233
interoperable	0.1232
implanting	0.1231
invigorate	0.1231
infield	0.1230
ingratiate	0.1230
Idris	0.1229
interregnum	0.1227
iUniverse	0.1222
inopportune	0.1222
invincibility	0.1221
impersonating	0.1221
IMA	0.1221
inheritor	0.1220
impersonate	0.1218
instigators	0.1217
irreproachable	0.1216
incites	0.1215
incisor	0.1212
interlopers	0.1209
inadvisable	0.1206
impliedly	0.1205
imposter	0.1205
impostors	0.1203
inaugurating	0.1201
imperil	0.1200
introversion	0.1196
innovativeness	0.1195
INTRODUCTI	0.1192
interorganizational	0.1192
illiterates	0.1191
ITV	0.1191
immolation	0.1188
idler	0.1188
interrelatedness	0.1185
interlacing	0.1183
Isa.	0.1183
indulgently	0.1181
interchangeability	0.1180
illimitable	0.1179
inappropriateness	0.1177
interventionism	0.1176
ifyou	0.1176
ingratiating	0.1175
Interpol	0.1174
intertemporal	0.1173
inedible	0.1172
inefficiently	0.1168
inventoried	0.1168
Ishtar	0.1167
interlibrary	0.1164
Imai	0.1162
idealizing	0.1161
insurgencies	0.1159
interfaced	0.1157
irremediable	0.1157
inhomogeneities	0.1156
ius	0.1151
ideologue	0.1150
infantryman	0.1150
instantiates	0.1149
illumine	0.1148
irreducibly	0.1147
immodest	0.1147
Imprimerie	0.1147
Ivey	0.1144
ineradicable	0.1139
IW	0.1138
instantiating	0.1137
intuited	0.1137
incognita	0.1136
Isaacson	0.1135
itis	0.1133
isosceles	0.1132
Intemational	0.1131
infill	0.1130
ite	0.1129
Iscariot	0.1125
isms	0.1123
imbalanced	0.1122
incoherently	0.1121
inexpressibly	0.1120
indescribably	0.1119
ior	0.1118
indie	0.1117
invalidates	0.1117
imputing	0.1114
isn	0.1112
impalpable	0.1106
impelling	0.1101
imprecations	0.1094
i7	0.1093
influenzae	0.1090
interjections	0.1088
invulnerability	0.1086
incapacitating	0.1083
incongruously	0.1082
interrogates	0.1081
inconstancy	0.1081
irruption	0.1079
Idi	0.1076
ifI	0.1076
intercollegiate	0.1076
inoculate	0.1074
IFC	0.1072
infinitude	0.1071
impetuously	0.1071
infest	0.1068
inseparability	0.1068
ignominiously	0.1060
impassively	0.1058
internist	0.1056
interjection	0.1055
instrumentalism	0.1051
inde	0.1050
ily	0.1049
indissolubly	0.1047
ICM	0.1044
itemize	0.1040
inservice	0.1038
ignorantly	0.1036
intuit	0.1034
interdepartmental	0.1032
interject	0.1028
inconvenienced	0.1023
individualize	0.1023
Irom	0.1021
integrationist	0.1021
I.G.	0.1021
Istvan	0.1019
Issa	0.1018
Ignatieff	0.1017
intertwine	0.1016
indivisibility	0.1014
indistinctly	0.1012
i8	0.1012
identi	0.1011
interrelate	0.1009
iam	0.1007
incinerators	0.1005
intelligibly	0.1004
Ivanhoe	0.1001
internals	0.09947
interferometer	0.09915
isopropyl	0.09877
inbuilt	0.09871
improvident	0.09849
introvert	0.09807
incompetency	0.09776
insubordinate	0.09772
instep	0.09745
indicia	0.09727
invectives	0.09688
intoxicants	0.09648
intermingle	0.09646
insinuates	0.09645
ironwork	0.09631
implores	0.09617
icebox	0.09614
it.1	0.09600
inactivating	0.09592
indiscipline	0.09581
Indy	0.09580
idled	0.09563
I.S.	0.09560
incontinent	0.09547
incommensurate	0.09546
iz	0.09543
innkeepers	0.09511
interminably	0.09504
impugn	0.09492
imbibing	0.09435
interspecific	0.09408
importante	0.09404
IETF	0.09387
impor	0.09387
immunize	0.09360
intercessor	0.09342
I.C.	0.09335
improprieties	0.09331
Internationales	0.09312
Islamization	0.09307
icily	0.09289
immunofluorescence	0.09279
immigrating	0.09242
immunoassay	0.09187
inputting	0.09156
impolitic	0.09112
internalisation	0.09080
infidelities	0.09075
inquisitiveness	0.09070
indigence	0.09023
inoculations	0.09020
impoverish	0.09019
irresponsibly	0.08999
Ingraham	0.08991
intonations	0.08970
iterating	0.08945
I.R.	0.08939
inclusivity	0.08932
ished	0.08903
internationalized	0.08900
ingot	0.08898
indium	0.08870
Iversen	0.08856
introns	0.08854
inbox	0.08852
inauthenticity	0.08839
IVs	0.08833
irresolvable	0.08829
inactivates	0.08828
inessential	0.08828
interposing	0.08816
indecisiveness	0.08800
intermarry	0.08794
insolently	0.08784
Ismael	0.08732
imagistic	0.08731
inhouse	0.08717
incongruence	0.08708
instillation	0.08704
indelicate	0.08649
ineluctably	0.08621
ingly	0.08604
interlocutory	0.08604
indispensability	0.08593
imperatively	0.08591
iti	0.08590
inelegant	0.08578
importunity	0.08553
ioo	0.08518
interna	0.08486
iterates	0.08458
Ibarra	0.08450
immunosorbent	0.08433
inheritable	0.08425
impecunious	0.08409
intramuscularly	0.08399
instills	0.08364
immobilizing	0.08316
indiscernible	0.08297
intractability	0.08289
intrusiveness	0.08287
ille	0.08257
inaugurates	0.08247
IDC	0.08245
I.J.	0.08236
interbreeding	0.08190
impersonator	0.08165
infarcts	0.08130
i9	0.08127
I.A.	0.08125
impregnate	0.08113
irresolution	0.08109
imbues	0.08057
intracerebral	0.08030
illumines	0.08029
invitingly	0.08007
infinitives	0.07998
IIl	0.07962
interweave	0.07950
ineffectually	0.07909
imploded	0.07896
IFN	0.07872
interchanging	0.07846
Indexer	0.07836
imputations	0.07823
industriousness	0.07820
isoelectric	0.07820
infinitesimally	0.07809
insouciance	0.07807
irredeemable	0.07802
instanced	0.07763
implacably	0.07743
immunohistochemistry	0.07677
inhales	0.07674
insurrectionary	0.07584
invitees	0.07581
idealizations	0.07561
installers	0.07560
insulates	0.07536
imbeciles	0.07520
intrepidity	0.07506
iconoclast	0.07502
I11	0.07502
invasiveness	0.07494
I.Q.	0.07480
incapacitate	0.07461
insightfully	0.07445
ii.	0.07444
incautious	0.07432
inducers	0.07428
inboard	0.07421
ipsum	0.07417
incomprehensibility	0.07411
intercalated	0.07409
inconspicuously	0.07409
irredeemably	0.07396
indoctrinate	0.07377
illusionary	0.07375
impersonally	0.07369
indemnities	0.07349
ineffectively	0.07348
ihrem	0.07341
imps	0.07334
interpenetrating	0.07325
interceding	0.07323
imbroglio	0.07315
importations	0.07274
impotency	0.07274
irrecoverable	0.07254
I.B.	0.07244
incubus	0.07239
ilium	0.07214
inveighed	0.07214
inductions	0.07209
intertribal	0.07202
implode	0.07168
insensate	0.07167
individualizing	0.07165
intercessory	0.07137
interpersonally	0.07120
intergalactic	0.07079
invoicing	0.07067
indigenes	0.07067
intron	0.07056
infrequency	0.06990
immunotherapy	0.06983
imperilled	0.06967
inconveniently	0.06959
impersonated	0.06954
ial	0.06943
imbuing	0.06903
inflaming	0.06896
innuendoes	0.06842
imputes	0.06831
ied	0.06827
isotherm	0.06802
iPods	0.06793
ists	0.06790
inflates	0.06789
illicitly	0.06781
imponderable	0.06727
industrialize	0.06709
ited	0.06707
intoning	0.06693
IEE	0.06684
inexpedient	0.06655
imminently	0.06629
internalise	0.06621
innovated	0.06612
inebriation	0.06610
impoverishing	0.06595
infuriate	0.06588
incarnates	0.06586
intellectuality	0.06508
immortalize	0.06496
intercedes	0.06464
initialed	0.06459
incommunicable	0.06420
ife	0.06410
internalizes	0.06408
inconceivably	0.06398
impasses	0.06392
it.2	0.06346
ities	0.06320
imploringly	0.06300
interpellation	0.06298
incurably	0.06284
Insel	0.06284
inclusively	0.06254
I'll	0.06239
incivility	0.06233
interconnectivity	0.06232
intones	0.06228
ignoramus	0.06221
immuno	0.06205
infor	0.06194
irreligion	0.06193
impregnating	0.06192
inundate	0.06175
imbricated	0.06147
interdisciplinarity	0.06146
inquisitively	0.06119
Inigo	0.06109
inspiratory	0.06066
interjects	0.06062
iPhone	0.06054
insignificantly	0.06045
irremediably	0.06036
idealisation	0.06025
imposts	0.06001
inadvertence	0.05996
infectivity	0.05990
internees	0.05990
illegitimately	0.05980
intermixture	0.05921
Imogen	0.05918
iter	0.05906
impenetrability	0.05897
interdicted	0.05892
imprisons	0.05891
infiltrators	0.05850
imprudently	0.05843
igloo	0.05833
Ingo	0.05824
immobilised	0.05787
incriminated	0.05770
insets	0.05743
implausibly	0.05727
ise	0.05709
ight	0.05687
implausibility	0.05676
inclus	0.05624
Ivar	0.05621
iy	0.05609
inclosure	0.05601
immured	0.05575
irreducibility	0.05568
inkjet	0.05540
incommunicado	0.05537
inroad	0.05537
instandy	0.05533
indefiniteness	0.05500
impound	0.05489
Isadora	0.05483
indemnified	0.05482
icicle	0.05478
individualities	0.05474
indicting	0.05458
incl	0.05443
Ionia	0.05436
importunities	0.05399
INR	0.05379
immersive	0.05368
impulsion	0.05352
Ingmar	0.05344
Infante	0.05332
icebreaker	0.05306
incrementing	0.05296
incontestably	0.05268
itches	0.05205
illiquid	0.05204
indents	0.05183
interrogatory	0.05153
inoculating	0.05147
infarctions	0.05125
incompetents	0.05124
imprim√©s	0.05112
inculcates	0.05111
inaudibly	0.05103
instigates	0.05092
indicts	0.05090
incarcerate	0.05087
interweaves	0.05079
idealizes	0.05078
ineptness	0.05067
IRR	0.05046
impressiveness	0.05023
interleaving	0.04937
it.3	0.04937
insouciant	0.04934
infamously	0.04931
immerses	0.04912
inertness	0.04911
igitur	0.04899
incendiaries	0.04894
interdenominational	0.04890
independency	0.04889
ier	0.04863
intone	0.04855
impracticality	0.04836
immunoreactivity	0.04818
interphase	0.04815
inattentiveness	0.04813
ides	0.04806
inextinguishable	0.04785
interpenetrate	0.04773
Italie	0.04764
imprecisely	0.04760
Iyengar	0.04747
it.4	0.04744
ically	0.04709
incandescence	0.04705
intercommunication	0.04701
ideo	0.04694
interlace	0.04668
Iphigenia	0.04654
ili	0.04641
importuned	0.04595
idolize	0.04591
immortalised	0.04581
irreverently	0.04576
impersonations	0.04548
intermarriages	0.04520
indorsed	0.04518
I'histoire	0.04510
inte	0.04508
Instituts	0.04500
inkwell	0.04496
I've	0.04486
inchief	0.04483
inoculum	0.04477
Ital	0.04472
integrin	0.04467
integument	0.04459
incomprehensibly	0.04443
insurances	0.04425
indispensably	0.04353
Ishihara	0.04348
ingenuously	0.04305
impaling	0.04292
impassible	0.04274
identifiably	0.04271
inlays	0.04260
illogic	0.04254
ible	0.04243
impracticability	0.04239
implementable	0.04223
impudently	0.04175
Ivanovich	0.04173
immoveable	0.04161
incorrectness	0.04160
I.H.	0.04150
illogically	0.04149
irradiating	0.04131
iconoclasts	0.04122
immunologically	0.04121
inspite	0.04113
Iwas	0.04092
incidentals	0.04083
ime	0.04070
indecorous	0.04043
imprisonments	0.04041
intrenched	0.04039
inanity	0.04034
impale	0.04033
impost	0.03997
Injun	0.03995
intima	0.03949
intension	0.03936
iri	0.03928
Ibo	0.03918
Isham	0.03912
Internationa	0.03908
inkstand	0.03899
impenitent	0.03884
indorsement	0.03883
intercessions	0.03820
innuendos	0.03795
Irvington	0.03790
inflammations	0.03755
intragroup	0.03753
inflect	0.03744
infesting	0.03718
illegals	0.03717
injectors	0.03715
incisively	0.03675
insufficiencies	0.03675
irritatingly	0.03663
ingenue	0.03630
indentures	0.03626
Instituut	0.03612
IIT	0.03600
induct	0.03598
injuriously	0.03597
intermixing	0.03593
inundating	0.03573
imprecation	0.03570
inclose	0.03570
insula	0.03563
inscrutability	0.03558
Islami	0.03550
ibi	0.03535
ihc	0.03531
ize	0.03528
inflames	0.03528
immoderately	0.03510
imposters	0.03469
ideologists	0.03460
internationalists	0.03456
inundations	0.03450
Iwata	0.03433
inhabitable	0.03422
IstBooks	0.03412
institutionalist	0.03402
isthe	0.03396
indecently	0.03393
incautiously	0.03393
indeterminable	0.03373
idolater	0.03358
inharmonious	0.03350
inking	0.03306
imbrication	0.03292
insufferably	0.03288
immodesty	0.03277
indefatigably	0.03275
ick	0.03275
incontrovertibly	0.03245
inure	0.03205
interindividual	0.03187
imploding	0.03183
ingrate	0.03166
it.5	0.03154
irrelevancy	0.03154
inefficacy	0.03147
indispensible	0.03139
inspirer	0.03111
intoxicate	0.03100
ingenuousness	0.03097
iii.	0.03090
Irian	0.03076
Itasca	0.03060
isotherms	0.03044
immolated	0.03027
intimidates	0.03026
iden	0.03020
indefeasible	0.03016
individu	0.02995
imaginaries	0.02991
inclosing	0.02986
interposes	0.02970
individuate	0.02969
Ivoire	0.02967
I00	0.02963
IIB	0.02963
interjecting	0.02950
Invitrogen	0.02934
inbetween	0.02929
incapability	0.02925
idiosyncracies	0.02924
imager	0.02924
intrenchments	0.02910
intendant	0.02908
includ	0.02886
irst	0.02866
I.L.	0.02863
incalculably	0.02860
impugning	0.02860
iridescence	0.02834
ince	0.02829
improvidence	0.02829
interoperate	0.02822
inhering	0.02779
internationalize	0.02775
inveigled	0.02755
index.php	0.02744
indenting	0.02736
inflexibly	0.02704
ifthe	0.02699
ingests	0.02692
irrefutably	0.02673
intrust	0.02668
innovatively	0.02666
innervate	0.02664
interlinking	0.02647
inexpert	0.02640
IMC	0.02635
inhumanly	0.02634
indurated	0.02628
iridium	0.02623
infomercials	0.02591
influ	0.02579
it.6	0.02571
it.7	0.02562
influencers	0.02541
irrefragable	0.02539
incontinently	0.02524
irrationalism	0.02512
immovably	0.02509
indigenously	0.02506
immunosuppressed	0.02459
iffy	0.02441
I.I	0.02439
invoiced	0.02416
Ichikawa	0.02392
invalided	0.02384
Ingres	0.02377
interspecies	0.02347
intentness	0.02324
impishly	0.02321
impotently	0.02286
intubated	0.02274
insultingly	0.02263
inferentially	0.02232
Internazionale	0.02232
IDG	0.02225
irradiate	0.02223
irradiance	0.02212
indirectness	0.02211
inactions	0.02203
Infanta	0.02203
inhalers	0.02196
illi	0.02184
Invalides	0.02181
insomniac	0.02170
Injuns	0.02167
institu	0.02164
intracellularly	0.02150
individuating	0.02145
ington	0.02132
isto	0.02122
internationalen	0.02120
ingratiated	0.02119
illud	0.02105
individualisation	0.02104
Ibanez	0.02090
imipramine	0.02089
incitements	0.02087
ious	0.02085
impressment	0.02067
innovatory	0.02065
invigorates	0.02050
individ	0.02030
ineffably	0.02027
intermissions	0.02010
ironworks	0.01990
I'se	0.01987
inspiriting	0.01979
interspersing	0.01971
itwas	0.01962
ingrown	0.01953
infuriates	0.01937
it.8	0.01929
id√©e	0.01918
inclemency	0.01915
imperturbably	0.01913
Ichabod	0.01906
inquisitions	0.01905
incinerate	0.01901
inten	0.01884
Isocrates	0.01872
inartistic	0.01870
intellectualized	0.01868
I'd	0.01860
incumbrance	0.01845
intensest	0.01819
impatiendy	0.01813
immateriality	0.01798
ition	0.01790
irresolutely	0.01786
indorse	0.01782
inconsequent	0.01769
icecream	0.01766
intime	0.01739
ISC	0.01702
index.cfm	0.01694
interreligious	0.01692
induration	0.01686
indolently	0.01686
impedimenta	0.01666
incl.	0.01659
indomethacin	0.01647
istic	0.01640
ineffaceable	0.01634
ILLUSTRATI	0.01628
ivories	0.01622
Icelanders	0.01607
intercessors	0.01606
indoctrinating	0.01603
Italien	0.01603
interrogatively	0.01592
infinities	0.01579
irrelevantly	0.01579
Idylls	0.01576
ironclads	0.01566
Indiaman	0.01561
intertidal	0.01557
Izaak	0.01540
inexpressive	0.01535
intriguer	0.01527
intertwines	0.01524
illis	0.01516
incumbrances	0.01512
inhabitation	0.01508
immunisation	0.01502
Isenberg	0.01469
impoverishes	0.01460
Istria	0.01441
Isola	0.01439
Inouye	0.01438
Israelitish	0.01428
inerrancy	0.01416
immiscible	0.01411
ipsius	0.01408
inconsequence	0.01400
insatiate	0.01395
incurious	0.01385
incarnating	0.01380
indictable	0.01380
ised	0.01373
ipsi	0.01367
imaginaire	0.01366
Ingeborg	0.01360
Ironside	0.01359
idiosyncratically	0.01359
Isaak	0.01349
innocency	0.01349
imperio	0.01349
Ironsides	0.01341
I995	0.01334
indestructibility	0.01332
inferiorly	0.01331
impersonators	0.01329
insecurely	0.01328
ication	0.01320
idees	0.01314
iny	0.01289
Imperator	0.01286
iuto	0.01281
is't	0.01279
ican	0.01267
indiscreetly	0.01265
incorruptibility	0.01265
idolatries	0.01264
illo	0.01264
intellection	0.01257
infantine	0.01251
interiorly	0.01246
ista	0.01239
ineptly	0.01226
Ihave	0.01207
ironstone	0.01192
imponderables	0.01179
immutably	0.01175
ideale	0.01169
ihey	0.01169
illius	0.01147
iin	0.01144
Issachar	0.01141
Illyria	0.01138
importune	0.01135
ioth	0.01129
isn't	0.01126
IKEA	0.01121
indistinctness	0.01121
ilex	0.01113
inflexion	0.01110
inapplicability	0.01109
Ickes	0.01103
incorrigibly	0.01101
Impala	0.01095
insectivorous	0.01091
introducer	0.01091
incorruption	0.01083
incrustation	0.01083
indelicacy	0.01074
inclosures	0.01072
immoralities	0.01067
ionize	0.01060
ithout	0.01053
intenser	0.01047
icky	0.01045
Isfahan	0.01038
intituled	0.01027
inveigh	0.01019
infernally	0.01017
ibe	0.01014
idiotically	0.01009
I.1	0.009958
intercity	0.009921
incrusted	0.009913
isinglass	0.009870
immorally	0.009821
irrecoverably	0.009812
impressible	0.009811
ioi	0.009798
impostures	0.009791
injudiciously	0.009767
inanition	0.009753
impeaching	0.009731
inappreciable	0.009646
inconsiderately	0.009614
illuminator	0.009603
illy	0.009495
incommoded	0.009466
Iwasaki	0.009432
insanitary	0.009374
inflictions	0.009362
infact	0.009295
Irishwoman	0.009282
influentially	0.009250
interestedly	0.009187
intriguers	0.009042
indiarubber	0.008999
idyl	0.008932
inquietude	0.008905
indited	0.008885
indole	0.008866
inrush	0.008833
intersperse	0.008784
inhalations	0.008783
ivas	0.008745
integuments	0.008736
Iglesia	0.008725
intreat	0.008674
index.asp	0.008597
intirely	0.008584
inebriate	0.008498
improbabilities	0.008492
inquests	0.008355
intermeddle	0.008348
importuning	0.008339
iew	0.008337
itl	0.008287
imple	0.008285
ignis	0.008245
indite	0.008233
IIP	0.008227
interments	0.008220
insipidity	0.008202
ipsis	0.008175
inebriety	0.008106
ingathering	0.008105
instated	0.008068
it.9	0.008022
inly	0.007982
improver	0.007894
impiously	0.007856
Informe	0.007852
ingloriously	0.007845
impolicy	0.007809
intuitional	0.007787
inutility	0.007756
impertinently	0.007672
inveighing	0.007527
it.The	0.007522
Italiens	0.007459
interceptor	0.007455
instructress	0.007454
inviolably	0.007437
Ishmaelites	0.007428
insolubility	0.007318
ico	0.007286
interpositions	0.007280
iver	0.007268
italicised	0.007266
ibidem	0.007262
inflexions	0.007259
ites	0.007228
inveigle	0.007217
iv.	0.007197
intreated	0.007183
imperiousness	0.007093
improvers	0.007078
indignandy	0.007050
ivith	0.007022
intermeddling	0.006977
irt	0.006941
imperturbability	0.006932
ither	0.006925
interspaces	0.006896
inaptly	0.006844
idolised	0.006824
ignobly	0.006821
ivied	0.006810
ironmonger	0.006784
inimitably	0.006774
inapt	0.006766
independendy	0.006756
infelicity	0.006729
invalidism	0.006694
irruptions	0.006536
Introd	0.006534
irrespectively	0.006489
intermitted	0.006474
incrustations	0.006463
imputable	0.006456
infelicitous	0.006440
itinerants	0.006406
illumining	0.006364
inarch	0.006359
Izumi	0.006330
iEschylus	0.006278
impenitence	0.006261
irreconcileable	0.006236
irremovable	0.006227
immolate	0.006215
indrawn	0.006211
intrench	0.006189
incommode	0.006157
Ignace	0.006144
impertinences	0.006092
inefficacious	0.006034
instanter	0.006029
incertitude	0.006025
inebriates	0.006023
imbibes	0.005987
idlest	0.005933
interfused	0.005917
irascibility	0.005886
incendiarism	0.005854
impenetrably	0.005845
intermarrying	0.005843
illuminative	0.005809
in't	0.005805
incapacities	0.005793
impended	0.005758
indecorum	0.005755
intermix	0.005746
indemnifying	0.005729
impassivity	0.005704
invincibly	0.005686
irreclaimable	0.005677
invigoration	0.005670
ined	0.005659
inanities	0.005627
infests	0.005564
inexcusably	0.005551
insbesondere	0.005522
intermedia	0.005520
institutionalise	0.005508
isopropanol	0.005448
intoxicant	0.005423
imperviousness	0.005405
interne	0.005353
inaptitude	0.005333
Isthmian	0.005297
intaglio	0.005291
inarticulately	0.005271
inscrutably	0.005234
incased	0.005226
inevitableness	0.005203
ingrafted	0.005196
influxes	0.005185
irreconcilably	0.005154
inspirited	0.005154
instru	0.005154
incessandy	0.005145
intendy	0.005131
invidiously	0.005131
incarcerating	0.005122
inexpediency	0.005107
irrepressibly	0.005091
intrusting	0.005078
infelicities	0.005057
Indes	0.005055
interpenetrated	0.005012
immensities	0.004988
indecencies	0.004945
illam	0.004945
infamies	0.004909
Ivry	0.004905
insinuatingly	0.004900
intoxicates	0.004875
instructively	0.004871
inveighs	0.004862
igh	0.004831
iooo	0.004801
Ispahan	0.004772
ibr	0.004721
ignoramuses	0.004709
imperii	0.004698
interdicting	0.004673
illfated	0.004651
inhospitality	0.004637
irks	0.004575
iiii	0.004575
interlarded	0.004557
impres	0.004442
importunately	0.004352
inlaws	0.004326
imperils	0.004258
inclemencies	0.004256
inconsolably	0.004238
ihem	0.004234
indistinguishably	0.004213
increas	0.004179
impregnates	0.004141
iste	0.004132
inanely	0.004115
imperilling	0.004108
ingle	0.004096
inconclusively	0.004068
incisiveness	0.004031
inflowing	0.004031
inexhaustibly	0.003969
insatiably	0.003958
inopportunely	0.003949
impounding	0.003811
immunizing	0.003766
Iwill	0.003657
imme	0.003526
Ixion	0.003477
isnot	0.003354
imo	0.003304
itf	0.003244
iat	0.003197
injuria	0.003181
increaseth	0.003156
iar	0.003136
irk	0.003068
ift	0.003039
indirecdy	0.002974
intermitting	0.002932
ifl	0.002894
inti	0.002893
inwrought	0.002765
ihat	0.002759
instal	0.002597
irksomeness	0.002509
iind	0.002487
immedi	0.002463
instruc	0.002456
inventorying	0.002453
imi	0.002417
it's	0.002408
innercity	0.002402
ino	0.002386
inditing	0.002366
insti	0.002328
indifferendy	0.002316
in1	0.002316
idolizing	0.002296
iot	0.002296
inwoven	0.002292
impos	0.002280
intelli	0.002270
it1	0.002270
incon	0.002260
innocendy	0.002227
it3	0.002224
itj	0.002200
incapacitates	0.002157
iven	0.002115
iheir	0.002097
iog	0.002032
inno	0.002016
indiscriminating	0.001908
