good	255.9
get	215.7
God	196.7
great	196.3
go	189.0
general	165.7
government	158.4
given	155.7
group	153.3
going	134.8
give	124.4
got	104.6
groups	85.59
growth	71.65
gave	71.21
greater	64.04
ground	60.73
generally	60.00
G.	49.41
getting	48.66
German	46.53
gone	43.89
global	43.76
green	43.48
George	42.56
girl	42.48
game	39.54
gives	38.83
giving	38.63
g	36.98
growing	35.53
goods	33.05
Germany	32.93
goes	32.86
gender	32.07
girls	31.05
gold	30.73
goal	30.49
glass	30.33
gas	30.21
generation	29.35
gain	28.87
guide	28.17
goals	27.30
greatest	23.81
garden	23.24
Greek	22.99
grow	22.13
grand	21.75
grew	21.20
gene	20.87
grant	20.68
grace	19.27
gets	19.27
governments	19.26
governor	18.14
generated	17.86
genetic	17.83
gift	17.50
games	17.29
guy	17.25
grown	17.23
gray	16.90
granted	16.75
grade	16.35
guess	16.35
guard	16.11
gun	16.11
greatly	15.59
golden	15.22
gradually	15.10
grounds	14.97
guidelines	14.59
gate	13.83
gap	13.82
gained	13.59
glad	13.35
gods	13.25
gay	13.15
genes	13.14
generate	12.96
grass	12.96
gathered	12.75
glory	11.95
gospel	11.77
gross	11.67
guidance	11.58
grain	11.26
grave	10.96
guilty	10.80
generations	10.75
governance	10.65
gaze	10.31
guns	10.27
graduate	10.27
gently	9.978
gifts	9.951
guys	9.756
genuine	9.478
gains	9.412
gathering	9.357
gentleman	9.154
giant	8.901
Georgia	8.874
Germans	8.809
gentle	8.757
guests	8.749
graph	8.705
grey	8.646
glance	8.620
guarantee	8.510
guilt	8.436
gallery	8.381
glanced	8.368
Gulf	8.009
grateful	7.919
globalization	7.897
guest	7.852
guided	7.835
Gordon	7.756
grief	7.746
gather	7.742
Greece	7.710
gates	7.673
governing	7.660
gardens	7.603
grid	7.544
genius	7.425
grandfather	7.307
geography	7.195
gotten	7.156
gravity	7.154
grandmother	7.123
grammar	7.106
GDP	7.043
grabbed	7.035
geographical	7.023
generous	7.004
governmental	6.976
grasp	6.889
guards	6.850
grants	6.744
generic	6.743
glucose	6.742
gentlemen	6.624
ghost	6.614
glasses	6.529
grows	6.504
genre	6.495
gesture	6.371
Graham	6.271
geometry	6.088
generating	6.042
goodness	5.998
globe	5.979
governed	5.978
geographic	5.905
grades	5.873
golf	5.694
graphic	5.682
gang	5.580
guides	5.484
gear	5.386
Genesis	5.317
goddess	5.310
Gary	5.302
guardian	5.291
gradient	5.277
glorious	5.270
graphics	5.192
gaining	5.183
gradual	5.177
guaranteed	5.171
grip	5.081
gratitude	5.072
Gregory	5.029
generalized	4.956
Greeks	4.794
gonna	4.649
Geneva	4.611
grounded	4.561
gases	4.527
grains	4.450
gaps	4.338
Gilbert	4.262
generates	4.076
govern	4.053
genome	4.037
genetics	4.034
Gen.	4.017
greeted	3.998
guinea	3.990
gel	3.944
grove	3.936
guiding	3.902
gauge	3.882
glow	3.877
glimpse	3.757
graduated	3.751
gambling	3.750
gestures	3.745
graves	3.732
garage	3.686
grab	3.681
Gandhi	3.676
geological	3.660
guarantees	3.617
grinned	3.605
GA	3.603
gland	3.482
geometric	3.472
garrison	3.455
grin	3.450
garlic	3.441
granting	3.431
gloves	3.408
generator	3.402
Gabriel	3.402
gifted	3.369
graduates	3.317
gazed	3.261
guitar	3.248
Gothic	3.239
gut	3.162
graphs	3.143
Gerald	3.138
gateway	3.135
generals	3.112
governors	3.093
grouped	3.078
gravel	3.074
gram	3.021
genuinely	3.008
grammatical	2.983
glands	2.966
GM	2.964
guessed	2.950
Garcia	2.946
garbage	2.915
grim	2.910
greatness	2.875
grouping	2.872
gossip	2.868
gown	2.860
genus	2.842
gastric	2.841
genocide	2.828
groundwater	2.817
goat	2.805
generosity	2.804
Gibson	2.788
Greg	2.776
graft	2.764
grandparents	2.759
girlfriend	2.758
ghosts	2.737
greeting	2.734
gastrointestinal	2.715
genres	2.712
guarded	2.706
Glasgow	2.696
grazing	2.692
Greene	2.689
glue	2.672
glowing	2.618
gasoline	2.617
garment	2.613
Grandma	2.599
graduation	2.596
grocery	2.580
gamma	2.577
greenhouse	2.574
Grande	2.571
garments	2.570
grasped	2.552
goodbye	2.546
geology	2.545
granite	2.531
giants	2.517
gendered	2.510
Gore	2.509
graphical	2.497
genetically	2.493
GE	2.491
gazing	2.491
gracious	2.482
Gardner	2.480
guru	2.448
Geoffrey	2.421
greed	2.417
goodwill	2.408
ginger	2.390
Gazette	2.379
glossary	2.377
graceful	2.353
Gen	2.352
Ghana	2.337
grandchildren	2.327
generalization	2.317
Giovanni	2.266
grandson	2.261
Gospels	2.261
grams	2.240
greet	2.239
grapes	2.230
gasped	2.227
gum	2.146
Guatemala	2.137
Gloria	2.126
grinding	2.105
Goethe	2.097
gigantic	2.083
GI	2.059
glancing	2.054
goats	2.048
globalisation	2.046
galleries	2.042
Goodman	2.039
gangs	2.034
gloom	2.024
gloomy	2.022
Gaussian	2.020
gorgeous	2.011
guild	2.002
germ	1.980
gale	1.980
Gould	1.968
Griffin	1.961
ghetto	1.958
gym	1.949
goose	1.949
galaxy	1.913
greens	1.906
globally	1.896
GIS	1.885
gladly	1.884
Glen	1.880
groom	1.879
gotta	1.868
Glenn	1.857
Greenwood	1.852
gravitational	1.852
GPS	1.849
Gill	1.844
guerrilla	1.842
guardians	1.827
glare	1.823
Georges	1.810
grasping	1.797
grievances	1.790
gripped	1.770
genital	1.769
Garland	1.759
grasses	1.758
Gentiles	1.753
gamble	1.724
garde	1.714
grape	1.712
Google	1.695
gait	1.688
grandeur	1.679
Galileo	1.672
genealogy	1.663
guise	1.649
Gerard	1.648
grassroots	1.646
Genet	1.639
grading	1.637
geometrical	1.636
GATT	1.630
greedy	1.628
groaned	1.627
Goldberg	1.622
Grandpa	1.619
Goldman	1.615
geographically	1.598
gallant	1.596
Georg	1.592
guideline	1.589
groove	1.581
grill	1.575
glances	1.570
Gonzalez	1.561
glacier	1.561
galaxies	1.549
Geschichte	1.549
grinning	1.536
groupings	1.532
gal	1.529
Giles	1.523
grease	1.516
gratification	1.515
gardening	1.514
grotesque	1.513
glared	1.511
grounding	1.511
glove	1.509
grabbing	1.508
Garrett	1.503
generators	1.492
gentry	1.485
Greenberg	1.480
Griffith	1.474
genera	1.470
gradients	1.468
gatherings	1.467
generalizations	1.463
generously	1.456
graded	1.447
GC	1.438
gallons	1.429
geared	1.425
Goldstein	1.424
gardener	1.418
gleaming	1.415
guarding	1.414
Greenwich	1.413
Gertrude	1.411
glacial	1.405
Gentile	1.405
glittering	1.396
gallon	1.389
groves	1.387
growled	1.380
Gibbs	1.375
gaming	1.375
GP	1.371
gravely	1.360
growers	1.356
genomic	1.322
Gupta	1.321
gin	1.319
Guilford	1.312
Gladstone	1.312
governs	1.312
glaring	1.297
goin	1.291
Gorbachev	1.287
gypsy	1.271
Germanic	1.251
godly	1.231
greetings	1.227
Gail	1.227
gorge	1.217
graduating	1.216
gem	1.214
gestured	1.209
GR	1.208
guessing	1.192
Gaza	1.190
Gil	1.184
GL	1.180
gestation	1.178
grating	1.176
grained	1.169
Greenland	1.169
gilded	1.158
Georgian	1.143
grieving	1.142
geese	1.138
graphically	1.136
Georgetown	1.130
gleam	1.129
Galilee	1.127
gratefully	1.126
Gina	1.122
generality	1.118
grossly	1.109
Gomez	1.106
grind	1.102
gloss	1.097
Goldsmith	1.097
generative	1.091
grievance	1.089
guts	1.089
Gloucester	1.088
Gaelic	1.086
gage	1.084
Gideon	1.084
GUI	1.083
granular	1.080
gall	1.076
Gujarat	1.073
glossy	1.068
GHz	1.065
glimpses	1.065
Gus	1.064
Gerry	1.063
geo	1.063
generational	1.058
genotype	1.057
goddesses	1.055
gems	1.054
garner	1.050
granddaughter	1.048
groan	1.048
grassy	1.042
gays	1.042
gears	1.039
gaseous	1.037
glazed	1.036
genealogical	1.035
Goodwin	1.028
gracefully	1.025
gran	1.025
graces	1.024
GS	1.022
glaciers	1.020
GAO	1.017
graciously	1.013
grated	1.008
glowed	0.9963
Gynecol	0.9932
Gallagher	0.9886
grilled	0.9870
gasp	0.9837
groceries	0.9825
graphite	0.9817
Godfrey	0.9815
guerrillas	0.9796
Gettysburg	0.9790
Gustav	0.9741
giggled	0.9726
gripping	0.9712
grips	0.9694
grieve	0.9667
giver	0.9615
grafts	0.9590
glued	0.9550
Granny	0.9540
granules	0.9515
germs	0.9512
generalize	0.9470
ghostly	0.9469
Gee	0.9450
Gaulle	0.9428
Gavin	0.9373
GNP	0.9365
glorified	0.9360
gathers	0.9358
Griffiths	0.9327
GB	0.9302
ganglia	0.9269
grids	0.9257
Gwen	0.9216
grunted	0.9205
gentleness	0.9186
GH	0.9060
glide	0.9053
Granada	0.8979
gilt	0.8975
GPA	0.8975
glutamate	0.8959
graders	0.8936
gunpowder	0.8882
groundwork	0.8864
goddamn	0.8822
gypsies	0.8797
graveyard	0.8782
Gerhard	0.8782
grimly	0.8768
greasy	0.8737
geopolitical	0.8734
glistening	0.8727
ghastly	0.8708
gasping	0.8696
gallop	0.8687
Gaul	0.8685
Giddens	0.8661
glaucoma	0.8641
geophysical	0.8624
Genoa	0.8564
gong	0.8558
ganglion	0.8546
guilds	0.8484
Gardiner	0.8466
glaze	0.8410
garb	0.8321
gaping	0.8319
glamour	0.8307
gels	0.8304
grooming	0.8250
geriatric	0.8207
galley	0.8202
grumbled	0.8200
Gibraltar	0.8198
Galen	0.8187
gaunt	0.8173
Getty	0.8173
graffiti	0.8170
Guthrie	0.8163
geographers	0.8144
Gregg	0.8126
grabs	0.8115
Gallup	0.8111
glycogen	0.8110
Grossman	0.8077
Grail	0.8063
germination	0.8015
gleaned	0.7997
grafting	0.7987
gliding	0.7963
grieved	0.7952
gratifying	0.7913
guaranteeing	0.7912
Galatians	0.7888
groin	0.7885
glamorous	0.7849
gowns	0.7821
gestalt	0.7794
Gesellschaft	0.7765
grooves	0.7756
gratified	0.7755
GmbH	0.7748
Greco	0.7703
Godwin	0.7624
genial	0.7596
grievous	0.7594
geologic	0.7568
GDR	0.7532
Giuseppe	0.7518
grassland	0.7516
Gramsci	0.7511
genomes	0.7506
genotypes	0.7456
Gibbons	0.7429
genitals	0.7379
Gabe	0.7371
glories	0.7337
gauze	0.7334
Gaston	0.7323
gunner	0.7299
GOP	0.7287
gated	0.7225
gardeners	0.7195
Gunn	0.7190
Gladys	0.7178
Guadalupe	0.7144
gnostic	0.7138
glimpsed	0.7097
gag	0.7095
Gibbon	0.7078
Grady	0.7075
gymnasium	0.7062
grit	0.7051
Gillian	0.7040
gout	0.7026
girlfriends	0.6995
Garvey	0.6987
Gillespie	0.6953
gleamed	0.6953
Guido	0.6947
gunfire	0.6937
Garfield	0.6914
Gilles	0.6903
git	0.6870
Goddard	0.6835
grasslands	0.6761
Ga.	0.6757
gestational	0.6750
girdle	0.6719
glee	0.6715
grandiose	0.6704
gig	0.6697
gruesome	0.6675
Giorgio	0.6663
groaning	0.6659
Glover	0.6658
glided	0.6655
gable	0.6630
geologists	0.6606
greenish	0.6598
gourmet	0.6589
Geoff	0.6574
gums	0.6570
Guillaume	0.6546
guerre	0.6539
glitter	0.6530
Gilman	0.6489
Granger	0.6488
Giroux	0.6471
glorify	0.6447
genomics	0.6441
guesses	0.6440
Grimm	0.6434
guardianship	0.6402
Gruyter	0.6373
Gutierrez	0.6361
GSM	0.6344
generalised	0.6333
Germain	0.6329
Gottingen	0.6320
growl	0.6317
Gestapo	0.6312
genders	0.6272
Gita	0.6261
Greer	0.6247
gypsum	0.6230
gutter	0.6224
GABA	0.6204
glassy	0.6199
Ginsberg	0.6186
Goa	0.6141
gallbladder	0.6127
Gilmore	0.6120
grantor	0.6111
Greenfield	0.6110
gorilla	0.6102
garnered	0.6083
grate	0.6072
Gemini	0.6067
Ganges	0.6036
giggling	0.6032
gambler	0.6021
grenades	0.6012
guerra	0.6002
gallows	0.5999
groans	0.5997
grudge	0.5991
genteel	0.5989
gelatin	0.5985
governess	0.5979
Gregor	0.5977
Gogh	0.5917
grapple	0.5916
Gifford	0.5904
Gower	0.5902
Goffman	0.5887
Gunther	0.5865
grammars	0.5853
geometries	0.5851
glimmer	0.5850
G.A.	0.5838
grimaced	0.5832
goodnight	0.5807
godfather	0.5790
grazed	0.5785
Grange	0.5776
Godhead	0.5774
galloped	0.5771
grenade	0.5759
Guyana	0.5756
giggle	0.5747
Garth	0.5746
gravitation	0.5741
geographies	0.5740
gingerly	0.5727
galloping	0.5725
Gonzales	0.5700
glycerol	0.5687
Gadamer	0.5672
Grover	0.5653
gravy	0.5645
gateways	0.5632
groomed	0.5622
Gu	0.5618
GW	0.5617
genitalia	0.5616
glycol	0.5606
gratuitous	0.5605
giddy	0.5590
gauges	0.5590
Galloway	0.5582
Glaser	0.5567
grunt	0.5536
Granville	0.5533
gamut	0.5506
guidebook	0.5502
Gretchen	0.5487
grandchild	0.5459
gaiety	0.5458
grizzly	0.5457
glycoprotein	0.5455
GST	0.5450
gust	0.5446
grafted	0.5439
Gottlieb	0.5436
gamblers	0.5416
Guam	0.5406
groping	0.5396
gli	0.5389
Geertz	0.5382
gymnastics	0.5377
gunners	0.5355
Greeley	0.5353
Grenada	0.5313
gladness	0.5312
garnet	0.5310
gratify	0.5309
Gottfried	0.5285
Genevieve	0.5271
gangster	0.5251
graze	0.5248
gulped	0.5230
GJ	0.5219
Graf	0.5212
grandmothers	0.5205
Gallimard	0.5202
gunshot	0.5191
gurney	0.5190
gesturing	0.5186
GT	0.5157
Gaia	0.5149
gazes	0.5127
GD	0.5126
Ginny	0.5110
graced	0.5099
Greta	0.5095
garnish	0.5092
goodly	0.5087
globalized	0.5078
glutathione	0.5072
glomerular	0.5065
Gastroenterology	0.5062
goggles	0.5051
Guangdong	0.5049
gulls	0.5048
Gabrielle	0.5042
gist	0.5038
gaily	0.5037
Girard	0.5011
Galbraith	0.5008
Gilligan	0.4997
Greenspan	0.4995
Grimes	0.4960
goings	0.4952
groundbreaking	0.4948
Grayson	0.4920
Guggenheim	0.4918
Ghent	0.4914
gatherers	0.4901
guineas	0.4899
Garry	0.4897
Geraldine	0.4887
Gustave	0.4886
grumbling	0.4881
Gauss	0.4879
Gaines	0.4870
Galway	0.4839
G.M.	0.4829
Galveston	0.4821
gallantry	0.4807
gala	0.4807
Galicia	0.4804
galactic	0.4795
Gleason	0.4784
GIF	0.4761
Gareth	0.4752
GPO	0.4738
globular	0.4731
garret	0.4701
Ghosh	0.4698
Gorman	0.4682
G.R.	0.4679
grudgingly	0.4677
guitars	0.4661
gloved	0.4655
genealogies	0.4647
gull	0.4636
gurus	0.4634
Gainesville	0.4629
gables	0.4612
gulp	0.4603
Grecian	0.4600
garrisons	0.4593
Gov.	0.4591
gritty	0.4578
gully	0.4571
Grafton	0.4567
galvanized	0.4557
gills	0.4551
Goebbels	0.4538
Georgie	0.4538
glint	0.4518
galleys	0.4492
Guinness	0.4488
Gracie	0.4480
Guerrero	0.4456
glycine	0.4456
grappling	0.4433
gnawing	0.4421
growling	0.4407
grouse	0.4407
Golgi	0.4401
Guattari	0.4401
grander	0.4396
glittered	0.4395
guarantor	0.4389
Garrick	0.4364
glandular	0.4360
greyhound	0.4358
GAAP	0.4357
goblet	0.4351
gynecology	0.4346
gentler	0.4341
genie	0.4341
Gurion	0.4335
Guatemalan	0.4320
gras	0.4313
Govt	0.4301
gaudy	0.4287
geologist	0.4274
Goliath	0.4262
gluten	0.4258
generalizing	0.4258
Gambia	0.4252
Gough	0.4252
grub	0.4251
GG	0.4248
Gaius	0.4239
Gunnar	0.4237
grimace	0.4228
gadgets	0.4222
Gayle	0.4222
Guo	0.4197
Ganga	0.4189
glorification	0.4186
glistened	0.4186
grotto	0.4184
gametes	0.4120
Goldwater	0.4112
Guzman	0.4088
guitarist	0.4088
gyrus	0.4066
Goths	0.4055
gourd	0.4053
Guevara	0.4044
Ginsburg	0.4039
glazing	0.4037
grocer	0.4037
Guangzhou	0.4032
Greenville	0.4024
gent	0.4014
golfer	0.4000
Galton	0.3986
Griswold	0.3981
Guillermo	0.3980
gangsters	0.3961
G.S.	0.3957
Guiana	0.3946
Gerontology	0.3944
G.J.	0.3934
Gerber	0.3919
Giacomo	0.3915
goody	0.3913
Gott	0.3888
glial	0.3883
grower	0.3879
Gallo	0.3875
Geiger	0.3871
gasps	0.3855
Grotius	0.3834
geothermal	0.3833
grapefruit	0.3833
G2	0.3826
gruff	0.3824
G.W.	0.3817
grasps	0.3814
gaol	0.3812
Gingrich	0.3807
granularity	0.3800
groped	0.3791
garter	0.3778
G.E.	0.3765
gosh	0.3762
Gillette	0.3751
grandest	0.3751
GF	0.3742
grad	0.3727
garlands	0.3726
Giuliani	0.3725
ghettos	0.3723
growths	0.3702
Grenville	0.3699
Greenpeace	0.3698
geographer	0.3683
guaranty	0.3678
grimy	0.3674
grader	0.3670
golfers	0.3664
girth	0.3652
greenery	0.3649
gritted	0.3646
Gruber	0.3643
Gresham	0.3637
Gregorian	0.3636
genitive	0.3635
gentlemanly	0.3632
gusto	0.3632
Godard	0.3627
godliness	0.3618
gatekeeper	0.3612
Greensboro	0.3607
Galerie	0.3603
geniuses	0.3600
gettin	0.3598
greets	0.3593
Garibaldi	0.3577
gushed	0.3571
greased	0.3553
grandparent	0.3544
gradations	0.3540
gnarled	0.3517
Gunter	0.3513
gorges	0.3509
globulin	0.3508
grandes	0.3506
grins	0.3505
glucocorticoids	0.3497
Gy	0.3496
goodies	0.3491
Gini	0.3483
geopolitics	0.3482
generalisation	0.3475
gleefully	0.3468
Goodrich	0.3458
gauged	0.3451
glosses	0.3442
Garnett	0.3440
globalizing	0.3435
Gulliver	0.3432
germinate	0.3430
gusts	0.3429
gloriously	0.3410
grasshopper	0.3409
ginseng	0.3407
Gorky	0.3397
gatherer	0.3352
godless	0.3349
gunboats	0.3339
Gonzalo	0.3330
germane	0.3318
Goring	0.3316
gatekeepers	0.3313
gov	0.3303
Gregorio	0.3295
gaped	0.3295
gales	0.3287
gorillas	0.3284
giggles	0.3282
gan	0.3282
gubernatorial	0.3278
Gallic	0.3277
glutamine	0.3275
grandfathers	0.3273
glean	0.3265
gar	0.3262
genuineness	0.3250
G.C.	0.3246
Gauguin	0.3239
gauntlet	0.3232
Ghanaian	0.3222
gratings	0.3221
Goode	0.3219
grapevine	0.3218
grunts	0.3217
Gautier	0.3214
grammatically	0.3209
Gilroy	0.3209
groundless	0.3204
grueling	0.3202
ger	0.3200
Geddes	0.3191
Gemma	0.3178
geometrically	0.3177
gushing	0.3171
grisly	0.3167
Geary	0.3166
gash	0.3160
grayish	0.3160
gegen	0.3156
Gustavus	0.3154
ganz	0.3148
gutters	0.3146
generically	0.3139
gregarious	0.3137
Graeme	0.3136
G.L.	0.3130
glider	0.3130
getaway	0.3126
grays	0.3120
godlike	0.3120
givers	0.3117
garages	0.3112
gating	0.3102
greedily	0.3095
Giulio	0.3090
glossed	0.3088
Golding	0.3088
girlish	0.3086
gallantly	0.3086
Gad	0.3082
gullible	0.3077
Gerson	0.3071
Grosvenor	0.3069
grandsons	0.3063
gens	0.3055
Groningen	0.3046
Goodyear	0.3045
gradation	0.3043
grappled	0.3042
grinder	0.3034
Giotto	0.3032
Giordano	0.3027
granulation	0.3024
gossiping	0.3022
Goff	0.3021
girders	0.3020
G.P.	0.3016
Goya	0.3012
glows	0.3011
globes	0.3005
gearing	0.3002
Gustavo	0.3000
gangrene	0.2994
Genoese	0.2987
Gaskell	0.2984
guises	0.2974
grasshoppers	0.2967
Gilpin	0.2964
glucocorticoid	0.2958
Galilean	0.2955
guerilla	0.2950
Gabon	0.2949
Gino	0.2943
Gautama	0.2934
Geronimo	0.2934
greener	0.2930
Gutenberg	0.2924
Goldie	0.2919
generis	0.2917
grudging	0.2916
Galapagos	0.2915
GN	0.2910
Goto	0.2907
glycoproteins	0.2905
gunman	0.2897
governorship	0.2890
Gide	0.2889
gutted	0.2888
genocidal	0.2885
Gnosticism	0.2880
G.H.	0.2872
Guadalajara	0.2860
gloomily	0.2859
gunned	0.2858
Grenoble	0.2854
Glencoe	0.2845
Graz	0.2844
graphing	0.2843
G.B.	0.2838
Gauls	0.2836
Gianni	0.2819
Gros	0.2813
guillotine	0.2808
grantee	0.2797
guttural	0.2796
Gloucestershire	0.2796
gagged	0.2795
granule	0.2794
generalities	0.2792
girder	0.2790
gunning	0.2787
gigs	0.2775
grunting	0.2774
generale	0.2768
glimmering	0.2767
gauging	0.2766
G.D.	0.2762
gravitate	0.2761
Guantanamo	0.2759
gurgling	0.2754
Grice	0.2752
Gila	0.2750
goldfish	0.2747
guile	0.2744
gnawed	0.2740
Georgina	0.2730
gonadal	0.2728
Geist	0.2723
Guadalcanal	0.2720
GNU	0.2715
glassware	0.2704
Geophysics	0.2703
grandly	0.2697
Goodall	0.2691
grime	0.2684
Gartner	0.2684
G8	0.2683
Gatsby	0.2683
germinal	0.2682
geochemical	0.2670
gasket	0.2667
Gulch	0.2658
Gallipoli	0.2655
Garber	0.2654
generalist	0.2641
gonorrhea	0.2641
gunmen	0.2638
Gershwin	0.2637
Gauthier	0.2632
goddamned	0.2629
Gaspar	0.2628
Gama	0.2619
gullies	0.2615
gush	0.2612
grievously	0.2609
grumble	0.2604
godmother	0.2601
Gwendolyn	0.2594
García	0.2593
Garza	0.2590
gleams	0.2581
Greenblatt	0.2580
Gluck	0.2580
Groot	0.2565
grooms	0.2564
graying	0.2556
Germaine	0.2552
Gantt	0.2544
Greenleaf	0.2541
Gallatin	0.2541
Griggs	0.2536
Glenda	0.2534
giraffe	0.2531
Goetz	0.2530
Gogol	0.2529
gravest	0.2528
gastritis	0.2524
govemment	0.2523
Gellner	0.2521
Golan	0.2515
Gabriella	0.2507
Grierson	0.2502
glinting	0.2495
G.I.	0.2487
Guardia	0.2487
grooved	0.2476
GTP	0.2475
Gazetteer	0.2466
generalizability	0.2465
guanine	0.2464
Gilchrist	0.2461
glides	0.2460
glade	0.2458
Goss	0.2458
gory	0.2451
gentility	0.2448
guardsmen	0.2448
Garfinkel	0.2444
garish	0.2438
guidebooks	0.2428
Gomes	0.2420
girlhood	0.2411
Guernsey	0.2402
Guha	0.2401
gangway	0.2398
Gopal	0.2395
GK	0.2385
geneticists	0.2384
gruffly	0.2381
Geller	0.2380
Genghis	0.2377
grands	0.2376
Gayatri	0.2371
glaciation	0.2371
Gillis	0.2367
gadget	0.2362
glycemic	0.2360
giveth	0.2355
gambled	0.2355
gendering	0.2353
Gandhian	0.2353
Galleria	0.2351
gestural	0.2342
garbled	0.2340
Gilson	0.2335
grille	0.2325
GMT	0.2324
garnished	0.2321
Gabriele	0.2320
Giuliano	0.2319
greening	0.2318
galling	0.2315
Glazer	0.2314
generalisations	0.2312
guesswork	0.2308
Guadeloupe	0.2306
gravitated	0.2305
gilding	0.2303
graver	0.2296
gazelle	0.2294
Gonzaga	0.2284
Gabor	0.2279
grumpy	0.2278
Gustafson	0.2275
grilling	0.2274
goofy	0.2270
griefs	0.2266
Glastonbury	0.2266
Grosz	0.2262
glucagon	0.2259
gallstones	0.2256
goers	0.2244
galactose	0.2239
GED	0.2234
G7	0.2231
grainy	0.2224
goldsmiths	0.2222
Gerd	0.2215
Graeco	0.2215
gondola	0.2213
grits	0.2210
gonads	0.2201
Geriatrics	0.2200
gravelly	0.2199
Grosse	0.2198
glorifying	0.2194
gunboat	0.2193
Grainger	0.2193
ghee	0.2192
gingerbread	0.2188
Glendale	0.2184
glinted	0.2183
Gans	0.2181
Gutman	0.2181
Glick	0.2180
greenhouses	0.2179
gendarmes	0.2177
Gethsemane	0.2168
grizzled	0.2166
Girolamo	0.2158
Guildford	0.2157
globules	0.2154
gladiator	0.2152
Gert	0.2151
Gerda	0.2142
Goleman	0.2135
granulated	0.2130
Gian	0.2126
Graff	0.2121
Gibb	0.2119
Georgians	0.2117
goblins	0.2115
gastroenteritis	0.2104
grubby	0.2104
Ghraib	0.2091
glycolysis	0.2090
Genovese	0.2090
galvanic	0.2077
goodbyes	0.2066
goaded	0.2065
Glynn	0.2063
gnosis	0.2061
gluttony	0.2045
Gnostics	0.2040
Gilgamesh	0.2037
glut	0.2034
Gorham	0.2025
generalizable	0.2015
gladiators	0.2011
Guerin	0.2005
grist	0.2004
Gergen	0.2001
glazes	0.1999
granary	0.1998
golfing	0.1997
glib	0.1992
Gagnon	0.1992
Greenwald	0.1986
Gutmann	0.1983
goad	0.1980
γ	0.1980
Grinnell	0.1977
gunnery	0.1976
gainful	0.1972
givens	0.1959
Grossberg	0.1959
Goering	0.1956
Grundy	0.1955
gon	0.1955
G1	0.1944
gruel	0.1940
Grammy	0.1938
Ginzburg	0.1918
goo	0.1918
grotesquely	0.1915
Grote	0.1910
goiter	0.1909
Garbo	0.1906
gentrification	0.1905
Goldin	0.1904
groggy	0.1902
Glyn	0.1900
globalism	0.1895
gopher	0.1894
gunshots	0.1894
G.K.	0.1892
germanium	0.1891
Greaves	0.1889
G.F.	0.1889
gibberish	0.1888
gente	0.1879
Gilead	0.1878
Gwyn	0.1873
grammarians	0.1873
Gujarati	0.1867
GRE	0.1864
gals	0.1863
gluing	0.1863
garrisoned	0.1860
GMP	0.1857
greyish	0.1856
glowered	0.1852
Guan	0.1851
Giza	0.1844
graven	0.1844
Grimshaw	0.1843
Groucho	0.1839
grudges	0.1838
Gulag	0.1837
G.G.	0.1833
gravestone	0.1829
gramophone	0.1825
Gehrig	0.1824
Glasser	0.1821
grope	0.1821
Gerrit	0.1821
Garvin	0.1820
Ganesh	0.1819
guesthouse	0.1814
gossips	0.1809
Gaylord	0.1808
gonadotropin	0.1807
gargantuan	0.1800
glum	0.1796
goblin	0.1794
Gomorrah	0.1791
Grantham	0.1791
gazebo	0.1790
gelatinous	0.1788
Guildhall	0.1786
goblets	0.1781
Groupe	0.1771
gratuitously	0.1770
Gunderson	0.1767
gimme	0.1767
Gilliam	0.1758
granaries	0.1756
gavel	0.1756
generalizes	0.1754
goeth	0.1753
Grier	0.1752
Gollancz	0.1749
genitourinary	0.1742
gourds	0.1729
grimacing	0.1729
Goldschmidt	0.1728
Geyer	0.1722
gibt	0.1718
grills	0.1717
geodesic	0.1716
Gannon	0.1715
growls	0.1713
Giddings	0.1708
Galilei	0.1707
geraniums	0.1705
gallium	0.1704
Germania	0.1702
Gerlach	0.1702
graciousness	0.1694
Galician	0.1693
Gelman	0.1688
Grubb	0.1685
gynecologist	0.1684
Grupo	0.1684
Gerhardt	0.1681
grubs	0.1675
gelding	0.1672
gratuity	0.1671
grantees	0.1670
grieves	0.1668
gendeman	0.1663
Gdansk	0.1660
gambit	0.1659
Guelph	0.1653
Gothenburg	0.1650
gratifications	0.1650
Georgi	0.1650
Gegenwart	0.1648
Gotham	0.1643
gnaw	0.1642
grog	0.1630
Gesammelte	0.1629
Gaetano	0.1625
geek	0.1619
gobbled	0.1617
Gainsborough	0.1616
Gretel	0.1616
Gilmour	0.1613
G3	0.1613
GFP	0.1612
gunpoint	0.1607
guano	0.1602
Gabriela	0.1597
gravestones	0.1593
gymnastic	0.1591
Goldenberg	0.1591
goatee	0.1590
grocers	0.1585
Gisela	0.1584
gatehouse	0.1582
gready	0.1578
godsend	0.1570
guiltily	0.1567
gratia	0.1566
gleeful	0.1565
generalise	0.1563
Gershon	0.1562
gulping	0.1561
glutamic	0.1560
gratis	0.1556
Gottschalk	0.1553
Golgotha	0.1553
gimmick	0.1552
gouged	0.1551
gesticulating	0.1540
G.T.	0.1537
giveaway	0.1531
Gitlin	0.1530
globalised	0.1522
gossamer	0.1519
glumly	0.1512
Gillies	0.1511
greats	0.1510
garrulous	0.1509
Germantown	0.1506
gloating	0.1504
gassed	0.1504
girded	0.1504
gagging	0.1500
generalists	0.1499
Grahame	0.1497
grandstand	0.1496
gliders	0.1495
glitch	0.1494
gynecological	0.1493
Gooch	0.1493
gulps	0.1491
Goteborg	0.1488
geneticist	0.1486
Galvin	0.1485
gentlest	0.1484
Gaillard	0.1484
garnering	0.1472
guiltless	0.1472
Grimaldi	0.1471
Goldwyn	0.1467
Gorgias	0.1465
Gucci	0.1460
geranium	0.1459
Gerardo	0.1459
granddaughters	0.1459
Guglielmo	0.1457
Gaye	0.1454
graphed	0.1453
guileless	0.1449
gravels	0.1448
Goran	0.1445
gende	0.1444
gape	0.1444
germinating	0.1442
gridlock	0.1432
gnats	0.1432
germinated	0.1426
Gabler	0.1425
Gerrard	0.1421
graveyards	0.1416
Gregoire	0.1414
glitches	0.1413
glycerin	0.1410
granulomatous	0.1404
gentlewoman	0.1403
glimmered	0.1401
grinds	0.1397
Gannett	0.1396
gravis	0.1395
galore	0.1395
Goshen	0.1393
Grundlagen	0.1381
Gamal	0.1381
giftedness	0.1378
Grumman	0.1376
Gotha	0.1375
goons	0.1374
guilders	0.1372
gemstones	0.1371
Giinter	0.1363
Gilberto	0.1360
genotypic	0.1357
giraffes	0.1357
gustatory	0.1350
gnome	0.1337
gags	0.1335
glowering	0.1331
Greenstein	0.1328
Gow	0.1322
glares	0.1320
Gelb	0.1317
guarantors	0.1315
gaskets	0.1313
getter	0.1310
glades	0.1308
gouge	0.1305
Galli	0.1298
gurgled	0.1297
gabled	0.1295
generalship	0.1295
gloried	0.1293
gaggle	0.1292
Gaithersburg	0.1289
grossest	0.1285
gangplank	0.1285
Giinther	0.1284
galleon	0.1279
Glock	0.1278
Goldfarb	0.1277
Guenther	0.1275
gyms	0.1275
Gard	0.1269
Guernica	0.1268
Gass	0.1263
grates	0.1262
girt	0.1261
GV	0.1259
gooey	0.1256
G.N.	0.1253
GSA	0.1253
gents	0.1251
Guttman	0.1251
Gurr	0.1250
gongs	0.1248
gobble	0.1242
Goth	0.1242
griddle	0.1240
gayly	0.1239
grimaces	0.1235
GMC	0.1235
grosser	0.1235
Ginn	0.1234
Georgiana	0.1233
glibly	0.1230
Gobi	0.1225
Galahad	0.1225
Goldberger	0.1224
gnashing	0.1222
Goodenough	0.1220
grout	0.1217
giddiness	0.1217
Gilda	0.1213
Galena	0.1212
glorifies	0.1210
Glickman	0.1209
grandees	0.1205
grinders	0.1195
gloat	0.1195
geyser	0.1194
guava	0.1190
González	0.1189
geeks	0.1188
gurgle	0.1186
Gaya	0.1182
Graber	0.1181
godparents	0.1179
Gaspard	0.1177
grayscale	0.1177
G4	0.1177
glues	0.1176
Garnier	0.1174
Gare	0.1173
grammarian	0.1173
Greville	0.1168
gunwale	0.1168
glaringly	0.1166
gorse	0.1165
geologically	0.1163
Gaddis	0.1159
gimmicks	0.1157
gayety	0.1155
Gustafsson	0.1150
Gramm	0.1149
gipsy	0.1148
Gaynor	0.1148
gauche	0.1146
gridiron	0.1143
grandkids	0.1142
glycosylation	0.1141
Gamaliel	0.1140
grossed	0.1140
Ganymede	0.1137
gymnast	0.1135
galvanize	0.1135
Geer	0.1133
guerillas	0.1133
gullet	0.1131
Gosling	0.1129
Goh	0.1128
gorged	0.1128
grandiosity	0.1117
Gelder	0.1116
Greiner	0.1116
gripe	0.1116
Gosse	0.1115
Golda	0.1115
gnat	0.1109
glisten	0.1108
glasnost	0.1106
Göttingen	0.1103
gossiped	0.1102
Gal.	0.1100
gab	0.1099
gastro	0.1098
Gastroenterol	0.1095
girdles	0.1095
goddam	0.1095
gastronomic	0.1094
garbed	0.1091
Gump	0.1090
gouging	0.1090
gigabytes	0.1087
geht	0.1086
granola	0.1083
Gamier	0.1080
Greenbaum	0.1080
gauzy	0.1079
gearbox	0.1078
gymnasts	0.1074
glycerine	0.1070
guardhouse	0.1065
grownups	0.1062
glutton	0.1062
Godot	0.1061
Gordian	0.1054
graveside	0.1051
greenness	0.1050
Gael	0.1050
gawking	0.1047
gradualism	0.1045
gingham	0.1045
Gerhart	0.1042
gladdened	0.1041
Grattan	0.1038
Grenzen	0.1038
gladiatorial	0.1035
Gaffney	0.1032
gamete	0.1030
glossing	0.1028
gelatine	0.1028
gummy	0.1028
gazelles	0.1027
Greenway	0.1026
galled	0.1025
glans	0.1023
geysers	0.1014
gung	0.1012
grenadiers	0.1009
gravesite	0.1009
Giulia	0.1008
governmentality	0.1008
Gotcha	0.1004
gird	0.1003
gusty	0.1001
Gerth	0.09974
Gwynne	0.09973
groundswell	0.09960
gangly	0.09909
governesses	0.09896
gnomes	0.09887
garters	0.09873
ghoulish	0.09856
Giovanna	0.09853
gainfully	0.09821
grayed	0.09804
gastroesophageal	0.09803
greys	0.09778
Gelfand	0.09738
Goldstone	0.09727
Ghali	0.09714
gullibility	0.09701
greenbacks	0.09696
Genova	0.09594
gloated	0.09577
gleaning	0.09562
Garamond	0.09543
grapevines	0.09536
Gracia	0.09517
G.V.	0.09484
greatcoat	0.09443
gander	0.09430
gendemen	0.09407
Giambattista	0.09404
gobbling	0.09402
gasses	0.09374
galleons	0.09346
galvanizing	0.09270
generics	0.09256
Grau	0.09244
gratuities	0.09230
Grenfell	0.09220
graduations	0.09205
Granta	0.09177
Grune	0.09142
Guillen	0.09105
Godzilla	0.09081
gargoyles	0.09059
grindstone	0.09026
glutinous	0.09017
Gooding	0.08967
gossipy	0.08959
gashes	0.08951
Gershom	0.08923
Gilder	0.08921
gumbo	0.08862
goading	0.08831
geisha	0.08816
graceless	0.08807
gainsay	0.08805
gulfs	0.08765
Gallen	0.08763
gamely	0.08754
gyrations	0.08747
grata	0.08702
glens	0.08658
goalie	0.08658
gorgeously	0.08601
gutsy	0.08566
gravitating	0.08566
Gell	0.08539
genially	0.08537
guardedly	0.08528
Gleeson	0.08516
Giessen	0.08497
Groton	0.08473
Grazia	0.08440
gladden	0.08426
glassed	0.08422
GCC	0.08388
gild	0.08382
Grosset	0.08373
Greig	0.08314
genii	0.08246
gins	0.08246
Goldblatt	0.08229
glossaries	0.08155
gibbet	0.08137
gradualist	0.08100
geocentric	0.08072
golly	0.08066
Guizot	0.08052
Geert	0.08022
goodnatured	0.08018
gyrating	0.08010
gushes	0.08003
guage	0.07988
Glassman	0.07978
gawk	0.07977
Goldilocks	0.07907
grilles	0.07887
Gorgon	0.07872
glob	0.07867
Grosso	0.07857
gendarme	0.07853
glycosylated	0.07831
goodlooking	0.07831
Greenhill	0.07823
gaff	0.07804
Geneve	0.07798
glitters	0.07792
Grogan	0.07773
glitzy	0.07758
gunfight	0.07753
Garda	0.07746
gravitas	0.07743
grouchy	0.07702
gluttonous	0.07678
glittery	0.07675
gargoyle	0.07644
gambles	0.07619
Geez	0.07614
Grund	0.07604
gassing	0.07589
gorging	0.07550
gracias	0.07536
gruelling	0.07527
GQ	0.07514
grapples	0.07505
grownup	0.07504
Gemeinschaft	0.07467
guffawed	0.07430
granddaddy	0.07408
galvanised	0.07404
gracefulness	0.07394
greying	0.07389
grovel	0.07387
gritting	0.07384
girlie	0.07383
gumption	0.07218
Golub	0.07200
Gwynn	0.07199
glimmers	0.07185
gouty	0.07165
givin	0.07152
groused	0.07150
godforsaken	0.07130
grumbles	0.07081
Grenier	0.07077
groupies	0.07050
Gault	0.07050
Genesee	0.07049
greyhounds	0.07043
grossness	0.07020
garlanded	0.07014
grubbing	0.06999
gifting	0.06995
greasing	0.06985
galvanometer	0.06973
glyphs	0.06947
giveaways	0.06941
glitz	0.06925
guffaw	0.06876
gangrenous	0.06862
guideposts	0.06846
granulocytes	0.06824
guzzling	0.06799
glints	0.06781
golds	0.06778
ghettoes	0.06768
Gascoigne	0.06760
gored	0.06744
gunships	0.06738
gawked	0.06716
gringo	0.06705
Gorton	0.06692
Gallus	0.06671
gayest	0.06667
groupthink	0.06660
glutted	0.06648
geniality	0.06603
Greenough	0.06602
gendy	0.06593
Getz	0.06589
gracing	0.06588
Gatorade	0.06573
Geburtstag	0.06566
Gog	0.06533
Gateshead	0.06522
gouges	0.06517
Gouverneur	0.06516
Gervais	0.06495
gadfly	0.06480
generalising	0.06468
Glamorgan	0.06466
gamekeeper	0.06453
gawky	0.06448
ghouls	0.06418
grossing	0.06408
groat	0.06393
groggily	0.06389
guardrail	0.06354
Garg	0.06352
girly	0.06351
gusting	0.06343
gooseberry	0.06343
grimness	0.06318
Gautam	0.06267
ging	0.06266
Greenaway	0.06262
gob	0.06241
gaffe	0.06223
gymnasiums	0.06215
Gere	0.06153
godson	0.06148
Greve	0.06146
Gedanken	0.06129
Graaf	0.06128
griping	0.06073
Gillett	0.06054
Guyer	0.06028
grandiloquent	0.06027
Grisham	0.06013
grenadier	0.05996
gaiters	0.05994
gobs	0.05957
granitic	0.05926
Galatia	0.05882
Gravesend	0.05882
groveling	0.05874
Goswami	0.05852
gondolas	0.05850
gendarmerie	0.05832
greediness	0.05824
getters	0.05758
Gudrun	0.05757
galls	0.05725
Gawain	0.05717
gadolinium	0.05711
granulocyte	0.05710
gashed	0.05684
grovelling	0.05660
Guyon	0.05652
grimmer	0.05647
greatgrandfather	0.05647
Gottlob	0.05635
guffaws	0.05582
goest	0.05577
gers	0.05565
glimpsing	0.05557
gripes	0.05549
Gómez	0.05496
G5	0.05490
gadgetry	0.05482
grater	0.05472
GCSE	0.05464
groovy	0.05447
girdled	0.05436
Gesetz	0.05383
geezer	0.05369
Glas	0.05363
grottoes	0.05355
grammes	0.05333
gutting	0.05322
goer	0.05313
GTE	0.05300
goofing	0.05281
granddad	0.05281
geomorphology	0.05279
Gascon	0.05243
gristle	0.05225
gratefulness	0.05185
goon	0.05166
Godin	0.05156
goner	0.05149
Galatea	0.05136
graveled	0.05117
goe	0.05097
Gottes	0.05096
ghoul	0.05068
glowingly	0.05054
gainst	0.05048
gainers	0.05039
Gish	0.05035
gam	0.05016
Glenview	0.05016
gatekeeping	0.05014
Gladwell	0.05012
gnaws	0.05001
grads	0.04971
gooders	0.04970
gallops	0.04927
gwine	0.04898
Gorcum	0.04838
gener	0.04819
gearshift	0.04804
gyroscope	0.04801
Glazier	0.04783
glorying	0.04748
g/cm3	0.04731
gat	0.04721
gether	0.04711
gallants	0.04648
granuloma	0.04627
gamers	0.04616
Gramercy	0.04608
Giraud	0.04595
Gratz	0.04586
ganged	0.04573
gooseberries	0.04558
gizmos	0.04549
GlaxoSmithKline	0.04510
groundnut	0.04476
gunk	0.04466
guttering	0.04455
Garrard	0.04424
genocides	0.04400
gracilis	0.04377
grayness	0.04370
gainsaid	0.04342
Galle	0.04324
gravitates	0.04320
gaoler	0.04290
Ghazi	0.04263
Gagne	0.04256
griped	0.04249
gowned	0.04236
guacamole	0.04211
greenest	0.04198
grazes	0.04198
guillotined	0.04193
gneiss	0.04178
gesticulations	0.04176
grayer	0.04169
Guinevere	0.04165
gunwales	0.04143
Grabowski	0.04137
goof	0.04131
gauntlets	0.04109
gangsta	0.04031
Godiva	0.03977
Grieg	0.03960
gipsies	0.03958
globalising	0.03947
Grasso	0.03927
grudged	0.03924
gizmo	0.03922
Garson	0.03917
goggle	0.03902
ghostlike	0.03875
gainer	0.03869
guanosine	0.03868
guitarists	0.03839
Gombrich	0.03818
Goebel	0.03808
Gur	0.03797
glistens	0.03782
Gallia	0.03777
Groth	0.03775
gayer	0.03758
gaslight	0.03734
Goodson	0.03733
ginning	0.03717
Godolphin	0.03700
guardsman	0.03688
globule	0.03677
glamor	0.03650
Grassi	0.03645
Gérard	0.03631
Gigi	0.03619
grandee	0.03583
greengrocer	0.03558
gesticulation	0.03508
grunge	0.03504
gropes	0.03492
Goel	0.03480
gibes	0.03480
globs	0.03479
greenhorn	0.03455
Gro	0.03451
gerrymandering	0.03432
gibbering	0.03430
grncirc@sulmail.stanford.edu	0.03429
Grasset	0.03396
Griselda	0.03388
gits	0.03387
gentlewomen	0.03383
gesticulated	0.03376
Grigg	0.03353
groupie	0.03345
Globus	0.03294
girding	0.03248
grumpily	0.03217
gazetted	0.03212
Grundlage	0.03198
godfathers	0.03172
général	0.03120
Germanicus	0.03090
gentrified	0.03090
Ganj	0.03086
Gridley	0.03076
gloomier	0.03038
Gadsden	0.03009
gaffes	0.03004
gentium	0.02981
goldenrod	0.02970
Gawd	0.02963
gouvernement	0.02949
gemstone	0.02895
givenness	0.02888
getup	0.02884
gnashed	0.02880
gringos	0.02867
gunny	0.02863
ganging	0.02842
Gehenna	0.02834
Grandison	0.02829
Geffen	0.02825
gnarly	0.02815
gloaming	0.02801
gizzard	0.02800
gambols	0.02753
gude	0.02741
Garrido	0.02730
gamesmanship	0.02713
gelled	0.02669
Garten	0.02666
Glanville	0.02639
genotyping	0.02638
garners	0.02638
générale	0.02624
gridded	0.02623
gious	0.02617
gibe	0.02607
gentamicin	0.02583
Goulding	0.02568
giggly	0.02546
gluteal	0.02543
Glo	0.02539
gestion	0.02524
grabber	0.02509
Gennaro	0.02506
Giorgione	0.02497
Gillman	0.02488
Gomer	0.02466
gummed	0.02465
Gatti	0.02457
Gesta	0.02455
Godspeed	0.02450
ges	0.02448
gargle	0.02447
glimmerings	0.02426
geeky	0.02419
goatskin	0.02395
giddily	0.02391
gardenia	0.02390
gurgles	0.02387
genere	0.02363
guzzled	0.02359
greensward	0.02348
Greenhalgh	0.02332
gutta	0.02328
gie	0.02327
gratifies	0.02315
gladsome	0.02280
gynecologic	0.02280
Gratian	0.02280
grandmamma	0.02276
Gammon	0.02275
gleanings	0.02262
glottis	0.02261
Gervase	0.02238
Gracchus	0.02228
Grasse	0.02201
glower	0.02196
gle	0.02194
gittin	0.02193
Gompers	0.02188
granites	0.02173
grungy	0.02164
generalissimo	0.02164
goads	0.02162
Grose	0.02142
gentian	0.02130
Gramscian	0.02126
grooving	0.02125
girths	0.02120
giv	0.02110
gaieties	0.02101
Gilliland	0.02077
Gly	0.02041
Gambetta	0.02017
greyness	0.02011
Glu	0.01984
grandsire	0.01970
Gillingham	0.01949
garrets	0.01946
Ghandi	0.01934
greate	0.01930
gimlet	0.01905
gyration	0.01897
Gwyneth	0.01896
Gissing	0.01895
Granby	0.01890
gib	0.01890
glebe	0.01890
Greenock	0.01883
GUIs	0.01872
gabble	0.01854
gainsaying	0.01849
gigabyte	0.01837
Gounod	0.01834
gravelled	0.01825
Grammont	0.01798
Gascony	0.01793
galoshes	0.01793
griffins	0.01777
goldmine	0.01761
Gretna	0.01753
goalposts	0.01732
gentes	0.01722
gerund	0.01716
Granovetter	0.01694
growed	0.01687
grandstanding	0.01676
gazer	0.01653
grotesques	0.01613
gavest	0.01594
Grimsby	0.01589
Garonne	0.01580
Gulick	0.01571
Gallican	0.01568
gooder	0.01560
grassed	0.01559
gome	0.01553
guerdon	0.01550
Grunwald	0.01541
guid	0.01535
Gath	0.01529
gluttons	0.01521
Gamp	0.01506
Gebhardt	0.01498
Gilmer	0.01496
Grecians	0.01489
gaudily	0.01484
gloomiest	0.01483
gondolier	0.01477
gence	0.01472
gantry	0.01447
gilds	0.01439
gules	0.01439
goitre	0.01416
Gordons	0.01415
Gordo	0.01404
Goodfellow	0.01401
grotesqueness	0.01387
glacis	0.01385
Gai	0.01381
grâce	0.01379
Gaulish	0.01378
Geoffroy	0.01373
Genevan	0.01357
Gaeta	0.01349
gloire	0.01347
Galsworthy	0.01336
gramme	0.01327
grandmotherly	0.01327
gnomic	0.01318
grandpapa	0.01316
gravities	0.01315
givest	0.01303
Godgiven	0.01300
Georgics	0.01296
Glaxo	0.01289
gamester	0.01289
gastronomy	0.01258
godlessness	0.01258
Gurley	0.01248
Gründung	0.01244
Gatling	0.01233
gallivanting	0.01232
glooms	0.01228
gentlemanlike	0.01219
gudgeon	0.01216
goot	0.01199
gion	0.01196
gutless	0.01195
Galileans	0.01171
galactosidase	0.01170
gravedigger	0.01162
groweth	0.01161
Guangxi	0.01147
gaols	0.01145
gynaecological	0.01144
grouch	0.01143
Gothard	0.01138
Goldwin	0.01134
GovernorGeneral	0.01129
Gracchi	0.01121
Gouda	0.01114
grumblings	0.01108
Guth	0.01104
goldfields	0.01104
germinates	0.01103
guaranties	0.01096
Guyot	0.01096
gesticulate	0.01093
grizzlies	0.01085
Gul	0.01078
Garsington	0.01074
Geraldo	0.01052
Geordie	0.01040
gravediggers	0.01037
garnets	0.01034
graspable	0.01029
girdling	0.01024
grimmest	0.01011
Gironde	0.01009
Golconda	0.01003
goldfinch	0.009906
gabbling	0.009859
galvanism	0.009762
gorgeousness	0.009441
grncirc@stanford.edu	0.009407
gloominess	0.009365
gamekeepers	0.009271
Gosport	0.009266
gangways	0.009205
gra	0.009197
greencirc@stanford.edu	0.009196
gymnasia	0.009187
gazers	0.009091
geostrategic	0.009060
gambol	0.008968
groins	0.008941
gapes	0.008902
ghasdy	0.008893
gages	0.008885
ght	0.008855
gadding	0.008797
groanings	0.008786
gallantries	0.008689
gophers	0.008613
gaits	0.008499
ga2ed	0.008492
giantess	0.008467
gaolers	0.008447
Guadaloupe	0.008436
goatherd	0.008404
groined	0.008377
gunsmith	0.008375
genealogist	0.008337
gibbets	0.008337
gourmand	0.008310
groats	0.008288
geometer	0.008247
gewgaws	0.008222
Gruppe	0.008193
garniture	0.008186
ga2e	0.008135
garrulity	0.007986
gain'd	0.007820
gazettes	0.007796
giro	0.007773
godmothers	0.007735
ga2ing	0.007715
gentlefolk	0.007702
greatiy	0.007683
growin	0.007654
garnishing	0.007645
guardroom	0.007619
gulches	0.007574
gentlefolks	0.007540
getaways	0.007504
Georgy	0.007502
Gobierno	0.007446
gladdens	0.007367
glassful	0.007325
gentieman	0.007313
Geelong	0.007313
glamorized	0.007288
gusted	0.007284
gladdening	0.007252
gnash	0.007226
gamesters	0.007165
grandeurs	0.007140
gendeness	0.007129
goodnaturedly	0.007125
greenback	0.007039
gratulation	0.007028
guiltiness	0.007004
greyer	0.006986
Goodwood	0.006979
gulley	0.006977
gamer	0.006972
goodby	0.006943
gorget	0.006941
goodhumoured	0.006923
gargling	0.006862
gris	0.006750
grottos	0.006691
Georgette	0.006653
grot	0.006566
gayeties	0.006481
grapeshot	0.006445
genu	0.006435
gladder	0.006384
gaged	0.006274
gulled	0.006213
ganglionic	0.006202
gewesen	0.006182
gulph	0.006153
gabbled	0.006126
gemmed	0.006114
genteelly	0.006097
generall	0.006067
girds	0.006050
geometrician	0.005975
gamin	0.005917
Gellius	0.005845
graved	0.005778
gardenias	0.005749
gathereth	0.005697
grovelled	0.005693
garrisoning	0.005592
greatcoats	0.005587
gation	0.005524
godchild	0.005499
ghastliness	0.005450
grubbed	0.005448
gTeat	0.005437
gropings	0.005417
gambolling	0.005374
goodish	0.005356
guesser	0.005322
geste	0.005270
Gargantua	0.005255
gunmetal	0.005190
grewsome	0.005188
grumblers	0.005140
gouts	0.005111
grumbler	0.005107
gloomed	0.005080
gambolled	0.005039
glistering	0.005037
grabbers	0.005023
G0	0.004986
goodnature	0.004916
gested	0.004902
gest	0.004894
giorno	0.004878
gies	0.004732
gardes	0.004692
garbs	0.004689
gyrated	0.004610
gamed	0.004545
gress	0.004463
gauds	0.004386
greatgreat	0.004379
glooming	0.004330
glibness	0.004314
grandsires	0.004298
glace	0.004281
garishly	0.004274
grandiloquence	0.004198
goodsized	0.004092
gruffness	0.003982
garded	0.003971
gentil	0.003908
gentie	0.003895
grimed	0.003724
gree	0.003538
greases	0.003479
gol	0.003410
grazier	0.003253
goddaughter	0.003215
gurdy	0.003143
graving	0.003015
gloriam	0.002945
gmail.com	0.002898
gregariousness	0.002853
greatgrandmother	0.002613
globalize	0.002593
ghosdy	0.002573
gradu	0.002521
gardened	0.002397
guzzle	0.002381
goggled	0.002362
guttered	0.002337
goodliest	0.002332
guileful	0.002238
guished	0.002220
gluey	0.002209
grousing	0.002162
GRINVerlag	0.002096
gloats	0.002043
goodhearted	0.001953
