he	1985
his	1605
have	1348
had	1249
her	1026
has	733.0
him	569.6
how	399.4
however	250.4
here	224.4
high	193.1
human	159.3
home	150.0
hand	148.8
house	144.7
history	140.4
help	129.8
himself	122.9
head	120.7
health	111.4
having	110.1
heart	85.94
half	84.88
held	78.99
higher	75.48
hard	73.04
hands	71.36
heard	64.61
hours	58.25
H.	55.23
hope	49.85
hold	49.81
historical	49.00
hear	46.32
herself	46.06
hundred	41.39
hour	40.65
hair	40.06
highly	38.82
husband	38.29
happened	37.19
h	36.55
heat	34.11
hall	32.93
happy	31.90
heavy	31.17
hot	31.16
hospital	31.13
Henry	30.65
hence	29.55
hill	28.89
holy	28.43
holding	28.23
horse	25.88
helped	25.51
happen	24.53
houses	23.54
highest	23.33
hit	23.33
hearing	21.97
heaven	21.95
hardly	21.72
huge	21.51
hotel	21.45
host	19.83
hell	18.20
household	18.02
height	17.83
housing	17.34
heads	17.20
happens	16.62
horses	16.40
hidden	16.26
humans	16.24
handle	15.93
healthy	15.88
hurt	15.85
helps	15.63
holds	15.07
honor	14.81
homes	14.77
helping	14.19
headed	14.09
hole	14.08
hypothesis	14.02
helpful	13.58
happiness	13.56
hoped	13.30
hundreds	12.95
harm	12.79
Harvard	12.14
Harry	12.07
humanity	12.05
heavily	12.02
handed	11.95
hills	11.86
healing	11.80
hat	11.70
hung	11.62
hearts	10.76
horizontal	10.75
hero	10.57
honest	10.36
hide	10.29
HIV	10.26
hate	10.23
handling	10.16
heritage	9.703
hunting	9.543
happening	9.494
habit	9.336
habits	9.316
hopes	9.304
ha	9.275
hanging	9.261
Hong	9.245
hierarchy	9.060
Howard	8.917
historic	8.865
households	8.855
hardware	8.853
honour	8.392
highway	8.222
Hebrew	8.141
historians	8.111
hydrogen	8.106
harmony	8.061
hoping	7.986
headquarters	7.973
hunt	7.957
holes	7.913
hi	7.791
heading	7.763
Hitler	7.663
harder	7.642
Handbook	7.610
hang	7.547
Harris	7.454
hired	7.410
hunter	7.322
horizon	7.202
hospitals	7.195
hungry	7.116
Helen	7.097
historian	7.074
Hey	7.043
Hamilton	7.010
horror	6.986
hostile	6.904
historically	6.838
Hindu	6.770
harbor	6.651
Hollywood	6.601
hers	6.544
handsome	6.501
holiday	6.473
hip	6.449
honey	6.443
humor	6.294
hath	6.253
heating	6.140
HTML	6.120
hormone	6.099
hiding	6.093
histories	6.073
hated	5.985
Haven	5.924
handled	5.865
hunger	5.830
harvest	5.802
harsh	5.553
horn	5.552
hire	5.518
Harper	5.485
Herbert	5.455
hatred	5.431
hybrid	5.426
habitat	5.387
Holland	5.282
Harold	5.267
ho	5.207
heroes	5.176
hint	5.145
hurry	5.145
Hans	5.058
hello	4.981
humble	4.980
hollow	4.918
highlight	4.908
heavenly	4.878
heights	4.837
hook	4.832
heated	4.829
Harrison	4.786
hierarchical	4.774
hurried	4.757
hypertension	4.723
husbands	4.669
Hopkins	4.660
Hungary	4.649
Hudson	4.601
hut	4.581
hosts	4.579
Hugh	4.568
hypotheses	4.522
Hughes	4.499
hotels	4.494
heroic	4.491
horrible	4.436
hostility	4.380
hr	4.364
hay	4.357
heavens	4.355
highlights	4.329
harmful	4.321
hazard	4.300
Houston	4.299
Hispanic	4.292
handful	4.281
holder	4.271
happily	4.191
headache	4.190
highlighted	4.167
Holmes	4.120
hood	4.117
Harvey	4.111
Holocaust	4.093
hazardous	3.980
hormones	3.976
homogeneous	3.940
healthcare	3.916
hitherto	3.821
hiring	3.807
Hannah	3.791
homeland	3.770
holidays	3.761
hesitated	3.751
Hart	3.730
Hegel	3.717
heels	3.687
Hungarian	3.675
hammer	3.673
halt	3.673
hits	3.647
heal	3.630
Herald	3.620
hardy	3.578
harassment	3.577
helpless	3.549
hoc	3.547
humanitarian	3.510
hull	3.489
hazards	3.487
Hawaii	3.470
hemisphere	3.464
header	3.458
halfway	3.457
honesty	3.394
hereafter	3.394
Heidegger	3.385
hitting	3.369
heir	3.295
herbs	3.293
holders	3.285
hid	3.276
hunters	3.259
Hume	3.251
homework	3.243
Hamlet	3.214
hips	3.207
homosexual	3.183
holdings	3.179
heterogeneous	3.167
hedge	3.160
hospitality	3.123
hypothetical	3.112
hepatitis	3.092
homeless	3.089
homosexuality	3.043
hop	3.029
Homer	3.026
honored	3.025
honestly	2.990
handles	2.981
hallway	2.980
hopefully	2.969
herd	2.966
harbour	2.955
Han	2.950
hepatic	2.919
Hampshire	2.887
hereditary	2.804
heightened	2.786
hears	2.778
hearings	2.776
halls	2.775
Henri	2.768
Henderson	2.749
humility	2.748
heap	2.737
hints	2.717
humour	2.710
hesitation	2.700
holiness	2.670
Harriet	2.669
hats	2.659
housed	2.655
heel	2.633
handy	2.629
hygiene	2.612
hydraulic	2.609
hastily	2.582
horns	2.580
hegemony	2.579
hopeless	2.569
haired	2.549
Herman	2.539
Horace	2.536
http	2.532
heavier	2.530
ham	2.523
hesitate	2.512
holistic	2.487
harmonic	2.472
Holt	2.471
haunted	2.456
heirs	2.424
hurricane	2.422
Hz	2.416
hawk	2.414
Hindus	2.408
hare	2.406
hug	2.401
Hague	2.398
heterosexual	2.386
humanities	2.377
honorable	2.372
herb	2.371
humiliation	2.366
helicopter	2.356
habitats	2.346
humidity	2.327
hum	2.312
hast	2.298
hatch	2.293
Hayes	2.269
honors	2.257
hymn	2.255
hearted	2.253
herein	2.247
hemorrhage	2.225
healed	2.224
Hoover	2.221
haste	2.217
huh	2.214
heterogeneity	2.209
harmless	2.203
happier	2.182
Heath	2.161
Hugo	2.155
Heidelberg	2.135
Hamburg	2.133
hub	2.118
hugged	2.099
halted	2.063
highlands	2.059
hen	2.054
Hal	2.044
Hussein	2.044
helmet	2.042
hopeful	2.041
hardened	2.038
hardship	2.038
homicide	2.037
Holly	2.029
Howe	2.029
headaches	2.020
Heather	2.012
Hoffman	2.011
harvesting	1.999
hierarchies	1.997
Houghton	1.986
Hon	1.978
hy	1.975
histoire	1.972
honourable	1.961
hymns	1.959
habitual	1.952
headings	1.942
hail	1.940
horizons	1.933
Hank	1.925
homo	1.919
handing	1.913
Hebrews	1.912
handkerchief	1.908
handler	1.908
Hansen	1.906
herbal	1.905
harmonious	1.892
hairs	1.886
heed	1.857
Hobbes	1.844
Huntington	1.843
humane	1.843
humorous	1.840
Habermas	1.838
hides	1.836
Harlem	1.836
heroine	1.834
Heinrich	1.832
henceforth	1.827
hooked	1.824
highways	1.817
harness	1.814
hooks	1.812
humankind	1.811
hardness	1.811
hurts	1.805
Hale	1.794
hue	1.791
hearth	1.790
Historia	1.785
hereby	1.781
Haiti	1.764
hardest	1.757
hose	1.755
Hastings	1.755
hunted	1.753
horrors	1.750
horseback	1.746
haul	1.743
hurting	1.736
helper	1.735
homage	1.733
Hawkins	1.729
Harcourt	1.728
Huang	1.721
hinder	1.715
hourly	1.709
Hyde	1.698
handwriting	1.694
Helena	1.694
Harding	1.693
HP	1.674
Hampton	1.667
hangs	1.658
hockey	1.656
Hawaiian	1.654
historiography	1.652
highlighting	1.651
Hu	1.648
heresy	1.646
Hinduism	1.640
Hermann	1.639
Highland	1.632
hiking	1.622
humanism	1.619
headlines	1.614
Hutchinson	1.613
hostilities	1.609
headline	1.604
hastened	1.595
hegemonic	1.591
heroin	1.586
Humphrey	1.573
heuristic	1.572
Havana	1.568
hind	1.561
horizontally	1.559
hailed	1.558
hauled	1.556
Hector	1.555
harvested	1.553
hardships	1.542
hybridization	1.542
herds	1.536
handicapped	1.530
hike	1.525
hasty	1.522
hash	1.519
Hawthorne	1.518
hormonal	1.517
hearty	1.515
hosted	1.501
hanged	1.496
Hooker	1.484
Hammond	1.478
het	1.468
hazel	1.464
helm	1.462
huts	1.458
hideous	1.456
hemoglobin	1.442
hillside	1.425
Husserl	1.406
heartily	1.401
horrified	1.390
Harley	1.387
Hg	1.386
heathen	1.384
honoured	1.373
Heinemann	1.359
Hanson	1.354
honorary	1.354
Herr	1.353
homogeneity	1.352
hypocrisy	1.346
Hindi	1.341
Hellenistic	1.339
Helsinki	1.335
hurriedly	1.331
hysteria	1.329
hinted	1.326
heroism	1.325
homestead	1.315
hypothesized	1.311
hectares	1.311
http://	1.308
Hubert	1.297
humanist	1.294
hates	1.291
hysterical	1.288
herpes	1.275
hypotension	1.269
Honolulu	1.267
hush	1.265
hovering	1.263
Hancock	1.252
helplessness	1.251
hostage	1.250
huddled	1.249
Highness	1.245
hydrocarbons	1.243
hobby	1.239
haze	1.239
humanistic	1.237
hallucinations	1.232
hairy	1.231
Hartford	1.230
helix	1.226
hypnosis	1.220
haunt	1.218
homemade	1.218
halves	1.217
hostess	1.214
Hispanics	1.208
helium	1.207
honours	1.205
hurled	1.203
hydrolysis	1.199
Hanover	1.197
humid	1.197
hardening	1.196
hack	1.194
Herod	1.190
hospitalization	1.179
Hemingway	1.179
hydrophobic	1.173
hosting	1.172
Higgins	1.167
housekeeper	1.164
hermeneutics	1.164
HarperCollins	1.157
hopelessly	1.156
Hitchcock	1.154
histogram	1.154
hybrids	1.154
humiliating	1.149
Huxley	1.145
Halifax	1.141
hedges	1.141
heartbeat	1.139
homosexuals	1.136
hindered	1.135
Harrington	1.135
healthier	1.134
Hilton	1.131
hallmark	1.129
hometown	1.126
herring	1.121
hinges	1.120
hampered	1.119
hurrying	1.117
harp	1.116
honeymoon	1.116
halo	1.111
hasten	1.104
heredity	1.102
haunting	1.098
Hicks	1.097
Hercules	1.090
healer	1.087
harmed	1.086
hissed	1.084
havoc	1.080
Howell	1.077
hem	1.074
heater	1.073
hospice	1.063
helicopters	1.060
humbly	1.056
Harmondsworth	1.055
heparin	1.053
hesitant	1.053
Hassan	1.048
housekeeping	1.039
helpers	1.038
humming	1.037
http://www	1.037
howling	1.033
horsemen	1.032
Hayden	1.029
hostages	1.028
Hester	1.024
harshly	1.015
habitation	1.012
hyper	1.011
hog	1.011
Hanna	1.010
handicap	1.001
hugging	0.9977
hospitalized	0.9940
Honduras	0.9937
Heinz	0.9895
H2	0.9878
hounds	0.9866
humiliated	0.9852
hermit	0.9832
hypoxia	0.9807
hither	0.9789
hovered	0.9747
HM	0.9726
HS	0.9694
Hernandez	0.9673
Hillary	0.9667
habitually	0.9660
horrid	0.9583
hound	0.9538
hawks	0.9523
heretofore	0.9515
Hogan	0.9501
happiest	0.9500
Hoffmann	0.9486
Hirsch	0.9450
hyperplasia	0.9434
Hist	0.9432
Hanoi	0.9395
Hartley	0.9383
heretics	0.9381
heaps	0.9378
hinge	0.9372
hypothalamus	0.9343
hopping	0.9336
Hubbard	0.9309
harassed	0.9294
headers	0.9277
hydrocarbon	0.9240
Horton	0.9209
Haitian	0.9158
HT	0.9141
hydration	0.9114
Holden	0.9093
heck	0.9084
Hillsdale	0.9009
Hess	0.8989
harms	0.8988
homologous	0.8987
hindsight	0.8976
Hilda	0.8917
hypnotic	0.8913
habeas	0.8898
hypertrophy	0.8859
hypertext	0.8834
hopelessness	0.8832
HD	0.8794
hobbies	0.8792
Humboldt	0.8730
hyperactivity	0.8727
hopper	0.8718
handwritten	0.8717
Herodotus	0.8706
hypersensitivity	0.8699
Heller	0.8695
honoring	0.8676
hushed	0.8668
Honda	0.8661
Hilary	0.8659
HLA	0.8586
hacker	0.8586
homelessness	0.8532
horrific	0.8505
housewife	0.8469
hamburger	0.8437
Harlan	0.8427
hospitable	0.8405
HC	0.8367
hydroxide	0.8363
hedging	0.8354
haunts	0.8315
Hasan	0.8308
haughty	0.8299
hauling	0.8290
healers	0.8274
HF	0.8229
hindrance	0.8178
hearers	0.8168
hippocampus	0.8158
hoarse	0.8141
HL	0.8137
heaved	0.8115
horribly	0.8105
housework	0.8038
heuristics	0.8035
helplessly	0.8028
hopped	0.7960
hens	0.7957
heaped	0.7955
Hahn	0.7949
haggard	0.7928
handheld	0.7928
happenings	0.7899
Hermes	0.7893
hateful	0.7859
Henrietta	0.7857
hacking	0.7857
Haynes	0.7823
Hays	0.7822
hearsay	0.7814
Helene	0.7803
Hiroshima	0.7798
hues	0.7793
heartfelt	0.7763
handlers	0.7758
Halloween	0.7734
hoisted	0.7720
Hannibal	0.7715
hostel	0.7708
headlights	0.7694
hydro	0.7685
hatched	0.7669
Herder	0.7659
hitch	0.7649
howl	0.7632
hurricanes	0.7623
halting	0.7610
homeowners	0.7580
homeostasis	0.7563
hammered	0.7520
helmets	0.7519
Hodgkin	0.7504
Handel	0.7461
hugely	0.7443
HPLC	0.7436
Hutton	0.7378
Haley	0.7357
heralded	0.7351
hoop	0.7332
Hmm	0.7331
husbandry	0.7297
homme	0.7284
Haworth	0.7278
hunched	0.7274
hating	0.7253
Hertz	0.7224
Hayek	0.7218
Hogarth	0.7202
harden	0.7181
histological	0.7163
Hodges	0.7157
hotter	0.7137
heron	0.7112
helical	0.7105
Haas	0.7102
Harlow	0.7098
Hyderabad	0.7089
hereinafter	0.7084
homogenous	0.7043
headlong	0.7033
H.R.	0.7028
Hartmann	0.7014
HMSO	0.6994
heaving	0.6986
Huber	0.6967
Horowitz	0.6965
hiss	0.6957
hermeneutic	0.6949
Hewitt	0.6945
HB	0.6892
handshake	0.6873
hottest	0.6862
hectare	0.6852
hardwood	0.6843
hazy	0.6835
hie	0.6821
Hamiltonian	0.6819
homely	0.6812
Hearst	0.6803
hotly	0.6791
hernia	0.6781
hippocampal	0.6693
hearer	0.6689
Habsburg	0.6674
Hewlett	0.6669
hypoglycemia	0.6608
heaviest	0.6607
Horatio	0.6606
Helmut	0.6599
HDL	0.6587
Herzegovina	0.6577
heretical	0.6556
hemispheres	0.6544
hypothyroidism	0.6527
Hooper	0.6487
hogs	0.6481
harmonization	0.6450
heroines	0.6450
homology	0.6443
horsepower	0.6440
Hiram	0.6427
Hobson	0.6394
Hawai'i	0.6375
hops	0.6350
Himalayas	0.6317
hissing	0.6295
hooves	0.6284
hordes	0.6270
H2O	0.6262
hive	0.6258
Halle	0.6242
horseshoe	0.6239
hectic	0.6235
Hurst	0.6219
haphazard	0.6196
Hodgson	0.6188
hydroxyl	0.6186
Hegelian	0.6172
Hogg	0.6166
Hui	0.6164
hexagonal	0.6161
harmonics	0.6154
hurdle	0.6145
hammering	0.6133
Hagen	0.6132
Hesse	0.6115
Homeric	0.6104
hrs	0.6090
Hayward	0.6084
hypertensive	0.6077
Hamas	0.6076
housewives	0.6061
hamper	0.6058
HJ	0.6035
Hadley	0.6033
harvests	0.6030
Holloway	0.6029
horticultural	0.6021
hires	0.6008
Hyman	0.6003
heartland	0.6001
hunts	0.5981
Heidi	0.5964
harbors	0.5943
Harmon	0.5942
hapless	0.5941
hoe	0.5925
Hodge	0.5921
hurdles	0.5916
HMS	0.5909
hover	0.5858
Hopi	0.5855
HQ	0.5854
Heine	0.5848
hypothermia	0.5846
hilly	0.5832
histologic	0.5830
heady	0.5803
Himalayan	0.5800
hinterland	0.5796
Hades	0.5787
htm	0.5783
hydrophilic	0.5764
hinged	0.5759
heyday	0.5754
howled	0.5738
Hartman	0.5723
humbled	0.5721
Hadrian	0.5717
harming	0.5708
heighten	0.5697
hurtful	0.5694
hugs	0.5661
horseman	0.5650
hyperbolic	0.5639
Harvester	0.5614
heave	0.5613
hypothalamic	0.5605
harnessed	0.5599
Halliday	0.5599
hatching	0.5564
Hurley	0.5561
histology	0.5539
hematoma	0.5526
Hackett	0.5526
Huron	0.5524
hallowed	0.5523
hemp	0.5522
hemodynamic	0.5519
hypocritical	0.5511
harem	0.5509
Haydn	0.5496
Hellenic	0.5495
hardcover	0.5489
HH	0.5474
Helms	0.5474
Hungarians	0.5463
headmaster	0.5441
Haig	0.5439
hilarious	0.5437
healthful	0.5435
horticulture	0.5435
husky	0.5428
hoist	0.5427
hai	0.5415
hackers	0.5406
hoard	0.5400
harmonize	0.5395
hybridity	0.5386
hydrostatic	0.5381
homecoming	0.5372
Himmler	0.5357
haben	0.5354
Humphreys	0.5339
herding	0.5332
Holocene	0.5330
hydrology	0.5319
homeward	0.5312
Healy	0.5305
hoof	0.5302
Hodder	0.5270
Herzog	0.5268
herbicides	0.5258
Hardin	0.5258
hydrochloric	0.5245
hermitage	0.5237
headway	0.5218
hefty	0.5214
heats	0.5206
HMO	0.5204
Hobbs	0.5192
Heisenberg	0.5191
haemorrhage	0.5173
harmonies	0.5164
heartless	0.5146
Hun	0.5132
heterosexuality	0.5119
handsomely	0.5114
harshness	0.5109
hilt	0.5107
hemorrhagic	0.5099
hacienda	0.5055
harassing	0.5046
Harlequin	0.5041
homophobia	0.5038
hesitating	0.5038
Hosea	0.5034
horrifying	0.5025
Hilbert	0.5023
hubs	0.5012
H.J.	0.4985
Hattie	0.4974
hickory	0.4965
humanists	0.4962
harbored	0.4946
hype	0.4946
hitter	0.4935
haircut	0.4913
hammers	0.4907
hooded	0.4903
heretic	0.4902
harass	0.4888
histamine	0.4866
Hua	0.4863
hardworking	0.4863
handbooks	0.4863
hyperlink	0.4863
honed	0.4861
horrendous	0.4857
horned	0.4832
Hollis	0.4830
Hamid	0.4821
hydrodynamic	0.4812
hewn	0.4798
humerus	0.4769
Horner	0.4760
HUD	0.4757
Henley	0.4754
Holman	0.4744
hunch	0.4741
heen	0.4740
Horst	0.4731
Hubble	0.4724
holster	0.4720
hier	0.4698
Hepburn	0.4697
hiatus	0.4674
Hobart	0.4670
handmade	0.4647
hundredth	0.4647
habitus	0.4642
Howells	0.4634
historicism	0.4634
heeded	0.4629
heals	0.4627
hallways	0.4622
Herrera	0.4613
H.M.	0.4609
heme	0.4604
HK	0.4596
hee	0.4594
hollows	0.4591
Herschel	0.4587
hitched	0.4585
handouts	0.4581
historicity	0.4574
homozygous	0.4570
hone	0.4569
heeled	0.4562
Hershey	0.4555
Hines	0.4553
heinous	0.4547
hydrochloride	0.4546
hydroelectric	0.4542
Hurston	0.4536
harsher	0.4532
hammock	0.4530
handcuffs	0.4502
hysterectomy	0.4497
Hauser	0.4490
Haifa	0.4490
hallmarks	0.4476
hummed	0.4464
huff	0.4463
Huston	0.4462
hallucination	0.4452
hoofs	0.4451
homelands	0.4449
homepage	0.4444
herbicide	0.4439
Hatfield	0.4431
Hari	0.4431
HCl	0.4431
hangar	0.4411
harrowing	0.4403
hydrological	0.4399
Haines	0.4396
hysteresis	0.4391
hamlets	0.4387
How'd	0.4385
handiwork	0.4383
hesitantly	0.4379
heiress	0.4356
hinders	0.4354
handbag	0.4354
highs	0.4328
Harwood	0.4315
hump	0.4314
Hooke	0.4310
horde	0.4301
Harriman	0.4299
hermeneutical	0.4291
Hmong	0.4287
hacked	0.4281
hillsides	0.4277
hyperlinks	0.4265
Hippocrates	0.4253
heaters	0.4245
heaviness	0.4226
humanly	0.4220
hanger	0.4215
havens	0.4214
histograms	0.4207
Haryana	0.4201
Haskell	0.4169
hikers	0.4162
herbivores	0.4157
hedged	0.4154
hemolytic	0.4134
haute	0.4103
halved	0.4089
hierarchically	0.4077
HMOs	0.4073
hassle	0.4063
Huey	0.4051
heresies	0.4050
hoops	0.4043
hematopoietic	0.4037
Hendrix	0.4034
hurling	0.4033
Highlanders	0.4010
hydrated	0.4005
hypothesize	0.4002
Harrisburg	0.3997
homeowner	0.3992
homicides	0.3989
Hawley	0.3984
Hidalgo	0.3984
Huck	0.3978
hollered	0.3971
hawking	0.3969
Helmholtz	0.3968
Harald	0.3967
Hofmann	0.3951
hove	0.3947
Harman	0.3944
harnessing	0.3940
hoax	0.3938
Hinton	0.3927
handkerchiefs	0.3925
herded	0.3922
headphones	0.3918
Hoyt	0.3905
hatchet	0.3905
Holstein	0.3898
Heywood	0.3895
hoses	0.3891
hollowed	0.3890
Huguenots	0.3890
hangings	0.3877
heterozygous	0.3876
Horus	0.3863
hilltop	0.3860
heavyweight	0.3842
hemispheric	0.3840
hastening	0.3826
hurl	0.3822
humoral	0.3821
Hathaway	0.3818
hinting	0.3814
Hagar	0.3808
hawthorn	0.3799
Hanks	0.3775
Higgs	0.3770
Herrmann	0.3766
Hendricks	0.3740
hygienic	0.3739
Harrow	0.3739
H20	0.3731
hypocrite	0.3727
Hezekiah	0.3726
hydroxy	0.3720
H.C.	0.3719
hotline	0.3715
hark	0.3709
Hindustan	0.3703
Hamish	0.3701
Hsu	0.3695
H.A.	0.3693
handicaps	0.3693
hepatocytes	0.3682
Heb	0.3679
Hausa	0.3678
hamburgers	0.3678
Hillman	0.3671
hemlock	0.3668
har	0.3666
Haywood	0.3661
hikes	0.3659
homogenization	0.3655
Hebron	0.3649
harbinger	0.3648
Hazlitt	0.3645
Hussain	0.3642
harmonized	0.3639
Halley	0.3637
hindering	0.3633
Hereford	0.3625
hangers	0.3622
Hellman	0.3622
hives	0.3620
H0	0.3603
Hough	0.3590
Hawke	0.3590
hustle	0.3589
hyperbole	0.3586
harboring	0.3584
hobbled	0.3583
humiliate	0.3578
Hwang	0.3572
Hollander	0.3569
Himalaya	0.3568
headquartered	0.3564
hangover	0.3554
hyperthyroidism	0.3553
hyperglycemia	0.3552
hyperactive	0.3551
Hutchins	0.3548
Holm	0.3537
Humana	0.3531
hypocrites	0.3525
hypertrophic	0.3524
Hesiod	0.3518
hoy	0.3517
hellish	0.3511
householder	0.3508
Hoboken	0.3497
haw	0.3490
harbours	0.3477
Halsey	0.3474
hiked	0.3471
hustled	0.3470
hoods	0.3465
habitable	0.3464
herders	0.3448
handout	0.3447
horny	0.3423
hippie	0.3422
Hillel	0.3420
Hobsbawm	0.3416
hydrocephalus	0.3414
Horkheimer	0.3412
Hyatt	0.3397
hoarding	0.3397
Hickey	0.3395
haemoglobin	0.3388
H.W.	0.3386
H.G.	0.3381
hubris	0.3372
harmoniously	0.3370
Hayashi	0.3361
huddle	0.3358
handedly	0.3353
Hirst	0.3352
Helga	0.3346
homeopathic	0.3337
Hittite	0.3326
homesick	0.3324
Hera	0.3317
hulls	0.3316
hag	0.3311
humus	0.3308
Howie	0.3308
Hashimoto	0.3301
hemmed	0.3295
Haldane	0.3291
handover	0.3287
headdress	0.3285
holographic	0.3271
Hmmm	0.3268
H.D.	0.3267
Hecht	0.3263
HCI	0.3260
halter	0.3258
hypoxic	0.3255
HPV	0.3255
HC1	0.3251
heartache	0.3247
hijacked	0.3244
H.H.	0.3233
Hosp	0.3227
Hargreaves	0.3220
hovers	0.3217
Hawkes	0.3212
heralds	0.3207
Hakim	0.3204
headman	0.3204
Henrik	0.3202
habitations	0.3197
hoarsely	0.3189
Herndon	0.3189
HW	0.3182
hermetic	0.3172
Healey	0.3159
Hara	0.3159
Huns	0.3154
Haraway	0.3151
Heaney	0.3150
handgun	0.3145
herbaceous	0.3140
hysterically	0.3138
Hamlin	0.3132
hatches	0.3128
Havel	0.3126
Hanley	0.3125
H.S.	0.3116
heritability	0.3111
Herrick	0.3100
heedless	0.3093
Hickman	0.3091
hommes	0.3087
Harare	0.3085
hex	0.3082
hydrate	0.3078
Heraclitus	0.3077
HBO	0.3068
handset	0.3053
H.E.	0.3038
Huguenot	0.3023
Henson	0.3021
homophobic	0.3014
Hurd	0.3013
handicrafts	0.3001
hairline	0.2997
helices	0.2996
hors	0.2995
Hawaiians	0.2986
Hertfordshire	0.2980
hexadecimal	0.2978
haunches	0.2970
handcuffed	0.2967
hulk	0.2966
hesitates	0.2964
hv	0.2959
hornet	0.2956
hereof	0.2955
habituation	0.2951
Halpern	0.2949
hurrah	0.2946
Hearn	0.2925
Hallam	0.2925
Hampstead	0.2920
holed	0.2919
hydrologic	0.2918
Hutchison	0.2918
hamster	0.2915
historiographical	0.2912
Haller	0.2910
homing	0.2902
hairdresser	0.2898
hippies	0.2892
headset	0.2884
hypnotized	0.2881
hasta	0.2876
hostels	0.2876
hares	0.2876
Huntingdon	0.2876
hologram	0.2873
Hoff	0.2865
Holliday	0.2864
Harpers	0.2860
Habib	0.2858
Holbrook	0.2858
howls	0.2854
harmonisation	0.2851
homilies	0.2850
Haber	0.2849
Henning	0.2841
headland	0.2836
HRT	0.2835
Hyperion	0.2834
HSV	0.2834
horoscope	0.2830
Hindenburg	0.2828
harried	0.2823
husk	0.2821
Hamel	0.2818
hijacking	0.2817
Hou	0.2802
H.L.	0.2798
Hoare	0.2796
Hulme	0.2789
hooking	0.2786
hemorrhages	0.2776
Havre	0.2770
Hendrick	0.2768
Hennessy	0.2761
Hernando	0.2758
hydra	0.2745
handfuls	0.2742
Horne	0.2740
hyphen	0.2738
Hendrik	0.2727
Husain	0.2724
Hackney	0.2723
hesitancy	0.2722
heartbreak	0.2719
Hansard	0.2716
hearse	0.2716
hemodialysis	0.2695
headwaters	0.2687
Hatton	0.2683
haphazardly	0.2682
hyperthermia	0.2681
Hippo	0.2675
Hamer	0.2672
Huffman	0.2666
headless	0.2650
hereto	0.2644
Hokkaido	0.2644
heritable	0.2643
humbling	0.2634
H.P.	0.2628
Hannover	0.2628
heightening	0.2628
halogen	0.2624
Hoyle	0.2624
Hatcher	0.2623
hoi	0.2617
householders	0.2614
heartbreaking	0.2612
holism	0.2592
honeycomb	0.2590
holiest	0.2586
hedonism	0.2584
Haitians	0.2581
Hendrickson	0.2576
humblest	0.2575
Hildegard	0.2572
helpfully	0.2565
Honore	0.2564
hominids	0.2564
heterodox	0.2563
hairstyle	0.2561
Hermione	0.2558
Humphries	0.2551
homemaker	0.2550
hairpin	0.2549
holies	0.2547
Hanuman	0.2544
homily	0.2541
hailing	0.2540
Hofstede	0.2539
Hardwick	0.2533
heathens	0.2530
Hebrides	0.2521
homoerotic	0.2511
hoary	0.2500
Huygens	0.2500
hypoplasia	0.2492
Hessian	0.2490
handedness	0.2476
Huntsville	0.2475
hyperventilation	0.2474
Huggins	0.2469
Hamm	0.2464
hunk	0.2463
heroically	0.2462
hedonistic	0.2455
holler	0.2455
Havelock	0.2454
homesteads	0.2451
hurtling	0.2442
hew	0.2433
Hiroshi	0.2431
hearths	0.2425
Hortense	0.2420
heightens	0.2419
heartburn	0.2413
Humbert	0.2413
Hallelujah	0.2409
heaping	0.2409
Huckleberry	0.2407
honorific	0.2406
Higginson	0.2401
hybridized	0.2398
Haji	0.2397
harmonizing	0.2395
Hellenism	0.2386
harlot	0.2386
Haile	0.2383
Handbuch	0.2378
hindrances	0.2373
hah	0.2372
hibernation	0.2372
Hopewell	0.2372
handicraft	0.2369
halts	0.2369
Heathrow	0.2364
hock	0.2364
hitters	0.2363
husks	0.2360
haut	0.2360
hedgehog	0.2360
historique	0.2356
Harte	0.2356
honorably	0.2356
Hippocratic	0.2354
headstrong	0.2354
Hagan	0.2351
Hilliard	0.2350
homeostatic	0.2349
Hasidic	0.2347
Hispaniola	0.2332
Hunan	0.2331
Himachal	0.2325
hangman	0.2321
homeopathy	0.2316
Houdini	0.2315
hematocrit	0.2310
hoo	0.2305
Homi	0.2298
hearken	0.2294
Hervey	0.2291
Hales	0.2289
Hildebrand	0.2283
H3	0.2283
hieroglyphics	0.2278
heterosexuals	0.2265
Hebert	0.2264
headgear	0.2260
Hardie	0.2250
Hochschild	0.2248
Hirschman	0.2248
homogenized	0.2247
Halperin	0.2242
hungrily	0.2242
haves	0.2240
hairless	0.2239
herculean	0.2224
hoisting	0.2221
hospitalizations	0.2219
humorously	0.2218
H.B.	0.2217
Hutcheson	0.2217
hijackers	0.2216
Haddad	0.2210
HN	0.2208
harnesses	0.2198
Hezbollah	0.2197
Hoskins	0.2195
Hofstadter	0.2190
Hawes	0.2189
Haman	0.2187
heartedly	0.2182
henchmen	0.2181
heft	0.2178
Hubbell	0.2178
Hammerstein	0.2178
Haus	0.2178
hermits	0.2171
hardcore	0.2168
hominid	0.2166
Hine	0.2161
Hutu	0.2154
H1	0.2153
humours	0.2151
heartbroken	0.2140
hypersensitive	0.2138
hieroglyphic	0.2137
hustler	0.2131
hardto	0.2126
Heaton	0.2126
Hempel	0.2125
Heracles	0.2125
honeysuckle	0.2125
humiliations	0.2120
harshest	0.2118
hubbub	0.2118
Haney	0.2116
Howes	0.2113
homespun	0.2113
Hummel	0.2109
harpsichord	0.2107
Hao	0.2103
Haag	0.2100
Hetherington	0.2098
hoards	0.2097
hoot	0.2096
homicidal	0.2088
Haq	0.2075
hassles	0.2069
Hampden	0.2066
Hitachi	0.2066
hams	0.2059
hilarity	0.2057
Hazen	0.2052
handguns	0.2049
histologically	0.2045
Hein	0.2044
Horvath	0.2042
hydrolyzed	0.2039
homesickness	0.2038
hysterics	0.2038
Harrell	0.2036
humors	0.2036
hexagon	0.2035
hillock	0.2034
Horwitz	0.2033
heraldic	0.2032
Hinds	0.2030
heifer	0.2024
Herbst	0.2012
Harkness	0.2012
hyperinflation	0.2009
horseradish	0.2008
heeding	0.2003
Hirschfeld	0.2000
hounded	0.2000
hatreds	0.1999
hotspots	0.1983
Heb.	0.1982
Henriette	0.1981
hardens	0.1973
huffed	0.1972
haughtily	0.1970
hardwoods	0.1969
historicist	0.1965
Herz	0.1963
Haymarket	0.1963
headboard	0.1958
Hiller	0.1957
helpfulness	0.1957
hedonic	0.1956
hurries	0.1956
Hammett	0.1953
hadith	0.1953
Holton	0.1950
hitching	0.1949
hap	0.1948
Honeywell	0.1947
humbler	0.1947
Haarlem	0.1946
hammocks	0.1944
headmen	0.1941
Heston	0.1938
histidine	0.1936
honouring	0.1936
H7	0.1933
habituated	0.1931
Haight	0.1930
Howland	0.1925
homegrown	0.1924
hyena	0.1921
harmonica	0.1920
herewith	0.1920
Hempstead	0.1920
Hauptmann	0.1919
Hillsborough	0.1913
herniation	0.1908
harboured	0.1907
hallucinatory	0.1906
Halstead	0.1901
hepatocellular	0.1899
Harland	0.1898
harangue	0.1898
hollering	0.1897
Homewood	0.1896
hatchery	0.1895
Highlander	0.1891
herons	0.1891
Haider	0.1889
hemophilia	0.1887
hyacinth	0.1884
hardiness	0.1881
hacks	0.1881
Heim	0.1875
harps	0.1874
headstone	0.1866
Howarth	0.1865
histrionic	0.1862
huntsman	0.1854
Hobbesian	0.1847
Helens	0.1843
heirloom	0.1843
hedgerows	0.1840
HVAC	0.1839
Hussey	0.1837
Hersh	0.1836
Haskins	0.1835
Huntley	0.1829
hombre	0.1824
Hyundai	0.1823
Hallett	0.1820
humbug	0.1819
helmsman	0.1817
Hollingsworth	0.1814
Hendry	0.1814
HIPAA	0.1812
hamsters	0.1810
Heber	0.1810
hourglass	0.1809
hieroglyphs	0.1808
hustling	0.1807
hovel	0.1805
haiku	0.1803
hampers	0.1800
hideout	0.1798
Hardt	0.1794
Haddon	0.1791
hemorrhoids	0.1790
homologue	0.1789
heartbeats	0.1785
Haeckel	0.1783
hoarded	0.1777
harpoon	0.1776
hued	0.1776
humoured	0.1773
Hedley	0.1773
hells	0.1772
H2O2	0.1770
Hammersmith	0.1769
humanitarianism	0.1767
hypnotism	0.1764
harmlessly	0.1759
Hollister	0.1755
Hofer	0.1753
homey	0.1752
handsomest	0.1749
hooted	0.1748
Higham	0.1748
Herzberg	0.1747
hyenas	0.1747
Holley	0.1744
humanness	0.1743
Hasegawa	0.1742
housemaid	0.1739
haggling	0.1738
hypothetically	0.1736
Holyoke	0.1734
halibut	0.1732
hairstyles	0.1730
healthiest	0.1730
humanized	0.1726
humdrum	0.1726
habe	0.1724
Humphry	0.1717
headship	0.1711
Huerta	0.1711
hotbed	0.1710
HHS	0.1709
Hinckley	0.1707
hunches	0.1707
hydrocortisone	0.1706
hia	0.1704
Hajj	0.1703
hypo	0.1700
hastens	0.1700
hydropower	0.1698
hinterlands	0.1690
haystack	0.1689
hulking	0.1688
Halleck	0.1684
Holborn	0.1680
howitzers	0.1676
Hutchings	0.1675
halos	0.1674
Hindoo	0.1673
heroics	0.1671
hesitations	0.1664
hae	0.1664
Hertford	0.1656
hamstring	0.1655
hyaline	0.1654
Habakkuk	0.1654
hemispherical	0.1652
hardback	0.1648
hyphenated	0.1648
hunkered	0.1647
heralding	0.1647
Habsburgs	0.1645
Haan	0.1644
hoes	0.1644
headlined	0.1642
Hippolytus	0.1637
humored	0.1635
herdsmen	0.1632
hick	0.1631
Hwy	0.1630
hangout	0.1629
healings	0.1629
Hurtado	0.1625
humorist	0.1621
honing	0.1615
Haim	0.1612
henceforward	0.1610
Hilaire	0.1606
Haupt	0.1605
Heckman	0.1605
honking	0.1604
hermetically	0.1600
humanoid	0.1599
headlight	0.1593
honourably	0.1592
haploid	0.1591
handlebars	0.1589
hails	0.1589
hetero	0.1587
Humber	0.1586
hydrothermal	0.1586
hideously	0.1584
highquality	0.1582
hos	0.1579
hydraulics	0.1579
Hur	0.1577
hackneyed	0.1575
Humph	0.1567
Hager	0.1566
Hodson	0.1565
hydroxylase	0.1564
Herron	0.1561
hydrogenated	0.1559
Hansel	0.1556
Hanoverian	0.1553
huskily	0.1552
histocompatibility	0.1548
Hynes	0.1547
homemakers	0.1541
hiker	0.1539
Harada	0.1538
Hotchkiss	0.1538
haircuts	0.1537
Hellas	0.1532
heifers	0.1530
hypodermic	0.1527
hampering	0.1521
herbivorous	0.1518
hereunder	0.1518
hummingbirds	0.1518
hashish	0.1517
harmonise	0.1510
Hernan	0.1507
havin	0.1505
Hittites	0.1504
hoarseness	0.1503
holistically	0.1501
hematologic	0.1500
Holbein	0.1500
Hachette	0.1494
Higginbotham	0.1491
HRM	0.1491
Hackman	0.1490
hydrodynamics	0.1487
homogenizing	0.1487
Hainan	0.1485
Hannan	0.1485
Handley	0.1483
holier	0.1481
haddock	0.1480
Hansson	0.1479
hagiography	0.1474
Hildesheim	0.1474
Hampson	0.1472
Hammurabi	0.1467
Harker	0.1465
hotspot	0.1464
Hurwitz	0.1464
housekeepers	0.1460
harvesters	0.1458
Hana	0.1458
hopefulness	0.1458
hummingbird	0.1457
Harmattan	0.1457
heartening	0.1456
hurtled	0.1456
Hillier	0.1454
hawker	0.1453
Hakluyt	0.1450
hooting	0.1445
Haviland	0.1445
Hoffer	0.1444
herrings	0.1444
Hafiz	0.1444
Halliwell	0.1442
Hippolyte	0.1440
hypotenuse	0.1435
Huizinga	0.1433
hereabouts	0.1432
hostesses	0.1431
H.K.	0.1430
heute	0.1430
headlands	0.1423
Hyland	0.1422
hawkers	0.1422
hallucinogenic	0.1421
horsemanship	0.1420
hisses	0.1418
homologues	0.1415
Hapsburg	0.1414
hunchback	0.1413
humanely	0.1413
Hardman	0.1413
homogeneously	0.1412
hominem	0.1412
hamstrings	0.1411
H.F.	0.1408
harbouring	0.1397
handshakes	0.1397
headband	0.1395
herbage	0.1395
hovels	0.1392
Hibbert	0.1390
H.-J.	0.1388
hymen	0.1387
hypnotist	0.1381
Hartwell	0.1380
Hieronymus	0.1380
Helios	0.1380
Hsiao	0.1371
Hamann	0.1370
Hirsh	0.1369
Hoppe	0.1366
hippopotamus	0.1364
H4	0.1363
halfhearted	0.1361
humped	0.1359
hermaphrodite	0.1355
Harter	0.1354
herdsman	0.1353
heritages	0.1353
handpicked	0.1350
haughtiness	0.1350
H.T.	0.1344
hideaway	0.1342
Hass	0.1341
Holzer	0.1338
Holcomb	0.1335
homocysteine	0.1333
hollowness	0.1332
Honig	0.1330
happenstance	0.1330
handbags	0.1329
Hafner	0.1328
heavenward	0.1323
hula	0.1323
Horsley	0.1322
Hedrick	0.1321
Hoch	0.1320
Hanukkah	0.1320
Hillis	0.1320
heaves	0.1317
Hopkinson	0.1316
hodgepodge	0.1313
heartedness	0.1313
Heil	0.1313
Holger	0.1312
handyman	0.1306
Halliburton	0.1305
Holmberg	0.1305
hed	0.1303
hefted	0.1303
helluva	0.1300
Hons	0.1298
hungered	0.1296
hobbling	0.1296
Halberstam	0.1296
Heyman	0.1293
hexane	0.1292
Hanlon	0.1292
hoar	0.1291
hazing	0.1290
hyphens	0.1286
hillocks	0.1278
hindquarters	0.1271
hothouse	0.1270
Henk	0.1269
headstones	0.1268
handrail	0.1268
Hummer	0.1266
Humpty	0.1265
Huberman	0.1263
historiographic	0.1263
hibiscus	0.1262
hallucinating	0.1261
Haemophilus	0.1261
Heide	0.1261
Hallo	0.1260
Hefner	0.1258
hundredths	0.1258
heirlooms	0.1253
haltingly	0.1252
Hebraic	0.1246
handily	0.1244
hardwired	0.1243
handmaid	0.1243
hesitatingly	0.1241
hiccups	0.1240
Hof	0.1235
headedness	0.1235
headdresses	0.1235
Harv	0.1235
hooligans	0.1233
hydrant	0.1230
Heideggerian	0.1228
heartened	0.1227
hyped	0.1225
hackles	0.1219
hav	0.1216
Hennessey	0.1216
Hamill	0.1213
hallucinogens	0.1206
howitzer	0.1205
honeyed	0.1205
hairdo	0.1201
hater	0.1198
housings	0.1193
hobo	0.1191
hypertonic	0.1191
Heloise	0.1185
hierarchic	0.1183
houseboat	0.1182
highbrow	0.1181
hankering	0.1181
horoscopes	0.1174
hypoglycemic	0.1174
Humberto	0.1174
Hoechst	0.1173
Hullo	0.1172
Halsted	0.1168
Hartmut	0.1163
hazarded	0.1161
halve	0.1160
honked	0.1156
huddling	0.1155
hoppers	0.1154
heterogenous	0.1152
hor	0.1152
harbingers	0.1152
hysteric	0.1151
horsehair	0.1150
hoeing	0.1149
hernias	0.1147
Hindustani	0.1146
herbalist	0.1144
Hausman	0.1139
hydrolytic	0.1138
hijack	0.1136
Hargrove	0.1134
Hsieh	0.1133
haec	0.1133
homesteaders	0.1132
hurls	0.1132
hatchets	0.1131
hookers	0.1130
historische	0.1129
herbalists	0.1128
harmonised	0.1127
hobble	0.1125
halide	0.1116
humanizing	0.1111
horseshoes	0.1109
holdup	0.1108
hauls	0.1107
hangars	0.1107
halftime	0.1105
Heng	0.1104
handmaiden	0.1104
Haslam	0.1099
humps	0.1098
Herve	0.1097
heh	0.1096
hospitably	0.1095
Hants	0.1093
Holquist	0.1093
homemaking	0.1093
hemorrhaging	0.1093
Harbin	0.1093
Hulton	0.1091
hora	0.1090
histopathology	0.1090
heraldry	0.1090
halcyon	0.1089
historiques	0.1083
Holtz	0.1082
hoodlums	0.1081
hosiery	0.1080
Hemel	0.1077
handlebar	0.1075
hems	0.1074
humanize	0.1074
hadst	0.1073
handcrafted	0.1072
Hindoos	0.1071
Haug	0.1068
henna	0.1067
hairdressers	0.1067
headscarf	0.1066
haters	0.1064
Hornby	0.1064
hilltops	0.1062
hypotensive	0.1059
hillbilly	0.1057
hexagons	0.1055
hums	0.1052
Hayman	0.1051
Hautes	0.1051
halving	0.1050
Hofstra	0.1048
humorless	0.1047
Hermon	0.1046
hypothesised	0.1046
homeroom	0.1045
homolog	0.1043
Hashim	0.1042
highspeed	0.1042
heatedly	0.1042
hospices	0.1041
hornets	0.1040
hookups	0.1037
hedgerow	0.1030
HDTV	0.1023
hundredfold	0.1022
heavyset	0.1020
harmonizes	0.1013
Horwood	0.1008
headmistress	0.1008
hulks	0.1008
Helicobacter	0.1007
http://www.kessinger.net	0.09996
highlevel	0.09964
hitchhiking	0.09960
Hetty	0.09952
Howdy	0.09928
hypercholesterolemia	0.09907
hairpins	0.09830
hustlers	0.09829
herbivore	0.09820
Hecate	0.09788
Hiawatha	0.09762
hibernate	0.09740
husbandman	0.09703
henchman	0.09703
huffing	0.09698
hegemon	0.09687
heartrending	0.09681
hoots	0.09659
handbills	0.09628
hibernating	0.09609
hostelry	0.09573
hairbrush	0.09570
headfirst	0.09568
harping	0.09511
Hippel	0.09505
Heer	0.09492
histone	0.09482
hookup	0.09453
homologies	0.09436
hus	0.09395
Hamden	0.09386
hatte	0.09363
habet	0.09356
Haase	0.09323
hypothesizes	0.09268
heterodoxy	0.09236
hulled	0.09225
hollowing	0.09192
Hoge	0.09167
Hamza	0.09137
Herold	0.09132
Hepworth	0.09132
hewed	0.09114
hawkish	0.09108
hyacinths	0.09084
hobbyists	0.09072
harks	0.09057
Historie	0.09009
hom	0.08999
Hyun	0.08998
Hungerford	0.08992
hauteur	0.08990
harlots	0.08969
Hani	0.08938
heathenism	0.08937
headsets	0.08923
hieratic	0.08889
hungers	0.08873
highwayman	0.08856
hutch	0.08828
Highgate	0.08771
Hollinger	0.08763
H5	0.08750
H.N.	0.08744
helter	0.08732
homewards	0.08705
Henkel	0.08694
Harney	0.08685
hazelnut	0.08650
HMG	0.08648
hydrogenation	0.08642
helpmate	0.08629
http:/	0.08623
Hopwood	0.08616
halfpenny	0.08602
Helvetica	0.08574
Historica	0.08551
hailstones	0.08550
highwaymen	0.08547
Haigh	0.08536
hiccup	0.08529
hardihood	0.08516
halfheartedly	0.08505
historischen	0.08503
Hispano	0.08502
Hatteras	0.08465
Hamada	0.08462
hashing	0.08440
hardline	0.08406
harangued	0.08404
Hersey	0.08397
Hensley	0.08391
hypochondriac	0.08389
hymnal	0.08388
holdover	0.08378
Hayakawa	0.08374
H.M.S.	0.08358
hin	0.08347
handrails	0.08330
haggle	0.08319
homogenize	0.08300
hisself	0.08266
healthily	0.08261
honeybees	0.08253
hardliners	0.08238
harems	0.08229
Hanford	0.08218
holstered	0.08202
hyperlipidemia	0.08187
heterologous	0.08135
hightech	0.08128
Hewett	0.08128
honneur	0.08127
Harries	0.08107
hob	0.08105
hunks	0.08094
helmeted	0.08055
honk	0.08027
HarperSanFrancisco	0.07990
heartwarming	0.07984
Haar	0.07961
Hartz	0.07958
headrest	0.07925
haue	0.07898
hemolysis	0.07892
hile	0.07883
Hain	0.07869
hawked	0.07862
hazelnuts	0.07857
hauntingly	0.07852
Haggerty	0.07837
hybridisation	0.07802
handsomer	0.07782
Hightower	0.07780
Herts	0.07778
hopefuls	0.07773
Hangzhou	0.07771
Honorius	0.07760
hounding	0.07758
Hastie	0.07753
haps	0.07747
highrisk	0.07725
humaine	0.07714
Hori	0.07708
hybridize	0.07707
haply	0.07704
homosocial	0.07695
Herculaneum	0.07667
hardheaded	0.07664
Haring	0.07636
Houndmills	0.07632
hangovers	0.07624
Hypatia	0.07600
Hecker	0.07579
hatter	0.07575
hussars	0.07549
honorarium	0.07526
Hattori	0.07525
hungering	0.07515
helpings	0.07502
histopathological	0.07501
harangues	0.07493
harking	0.07482
Herefordshire	0.07462
H.V.	0.07444
hoopla	0.07435
humanization	0.07431
hoaxes	0.07430
hydrophobicity	0.07384
Honduran	0.07298
humpback	0.07246
Hemphill	0.07243
hailstorm	0.07227
hometowns	0.07200
hamstrung	0.07199
holsters	0.07141
hitches	0.07140
homines	0.07139
hashed	0.07136
hansom	0.07118
Hirano	0.07118
HSBC	0.07116
headpiece	0.07089
hotlines	0.07049
Haldeman	0.07032
hellfire	0.07030
Harnack	0.06997
Hayne	0.06978
Henrique	0.06976
hipped	0.06960
historicized	0.06929
Haj	0.06912
Hottentot	0.06904
haloperidol	0.06896
hypothesizing	0.06877
hod	0.06865
heavyweights	0.06857
housecleaning	0.06839
Hooray	0.06837
hungrier	0.06818
hanky	0.06817
hilariously	0.06804
hatted	0.06803
Heineman	0.06786
Hornsby	0.06739
honky	0.06738
hearkened	0.06708
Hillsboro	0.06685
heartaches	0.06677
homed	0.06666
handsets	0.06657
hatchway	0.06649
Hamptons	0.06613
headcount	0.06598
Heliopolis	0.06593
hussy	0.06571
Haydon	0.06566
histrionics	0.06564
haranguing	0.06554
hypochondria	0.06554
heuristically	0.06552
hippy	0.06547
Horeb	0.06545
Hottentots	0.06530
hotshot	0.06528
harmonising	0.06524
How're	0.06517
howsoever	0.06506
haying	0.06481
hoodwinked	0.06477
Hobhouse	0.06472
Horgan	0.06439
hangin	0.06426
Huss	0.06422
Hsi	0.06409
hows	0.06363
hemming	0.06339
haywire	0.06315
hijackings	0.06312
horseplay	0.06256
hominis	0.06255
Hocking	0.06255
homelike	0.06252
hurly	0.06204
hypochlorite	0.06133
handicapping	0.06128
highfrequency	0.06124
Hearne	0.06104
humbles	0.06099
hewing	0.06083
holdout	0.06059
hopscotch	0.06034
hemostasis	0.05991
huntsmen	0.05984
heartstrings	0.05983
Hartung	0.05981
heedlessly	0.05964
Hannon	0.05945
hoodlum	0.05925
hich	0.05920
Holtzman	0.05911
Haye	0.05902
highpitched	0.05901
Hilde	0.05880
Hann	0.05871
Heineken	0.05858
hoth	0.05842
husbandmen	0.05839
humping	0.05835
haulage	0.05832
hagiographic	0.05786
hab	0.05780
haptic	0.05776
hoss	0.05769
hev	0.05756
habitants	0.05750
heing	0.05749
haunch	0.05740
Howitt	0.05737
hypotonic	0.05717
harked	0.05717
Hamlyn	0.05713
Hashanah	0.05710
hir	0.05708
highperformance	0.05707
hyphenation	0.05704
heartlands	0.05703
hags	0.05664
herringbone	0.05663
heartiness	0.05640
heist	0.05633
hypnotize	0.05626
Hellenes	0.05610
hostname	0.05606
Hirohito	0.05586
hac	0.05540
hacer	0.05535
hypocrisies	0.05498
hosed	0.05496
highprofile	0.05493
Hosmer	0.05456
heliocentric	0.05427
Hallowell	0.05426
Howlett	0.05423
headquarter	0.05414
highschool	0.05396
hayloft	0.05394
harmonically	0.05392
hitchhiked	0.05355
hidebound	0.05344
hypocritically	0.05329
humbleness	0.05314
humanlike	0.05314
hoists	0.05303
homogenisation	0.05243
honeycombed	0.05238
hogging	0.05228
Houser	0.05228
handcuff	0.05208
Hulbert	0.05202
hardball	0.05197
Hoosier	0.05189
headbands	0.05177
haystacks	0.05161
hydrants	0.05123
hirelings	0.05096
Hochschule	0.05071
hollers	0.05068
hormonally	0.05063
historicize	0.05004
Haggai	0.04996
HDI	0.04989
Hadi	0.04983
hitchhiker	0.04979
hunching	0.04976
Herrnstein	0.04964
Homburg	0.04957
HRD	0.04918
hospitalised	0.04896
humanitarians	0.04884
hullabaloo	0.04864
Harrods	0.04858
hedgehogs	0.04855
Harrod	0.04850
Hanseatic	0.04845
Hel	0.04843
heartsick	0.04835
halfhour	0.04817
Holme	0.04780
hitchhike	0.04774
hippos	0.04771
hardier	0.04767
headroom	0.04755
humain	0.04750
hyperventilating	0.04731
Housman	0.04725
hortatory	0.04700
Higashi	0.04690
hassled	0.04663
Hohenzollern	0.04661
Hitt	0.04646
hangouts	0.04643
Haran	0.04643
humongous	0.04622
heeds	0.04602
Hailey	0.04602
historico	0.04595
Holdsworth	0.04567
Herzl	0.04567
hygienist	0.04567
hideouts	0.04530
Henan	0.04529
handhold	0.04518
hes	0.04482
H2S	0.04469
handball	0.04467
heavy7	0.04465
havo	0.04463
hellhole	0.04456
hairdos	0.04447
Hofman	0.04446
Huddleston	0.04443
hucksters	0.04435
H.O.	0.04430
hombres	0.04426
homebound	0.04397
highroad	0.04384
highresolution	0.04381
hots	0.04373
highlighter	0.04347
Helmuth	0.04343
hei	0.04337
heterosexism	0.04324
hokey	0.04320
Heike	0.04302
handmaidens	0.04299
Hanser	0.04294
Huddersfield	0.04293
hardiest	0.04290
hireling	0.04286
hunker	0.04267
highpressure	0.04249
hairdressing	0.04242
herniated	0.04229
Hellespont	0.04225
hedonist	0.04222
Hereupon	0.04219
holdouts	0.04219
Hurons	0.04219
housewares	0.04139
hain't	0.04120
hypertrophied	0.04105
hydraulically	0.04103
hereon	0.04094
houseguest	0.04085
housemaids	0.04080
headlamps	0.04075
hermaphrodites	0.04071
hypnotically	0.04066
Halford	0.04062
hospitalisation	0.04021
hunky	0.03997
Herat	0.03919
Hirata	0.03915
headscarves	0.03914
hese	0.03911
henhouse	0.03911
hirsute	0.03909
handshaking	0.03902
highranking	0.03856
horseflesh	0.03848
HPA	0.03837
hominum	0.03810
Henriques	0.03807
hogsheads	0.03786
housecoat	0.03782
hallow	0.03766
hotheaded	0.03746
Hayley	0.03687
hectoring	0.03681
hanker	0.03674
Hayworth	0.03670
Harwich	0.03667
heartlessness	0.03639
Hongkong	0.03630
hyssop	0.03621
heareth	0.03620
Harrap	0.03609
historicizing	0.03587
humiliates	0.03582
heathenish	0.03573
hundredweight	0.03518
Higuchi	0.03493
hoofed	0.03485
hubby	0.03476
Himmel	0.03454
hellos	0.03448
haggled	0.03444
hocus	0.03435
houseful	0.03415
hotbeds	0.03409
hander	0.03401
hinging	0.03388
hallucinate	0.03373
Hymes	0.03370
heiresses	0.03359
harpoons	0.03337
Hitlers	0.03333
habiliments	0.03300
hijab	0.03298
homonyms	0.03242
Hyder	0.03239
Hubei	0.03226
housetops	0.03216
hones	0.03201
Hollanders	0.03196
haciendas	0.03173
Huntly	0.03154
handbill	0.03154
hydrolyze	0.03153
hardboiled	0.03147
Haugen	0.03143
hardscrabble	0.03137
hoardings	0.03122
heure	0.03114
haft	0.03100
hyperventilate	0.03075
hogshead	0.03072
hic	0.03062
Hardwicke	0.03043
heaths	0.03037
humouredly	0.03034
hatless	0.03017
Haughton	0.03004
hideousness	0.02997
H'm	0.02997
housemates	0.02984
horrify	0.02946
habited	0.02945
hurtle	0.02940
homeliness	0.02915
hieroglyph	0.02906
handprints	0.02903
Hoek	0.02894
Hillard	0.02846
heckling	0.02842
Hebe	0.02835
heav'n	0.02823
harped	0.02809
hereunto	0.02807
hustings	0.02802
homoeopathic	0.02802
handwork	0.02794
Halevy	0.02790
Heilman	0.02784
hygroscopic	0.02760
Helicon	0.02751
Hackensack	0.02751
heterogeneities	0.02729
Hoon	0.02669
Heffernan	0.02655
Hitchens	0.02612
hawser	0.02604
heartiest	0.02604
hocks	0.02592
harrowed	0.02581
hemiplegia	0.02578
Hernández	0.02574
Hutson	0.02539
Henshaw	0.02533
humoring	0.02513
hefting	0.02512
Howbeit	0.02511
heckled	0.02475
housebound	0.02473
hereinbefore	0.02471
hematite	0.02467
hungover	0.02464
Hafez	0.02460
halfcentury	0.02454
hollyhocks	0.02449
Hayti	0.02439
Hardinge	0.02425
hereditaments	0.02420
Hippodrome	0.02414
halloo	0.02414
harebrained	0.02402
habere	0.02402
hospitalities	0.02401
Helmer	0.02396
Hannay	0.02384
hemi	0.02367
hira	0.02363
Heathcote	0.02355
Harrassowitz	0.02347
haa	0.02344
haf	0.02338
hooligan	0.02333
Hermans	0.02318
hearthstone	0.02311
hemlocks	0.02303
hup	0.02295
Holyrood	0.02295
Hematology	0.02291
Heald	0.02289
Hotspur	0.02281
Howards	0.02280
healthiness	0.02278
handholds	0.02261
Hardee	0.02250
Haddington	0.02239
hypercritical	0.02217
hooliganism	0.02217
Hesperides	0.02212
heerd	0.02207
Hildebrandt	0.02207
hummocks	0.02199
Hibernian	0.02189
harmlessness	0.02177
Hendon	0.02173
habituate	0.02141
heedlessness	0.02136
harpies	0.02135
Hartwig	0.02120
halters	0.02109
Hessians	0.02108
havebeen	0.02103
hierarchal	0.02098
halfdozen	0.02093
Harrigan	0.02074
hominy	0.02051
houseless	0.02046
hushing	0.02046
hadn	0.02040
hame	0.02035
hooky	0.02023
harpy	0.02021
Horan	0.02019
Hindostan	0.02014
hanc	0.02014
harmonium	0.02000
huckster	0.01987
heavies	0.01975
Hout	0.01970
hegemonies	0.01966
Heimat	0.01959
hyperbola	0.01956
Hargrave	0.01950
Hake	0.01928
hogwash	0.01910
Haverhill	0.01895
haloed	0.01894
hallows	0.01883
histopathologic	0.01873
Hirose	0.01871
handson	0.01871
healths	0.01870
humorists	0.01855
humaines	0.01852
humoredly	0.01851
Hering	0.01842
hoodwink	0.01825
hindmost	0.01820
hote	0.01813
halfpence	0.01811
hydrates	0.01805
Hodgkinson	0.01805
hoed	0.01791
Hugues	0.01786
Hogue	0.01781
heare	0.01780
hummus	0.01777
haled	0.01771
Henle	0.01770
Hanbury	0.01763
hobbyist	0.01753
hussar	0.01748
hankered	0.01737
huffy	0.01735
hosses	0.01730
hydroxylation	0.01727
hace	0.01720
Henrich	0.01719
Hewson	0.01717
Hagerstown	0.01714
harkens	0.01705
Hoke	0.01704
Hartshorne	0.01704
Holcombe	0.01703
Headley	0.01702
Hildreth	0.01683
Horrocks	0.01682
hosing	0.01676
Huet	0.01674
Hennepin	0.01669
highenergy	0.01663
hiin	0.01660
http://www.grin.com/	0.01654
Hata	0.01647
Hals	0.01644
hypnotised	0.01644
hollowly	0.01641
huntress	0.01641
Holinshed	0.01639
humidified	0.01633
husbanded	0.01630
helpmeet	0.01624
hearkening	0.01618
hyperemia	0.01613
Heth	0.01612
Hesketh	0.01595
Harun	0.01594
huntin	0.01590
Horatius	0.01587
Haroun	0.01584
hexameter	0.01582
herbarium	0.01577
heliotrope	0.01568
hilts	0.01564
Herzen	0.01562
Holyhead	0.01549
hazarding	0.01549
Hemans	0.01539
heterosexist	0.01537
hep	0.01525
hym	0.01523
huddles	0.01518
Harford	0.01513
himselfe	0.01511
hoars	0.01508
Hesperus	0.01494
Hovey	0.01490
http://www.wiley.com/go/permissions	0.01483
hydrophobia	0.01459
Herodias	0.01452
habitues	0.01452
Hage	0.01443
harrying	0.01440
haversack	0.01438
Hartog	0.01426
halfpast	0.01425
holdin	0.01412
hypostasis	0.01410
Hotmail	0.01396
healthrelated	0.01389
highpowered	0.01377
Hosanna	0.01376
Hecuba	0.01362
Hort	0.01354
hostler	0.01349
Hoang	0.01349
Hinde	0.01338
hearthrug	0.01337
halyards	0.01317
honeydew	0.01306
halogenated	0.01305
headsman	0.01272
Hadfield	0.01263
hateth	0.01259
hydride	0.01258
hoofbeats	0.01258
Hickson	0.01252
highborn	0.01241
Hamburgh	0.01240
Hoekstra	0.01238
Hausmann	0.01234
hydrotherapy	0.01225
hoys	0.01223
hematological	0.01223
hi3	0.01212
Hematol	0.01206
hexameters	0.01205
honesdy	0.01200
hepatocyte	0.01199
homesteading	0.01194
Hudibras	0.01192
handoff	0.01180
Hainault	0.01177
Herrn	0.01176
hallucinated	0.01173
harpist	0.01167
Halicarnassus	0.01156
Hsia	0.01153
higherlevel	0.01152
heah	0.01152
Heymann	0.01151
harriers	0.01150
hazily	0.01145
hody	0.01143
Hebei	0.01141
Hibbard	0.01139
habent	0.01130
higherorder	0.01125
Hoa	0.01112
Holofernes	0.01108
Hertzberg	0.01104
heures	0.01100
him.1	0.01099
horsedrawn	0.01098
Honoré	0.01091
hied	0.01081
hypermedia	0.01076
hypnotizing	0.01073
hempen	0.01072
Hibernia	0.01062
hunchbacked	0.01058
humani	0.01057
handmaids	0.01056
Highnesses	0.01056
Heiner	0.01050
hipster	0.01049
hiB	0.01046
hobbles	0.01042
humaneness	0.01039
haversacks	0.01023
he'd	0.01020
Hutt	0.01018
harrows	0.01017
Hingham	0.01009
Helvetius	0.01005
http://dnb.ddb.de/	0.01002
halberd	0.009984
highpoint	0.009955
hacia	0.009944
hobnobbing	0.009930
hefore	0.009919
holdeth	0.009915
Harleian	0.009912
Hamelin	0.009879
highminded	0.009794
hummock	0.009760
Hounslow	0.009749
Hambledon	0.009661
hunc	0.009661
hest	0.009652
hinderance	0.009639
hesitance	0.009536
H.GREEN	0.009486
H2SO4	0.009421
Harrogate	0.009261
Hollands	0.009170
hing	0.009170
Horsham	0.009154
hould	0.009141
hight	0.009093
Historiae	0.009080
Heriot	0.009071
Hanoverians	0.009060
hassling	0.009046
hematomas	0.009021
Hapsburgs	0.008958
hfe	0.008945
hangdog	0.008941
hasted	0.008916
heeling	0.008914
hairbreadth	0.008866
Horatian	0.008853
Hola	0.008853
honeysuckles	0.008842
Hochschullehrer	0.008833
hardtack	0.008756
hawsers	0.008694
halberds	0.008669
humbugs	0.008662
hypochondriacal	0.008655
haberdasher	0.008579
hallooing	0.008512
hurrahs	0.008508
horsed	0.008447
H.R.H.	0.008417
humourist	0.008393
hys	0.008386
husbanding	0.008368
hewers	0.008361
horticulturist	0.008281
hymnals	0.008220
howlings	0.008220
heathendom	0.008151
healthfulness	0.008141
hooped	0.008072
hookah	0.008014
hts	0.007975
haberdashery	0.007951
haziness	0.007926
hobgoblin	0.007922
hidingplace	0.007897
habitudes	0.007848
heureux	0.007820
hii	0.007800
horsewoman	0.007784
heedful	0.007778
hobgoblins	0.007742
humourous	0.007737
hacksaw	0.007715
housetop	0.007677
hujus	0.007636
halfe	0.007612
Hmmmm	0.007585
hornpipe	0.007576
huzzas	0.007513
hearin	0.007336
horsewhip	0.007311
hallooed	0.007295
Hessen	0.007289
historiographer	0.007259
hyperbolical	0.007206
honse	0.007190
hearest	0.007169
hirn	0.007165
Halpin	0.007147
haud	0.007114
heartlessly	0.007096
hearten	0.007078
Httle	0.007055
heirship	0.007053
headhunters	0.007003
houris	0.006985
humouring	0.006972
Henrys	0.006968
huckleberries	0.006967
heartier	0.006945
harmonises	0.006941
harkened	0.006903
helpin	0.006900
hellebore	0.006857
haws	0.006826
hardhearted	0.006824
hostelries	0.006804
horticulturists	0.006754
hade	0.006748
hasp	0.006727
heroical	0.006687
hatchways	0.006673
hostiles	0.006673
holidaymakers	0.006617
Harvill	0.006559
healthfully	0.006541
Hau	0.006527
horsey	0.006521
hydrangeas	0.006485
hurdy	0.006433
hecatombs	0.006395
Henty	0.006389
haloes	0.006379
housewifery	0.006325
Hexham	0.006321
HarperCollinsPublishers	0.006211
horrendously	0.006180
hassock	0.006094
habitue	0.006004
hasting	0.005958
Heigho	0.005912
hazels	0.005908
heinousness	0.005904
harum	0.005897
hothouses	0.005886
humpbacked	0.005868
Haussmann	0.005830
hearkens	0.005816
hilted	0.005807
heathy	0.005802
hartshorn	0.005793
hottie	0.005791
hopin	0.005775
Honshu	0.005767
horridly	0.005753
heavenwards	0.005738
handiest	0.005702
housemate	0.005692
honeybee	0.005675
handier	0.005655
homeliest	0.005648
hayfield	0.005636
Herrschaft	0.005614
habitant	0.005596
hallelujahs	0.005526
handicraftsmen	0.005479
henpecked	0.005477
hawthorns	0.005455
holing	0.005401
harmfulness	0.005396
hastiness	0.005390
Hoyer	0.005389
hhn	0.005369
hardily	0.005329
Hanns	0.005324
honester	0.005259
hair's	0.005234
haymakers	0.005197
helpeth	0.005176
hotness	0.005158
haughtiest	0.005131
handsomeness	0.005104
hatters	0.005082
historv	0.005062
housewarming	0.005057
hecklers	0.005039
Henke	0.005008
hymeneal	0.004916
hobnailed	0.004914
Hulse	0.004730
hereabout	0.004729
hosannas	0.004725
horrifically	0.004698
Hanes	0.004694
Hollo	0.004676
honied	0.004674
Humblot	0.004669
holocausts	0.004629
homiletic	0.004608
harridan	0.004604
higgledy	0.004599
hallowing	0.004543
hopeth	0.004510
husking	0.004507
hatefully	0.004494
Heigh	0.004440
halfbrother	0.004386
hugest	0.004377
hawse	0.004359
humbugged	0.004343
hjs	0.004337
Hurray	0.004312
himsel	0.004307
hugeness	0.004305
Homan	0.004234
huit	0.004224
hothead	0.004189
hardcopy	0.004188
habitude	0.004124
homelier	0.004061
Halloa	0.003964
highspirited	0.003926
hig	0.003845
http://www.taylorandfrancis.com	0.003827
hea	0.003793
hoodie	0.003780
hyperlinked	0.003637
heathery	0.003526
haymaking	0.003371
husked	0.003331
halfa	0.003320
homini	0.003266
hawed	0.003107
housewifely	0.003060
Hke	0.002950
hidin	0.002943
hasbeen	0.002934
ha3	0.002929
horseless	0.002882
hushes	0.002880
humanising	0.002844
hies	0.002784
hazed	0.002756
hiccough	0.002730
his'n	0.002702
huzza	0.002685
hitn	0.002682
humanised	0.002582
hern	0.002537
hereditarily	0.002523
hubcaps	0.002516
hollyhock	0.002507
hugger	0.002467
hideth	0.002456
hews	0.002433
hived	0.002409
hetween	0.002352
hetter	0.002352
humbugging	0.002319
hatband	0.002227
harasses	0.002220
highfalutin	0.002177
huskiness	0.002148
highwater	0.002123
herefrom	0.002078
hawing	0.002045
highhanded	0.001969
