right	224.6
research	138.9
rather	133.6
room	105.1
result	97.15
real	96.68
role	92.22
results	92.07
really	90.21
rights	89.21
rate	88.42
read	80.29
reason	78.54
required	76.84
R.	75.46
risk	74.92
report	74.65
related	74.18
relationship	73.94
return	70.54
response	65.72
range	63.96
rule	62.25
run	62.21
review	61.15
red	60.92
reading	59.52
religious	59.30
resources	59.08
rest	56.79
received	56.49
rules	55.01
river	53.45
respect	51.59
road	51.50
r	50.60
region	50.60
remember	50.18
relations	50.04
recent	47.15
reported	44.39
reference	43.08
religion	42.34
reached	41.80
re	41.59
record	41.28
ready	40.07
reality	39.94
reasons	39.04
rates	38.76
returned	37.99
Robert	37.60
relationships	37.52
round	37.44
relation	36.74
remain	36.41
require	36.30
race	36.03
requires	35.98
running	35.93
remains	35.82
rise	35.20
relative	35.18
requirements	34.95
remained	34.25
relatively	33.65
reach	32.52
raised	32.28
receive	32.19
reports	31.99
responsibility	31.76
reduced	31.34
rich	31.18
resistance	30.62
responsible	30.42
regard	29.93
rose	29.92
Richard	29.73
records	29.51
relevant	29.48
regional	28.75
reduce	28.20
recently	27.99
reaction	27.75
represent	27.46
ran	27.44
regarding	27.37
represented	27.06
revolution	27.06
rock	26.81
reform	26.74
regular	26.52
references	26.36
referred	25.62
royal	25.44
Roman	24.98
ratio	24.94
recognized	24.92
representation	24.11
rural	24.00
radio	23.98
reader	23.83
regions	23.72
replied	23.71
release	23.63
removed	23.42
resource	23.39
recognition	23.37
reduction	23.20
resulting	23.10
Russian	23.08
resolution	22.82
represents	22.63
request	22.63
realized	22.39
reasonable	21.35
responses	21.24
regulation	20.82
refer	20.13
relief	20.11
readers	20.06
recognize	20.05
Republic	19.82
Russia	19.66
respectively	19.62
remove	19.47
remaining	19.42
regarded	19.37
recorded	19.35
reflect	18.80
root	18.66
repeated	18.61
roles	18.53
rapid	18.47
ring	18.29
Rome	18.24
regulations	18.13
rapidly	18.00
revealed	17.94
refers	17.89
raise	17.69
returns	17.55
route	17.42
random	17.09
refused	16.93
regime	16.90
rare	16.87
racial	16.73
rain	16.67
respond	16.65
radical	16.41
researchers	16.37
representative	16.35
row	16.34
rooms	16.33
realize	16.31
remembered	16.21
recovery	16.09
reflected	16.03
rising	15.85
recommended	15.76
replaced	15.74
rarely	15.32
ray	15.16
revenue	15.08
receiving	14.92
reactions	14.69
risks	14.59
remote	14.56
released	14.48
requirement	14.24
rational	14.19
reflection	14.18
roots	14.06
recall	13.73
resulted	13.49
rice	13.48
runs	13.38
representatives	13.16
reporting	13.15
reaching	12.98
radiation	12.94
reserved	12.86
reducing	12.83
reveal	12.62
ride	12.61
relating	12.57
residents	12.46
remarkable	12.40
recording	12.39
reputation	12.25
regardless	12.15
readily	11.98
rejected	11.94
raw	11.88
removal	11.88
raising	11.83
ritual	11.82
returning	11.79
rank	11.75
reply	11.62
representing	11.58
repeat	11.49
reasoning	11.46
rocks	11.41
Republican	11.36
roof	11.35
Rev.	11.33
revolutionary	11.24
responsibilities	11.19
reserve	11.08
rough	11.06
restaurant	11.02
roll	10.97
routine	10.89
regularly	10.86
register	10.85
replace	10.85
restricted	10.84
reverse	10.76
responded	10.71
regulatory	10.67
reflects	10.42
registered	10.16
repair	10.11
rely	10.09
roads	10.08
relate	10.06
restrictions	10.03
reforms	9.843
reliable	9.802
reveals	9.767
residence	9.744
resolved	9.715
recommendations	9.713
rear	9.679
remarks	9.659
retirement	9.543
rent	9.467
romantic	9.439
realm	9.389
rivers	9.260
receptor	9.187
requiring	9.136
rolled	8.974
revelation	8.894
resolve	8.808
referring	8.792
representations	8.779
reward	8.776
reconstruction	8.771
relatives	8.761
respective	8.638
replacement	8.614
registration	8.605
Res	8.598
retained	8.442
respondents	8.420
ruling	8.406
rendered	8.389
Russell	8.309
revised	8.276
railroad	8.257
resist	8.228
rhetoric	8.216
ruled	8.133
riding	8.109
reviews	8.091
recalled	8.075
reminded	8.072
roughly	8.049
regression	7.979
requests	7.964
rolling	7.925
reproduction	7.908
requested	7.882
Routledge	7.879
receives	7.853
reasonably	7.849
renal	7.842
refuse	7.762
reproduced	7.721
ranging	7.715
reaches	7.705
resident	7.685
rush	7.678
reliability	7.656
retain	7.608
repeatedly	7.592
Roger	7.565
rejection	7.561
respiratory	7.459
railway	7.458
reduces	7.448
Roosevelt	7.445
rows	7.434
reprinted	7.413
restoration	7.365
reign	7.357
retired	7.321
Rs	7.300
reception	7.300
reviewed	7.256
recovered	7.232
Renaissance	7.152
realistic	7.065
rotation	7.054
restore	7.047
recover	7.032
religions	7.027
reflecting	6.948
relates	6.944
relevance	6.907
resort	6.884
render	6.838
recommend	6.820
rescue	6.817
rating	6.752
ranks	6.725
Robinson	6.721
rigid	6.681
remarked	6.674
restored	6.654
ridge	6.653
retail	6.533
Ruth	6.521
rhythm	6.516
retreat	6.513
Ross	6.496
reject	6.469
receptors	6.417
removing	6.413
revenues	6.399
racism	6.379
rubber	6.375
romance	6.350
residential	6.335
rays	6.323
reads	6.312
rape	6.310
remainder	6.302
respects	6.301
rat	6.285
rebellion	6.282
rode	6.270
readings	6.267
remedy	6.210
raises	6.181
realization	6.174
receiver	6.156
researcher	6.155
Romans	6.129
refugees	6.117
rehabilitation	6.108
reflections	6.096
rope	6.090
rid	6.081
regulated	6.057
races	6.031
regards	6.028
respected	6.016
rings	5.959
regiment	5.949
reserves	5.901
reinforced	5.895
ranges	5.889
residual	5.876
rushed	5.868
resting	5.865
remind	5.855
ruler	5.841
rod	5.825
rage	5.803
routes	5.799
rises	5.771
remark	5.762
rituals	5.758
radius	5.750
reporter	5.747
Roy	5.712
rail	5.698
ratios	5.685
responding	5.636
recognised	5.633
realities	5.553
reproductive	5.547
relaxed	5.528
relieved	5.511
relaxation	5.502
rooted	5.466
rival	5.464
resistant	5.454
Ralph	5.437
recognizing	5.426
renewed	5.403
refusal	5.385
retention	5.385
restriction	5.357
regimes	5.350
Reagan	5.337
rats	5.314
rulers	5.294
Roberts	5.271
revision	5.196
react	5.194
restaurants	5.187
rewards	5.176
revealing	5.161
retrieval	5.126
regulate	5.122
regret	5.119
realism	5.115
reliance	5.115
relied	5.102
resonance	5.087
Rachel	5.085
repetition	5.035
RNA	5.004
reluctant	4.998
remembering	4.940
ROM	4.932
refuge	4.916
recommendation	4.909
reversed	4.851
recipient	4.837
resurrection	4.834
rocky	4.819
rang	4.813
rested	4.812
rifle	4.794
robust	4.774
rationale	4.742
relational	4.727
relax	4.725
revenge	4.723
reconciliation	4.629
routing	4.628
Rogers	4.624
rendering	4.621
revival	4.613
ruin	4.585
Republicans	4.572
Reed	4.543
Robin	4.510
Rio	4.389
renewal	4.383
rounded	4.376
retrieved	4.369
rests	4.367
remedies	4.345
Ryan	4.343
rhetorical	4.278
reservation	4.277
Ronald	4.273
refined	4.273
replacing	4.272
restructuring	4.250
recruitment	4.242
ratings	4.217
Russians	4.204
recognizes	4.186
receipt	4.167
ranch	4.157
recurrent	4.140
ram	4.127
racing	4.120
remarkably	4.102
rolls	4.094
revolt	4.092
ranking	4.074
RA	4.070
risen	4.070
rental	4.067
recreation	4.055
Richmond	4.042
rationality	4.032
realizing	4.026
reinforce	4.025
Raymond	4.017
rabbi	3.998
Reformation	3.990
resume	3.982
respondent	3.946
ruins	3.937
redemption	3.932
restraint	3.884
rightly	3.884
reporters	3.871
rebel	3.868
reactive	3.857
righteousness	3.852
realised	3.816
rebels	3.787
restrict	3.783
reinforcement	3.771
reminds	3.754
reservations	3.746
reviewing	3.738
rev	3.732
refusing	3.730
Reynolds	3.725
rites	3.716
rob	3.704
ridiculous	3.694
reflective	3.690
repeating	3.682
relieve	3.680
relies	3.663
recipients	3.661
rated	3.660
righteous	3.637
replication	3.612
responsive	3.583
resemble	3.581
rabbit	3.577
randomized	3.577
roses	3.573
rounds	3.568
reservoir	3.543
recalls	3.503
routinely	3.494
radically	3.489
respectable	3.473
responds	3.448
randomly	3.438
reciprocal	3.435
refugee	3.421
ruined	3.412
rim	3.410
recognise	3.399
Richardson	3.399
radial	3.395
resisted	3.390
resemblance	3.349
resentment	3.348
reproduce	3.347
rigorous	3.344
resumed	3.329
repression	3.327
rectangular	3.321
restrictive	3.318
radar	3.315
resigned	3.311
rubbed	3.300
Reverend	3.268
regulating	3.238
Ron	3.235
relying	3.231
resembles	3.204
reversal	3.200
releases	3.184
router	3.174
recipe	3.171
rude	3.160
readiness	3.155
racist	3.135
Rebecca	3.107
Robertson	3.098
retrieve	3.081
rainfall	3.080
reductions	3.078
Rick	3.057
resolutions	3.051
reminder	3.051
resignation	3.013
risky	2.996
regeneration	2.990
robot	2.989
refuses	2.977
raid	2.950
reformers	2.945
retaining	2.922
ref	2.892
rushing	2.886
restless	2.881
respecting	2.852
ranged	2.846
rewarded	2.842
Rousseau	2.841
recordings	2.827
radicals	2.824
remembers	2.822
Reich	2.812
recruited	2.807
residues	2.802
reluctance	2.802
repairs	2.797
robe	2.796
rider	2.787
ranked	2.773
receipts	2.753
retire	2.737
rejecting	2.736
reverence	2.732
reflex	2.726
registers	2.726
releasing	2.707
rotating	2.706
reformed	2.701
Rosa	2.701
riches	2.687
routines	2.685
registry	2.680
ribs	2.677
rupture	2.673
Rd	2.667
reactor	2.659
refrain	2.656
resolving	2.642
ribbon	2.632
realise	2.630
Rico	2.610
reside	2.604
rainbow	2.592
ringing	2.583
richer	2.579
rented	2.574
RF	2.566
Rep.	2.565
ripe	2.559
recurrence	2.550
residue	2.535
reprint	2.529
Reid	2.528
replies	2.520
rumors	2.516
rivals	2.513
recourse	2.509
reorganization	2.489
referral	2.487
requisite	2.479
recreational	2.470
rue	2.468
retailers	2.458
reasoned	2.456
rocket	2.455
recruiting	2.444
reluctantly	2.442
restoring	2.427
refinement	2.423
rash	2.423
roar	2.422
renders	2.419
riots	2.415
renowned	2.413
rubbing	2.412
rack	2.409
reconcile	2.409
Rapids	2.404
requesting	2.401
RT	2.394
royalty	2.389
recovering	2.384
Roland	2.376
resultant	2.370
revolutions	2.368
Richards	2.366
recycling	2.363
refrigerator	2.363
ruby	2.362
repetitive	2.359
rejects	2.345
rite	2.339
retains	2.335
relay	2.334
revived	2.328
rods	2.327
regain	2.322
recruit	2.319
recollection	2.314
reminiscent	2.294
Reg	2.290
rents	2.272
reef	2.261
Romania	2.257
rectangle	2.255
raced	2.245
removes	2.244
rivalry	2.240
repertoire	2.240
radioactive	2.237
rally	2.236
resin	2.230
rifles	2.228
rhythms	2.227
Rand	2.227
resembled	2.220
riot	2.218
robbery	2.209
railroads	2.190
reacted	2.187
Roth	2.185
reinforcing	2.182
rub	2.161
resides	2.152
repeats	2.149
recipes	2.146
recurring	2.144
recession	2.140
rains	2.137
repentance	2.128
richness	2.127
realist	2.121
riders	2.116
recalling	2.102
resembling	2.088
rewarding	2.088
redundant	2.080
repaired	2.079
retrospective	2.076
recorder	2.072
remembrance	2.067
Rhode	2.060
realms	2.057
rescued	2.055
rotate	2.050
resisting	2.046
receptive	2.041
ropes	2.039
raven	2.035
rhythmic	2.032
rides	2.025
respiration	2.025
restrained	2.023
retardation	2.020
reconstructed	2.017
regiments	2.012
Randolph	2.009
retinal	2.002
remnants	1.996
reciprocity	1.988
roofs	1.986
railways	1.974
reminding	1.966
Rochester	1.961
realizes	1.958
raids	1.936
retreated	1.929
runner	1.920
recruits	1.918
recommends	1.917
RM	1.912
respectful	1.910
redistribution	1.908
ripped	1.901
Rhodes	1.901
recognizable	1.899
roller	1.895
revise	1.894
regulators	1.891
robes	1.882
repository	1.879
resection	1.877
robbed	1.870
rehearsal	1.867
reportedly	1.859
rip	1.858
rejoice	1.858
radiant	1.845
Rouge	1.835
Rita	1.832
renew	1.830
Riley	1.826
Rodriguez	1.825
rugged	1.825
rainy	1.822
rabbits	1.818
restricting	1.818
reckless	1.817
reuse	1.817
referenced	1.814
reckon	1.814
revisions	1.807
republics	1.806
revisited	1.803
relativity	1.801
regimen	1.799
reunion	1.799
richest	1.797
responsiveness	1.763
ramp	1.759
rails	1.758
revelations	1.757
resign	1.750
relaxing	1.748
ranger	1.747
ragged	1.746
recollections	1.738
recombinant	1.735
Randy	1.734
referendum	1.732
renewable	1.730
rethinking	1.729
rum	1.728
ridden	1.719
reversible	1.716
reset	1.709
rhyme	1.707
roaring	1.705
rib	1.704
regulator	1.703
reconstruct	1.700
repressed	1.699
relics	1.699
restrain	1.693
retina	1.691
regained	1.691
RC	1.688
rearing	1.680
residing	1.678
rocking	1.677
reconciled	1.671
ro	1.668
Randall	1.667
ri	1.663
RG	1.652
relapse	1.648
roared	1.645
Roma	1.644
ratification	1.643
reflexive	1.642
redundancy	1.636
richly	1.636
reel	1.635
repay	1.626
RJ	1.625
renamed	1.624
retrospect	1.623
recombination	1.618
Rica	1.618
Rex	1.615
rotten	1.614
rebuilding	1.613
replaces	1.611
rap	1.611
rapport	1.607
roast	1.605
ridges	1.604
RL	1.604
restraints	1.600
raging	1.598
regularity	1.597
resided	1.591
Rwanda	1.589
reckoned	1.576
relentless	1.569
ratified	1.565
resilience	1.560
rosemary	1.557
researching	1.557
regretted	1.552
reins	1.550
Rockefeller	1.549
ransom	1.544
recounted	1.542
reared	1.538
Rosenberg	1.537
resented	1.536
rot	1.536
Raphael	1.533
representational	1.530
rebuild	1.529
reassuring	1.529
Rao	1.527
Rubin	1.524
rotational	1.524
rebuilt	1.523
rusty	1.518
robots	1.515
restitution	1.509
redress	1.509
rumor	1.506
rigidity	1.504
retaliation	1.502
ridicule	1.495
raft	1.488
reacting	1.487
researched	1.482
runners	1.480
Rhine	1.480
readable	1.478
reinforces	1.476
rotated	1.473
R2	1.473
rotor	1.472
reproach	1.472
rebirth	1.471
refining	1.471
rebellious	1.470
rust	1.463
rep	1.462
remedial	1.457
repeal	1.457
rug	1.455
Rene	1.454
Revue	1.451
remorse	1.448
retailer	1.444
ruthless	1.442
raped	1.442
remnant	1.437
reimbursement	1.436
runoff	1.436
revive	1.435
repose	1.431
relocation	1.427
routers	1.423
replicate	1.422
reviewers	1.421
Rosen	1.421
roasted	1.417
resorts	1.417
razor	1.410
reconnaissance	1.408
RH	1.399
regent	1.397
Rudolf	1.395
reforming	1.391
rewrite	1.391
rag	1.390
regulates	1.390
romanticism	1.389
resonant	1.386
resorted	1.381
recycled	1.379
Romanian	1.370
Rawls	1.369
Rama	1.365
redeemed	1.363
radiology	1.363
retiring	1.362
reliably	1.355
Rican	1.355
receivers	1.349
roused	1.348
recited	1.346
rags	1.340
reap	1.335
realisation	1.334
refreshing	1.326
replicated	1.325
refine	1.322
Roberto	1.320
rangers	1.316
remotely	1.315
rheumatoid	1.311
rations	1.309
Roe	1.308
remuneration	1.308
rector	1.306
reiterated	1.299
retarded	1.293
relativism	1.292
rabbis	1.288
RP	1.286
retorted	1.286
reflexes	1.285
reinforcements	1.285
royalties	1.283
R.A.	1.282
retribution	1.280
reddish	1.277
RR	1.277
reactivity	1.274
researches	1.271
revolutionaries	1.270
reigned	1.270
Rupert	1.269
rectal	1.267
refractory	1.266
repent	1.266
reversing	1.263
reassured	1.262
racially	1.259
rogue	1.259
repressive	1.258
Robbins	1.257
refractive	1.249
rationally	1.249
recess	1.248
rubbish	1.247
rem	1.244
reassure	1.243
repayment	1.242
ramifications	1.241
RN	1.238
Ricardo	1.237
recursive	1.237
rulings	1.230
respectfully	1.224
rosy	1.223
reservoirs	1.223
rpm	1.218
reviewer	1.216
riddle	1.214
revolver	1.214
repairing	1.213
ribbons	1.209
rig	1.208
registrar	1.207
revolving	1.206
Rodney	1.203
ras	1.203
recite	1.199
Regina	1.197
revered	1.193
remission	1.193
reacts	1.193
runtime	1.189
runaway	1.181
residency	1.180
runway	1.179
rudimentary	1.178
rightful	1.175
retreating	1.172
R.J.	1.172
reptiles	1.166
rampant	1.166
reassurance	1.163
Raja	1.160
reformer	1.160
rocked	1.157
receivable	1.156
redeem	1.155
roi	1.153
referrals	1.150
rustic	1.149
rift	1.147
rotary	1.147
railing	1.145
Raman	1.144
robbers	1.143
Raj	1.140
Rutgers	1.139
RV	1.135
reefs	1.135
rabbinic	1.134
Raleigh	1.134
roughness	1.129
rein	1.127
revising	1.125
Riverside	1.119
restraining	1.118
restatement	1.115
Romeo	1.113
reactionary	1.113
rounding	1.111
Rowe	1.111
reconsider	1.110
repealed	1.105
rye	1.100
rubble	1.097
relish	1.092
repetitions	1.091
Reno	1.091
routed	1.088
rendezvous	1.083
refresh	1.081
reminiscences	1.079
Ramsey	1.078
regrets	1.074
roadside	1.074
relegated	1.074
Richter	1.073
RB	1.070
reminders	1.069
rapidity	1.069
refund	1.066
Rosie	1.065
Rafael	1.059
rattle	1.058
repercussions	1.056
reckoning	1.055
restorative	1.053
raining	1.053
rockets	1.049
rouse	1.047
recommending	1.047
rinse	1.045
risked	1.041
romances	1.041
residences	1.040
radiographic	1.040
radicalism	1.039
Rudolph	1.038
registering	1.035
rewriting	1.034
renounce	1.033
rationalism	1.030
religiously	1.027
raged	1.025
rushes	1.020
referential	1.019
recounts	1.019
ripple	1.018
rumours	1.013
relieving	1.012
Rutherford	1.008
renunciation	1.008
referent	1.006
rapture	1.005
resent	1.001
renovation	0.9996
reigns	0.9991
rejoined	0.9964
realistically	0.9945
resettlement	0.9920
resolves	0.9914
respectability	0.9908
reproducing	0.9895
ration	0.9881
rectum	0.9872
rejoicing	0.9869
reactors	0.9855
rattled	0.9850
resolute	0.9836
Ramon	0.9812
reds	0.9809
robustness	0.9805
replica	0.9794
retrieving	0.9728
resists	0.9720
recognising	0.9717
respite	0.9692
reflux	0.9679
rigidly	0.9665
rhymes	0.9659
reclaim	0.9650
resurgence	0.9624
refute	0.9619
Ruskin	0.9567
radiotherapy	0.9565
repaid	0.9565
radiance	0.9560
reconstructing	0.9521
Rosenthal	0.9477
readership	0.9472
recessive	0.9461
resuscitation	0.9451
Rivera	0.9443
reputed	0.9442
refraction	0.9393
remodeling	0.9384
relinquish	0.9357
radios	0.9346
resistor	0.9332
residuals	0.9327
resilient	0.9317
rationalization	0.9218
restlessness	0.9214
recapture	0.9204
relocated	0.9204
reclamation	0.9177
recollect	0.9166
rewritten	0.9166
repulsive	0.9086
rugby	0.9073
retailing	0.9057
regionalism	0.9026
revert	0.9005
revocation	0.9000
recitation	0.8989
rung	0.8984
rebuke	0.8975
retrograde	0.8964
Russ	0.8957
rained	0.8946
rejoiced	0.8935
Rotterdam	0.8916
ravine	0.8910
relic	0.8881
robber	0.8877
R.M.	0.8850
rubric	0.8832
rigorously	0.8808
Rudy	0.8804
reliant	0.8783
restricts	0.8757
roaming	0.8737
Ronnie	0.8728
recount	0.8728
reasonableness	0.8726
reconciling	0.8725
Roche	0.8715
rodents	0.8702
reeds	0.8690
regimens	0.8678
rattling	0.8641
risking	0.8597
resumes	0.8582
remediation	0.8576
renting	0.8547
reverses	0.8539
Rodgers	0.8527
rethink	0.8486
Reeves	0.8456
RW	0.8434
rotting	0.8433
raiders	0.8418
Rover	0.8414
Rufus	0.8403
reappeared	0.8400
Rorty	0.8399
roam	0.8346
rugs	0.8336
Rossi	0.8330
Reginald	0.8315
revisit	0.8313
replete	0.8312
roommate	0.8298
rake	0.8282
resolutely	0.8278
radiating	0.8266
rigor	0.8263
refreshed	0.8258
recur	0.8243
Reuben	0.8230
Russo	0.8228
Ruiz	0.8218
regal	0.8190
rallied	0.8169
Ramsay	0.8162
resins	0.8128
rupees	0.8128
revoked	0.8120
redefine	0.8080
Rajasthan	0.8062
restart	0.8042
reconsidered	0.8034
Ricky	0.8034
reagent	0.8026
renewing	0.8010
R.E.	0.7998
RAF	0.7976
reagents	0.7969
Reese	0.7928
redeemer	0.7921
relentlessly	0.7919
Rahman	0.7900
recognises	0.7897
repatriation	0.7890
Royce	0.7879
reciting	0.7872
Rowland	0.7870
rentals	0.7838
redefined	0.7821
redesign	0.7807
R.L.	0.7803
R.C.	0.7795
republicanism	0.7763
rankings	0.7761
radiographs	0.7756
regulars	0.7753
recycle	0.7746
reelection	0.7743
revolves	0.7727
revolve	0.7703
Renee	0.7694
reputations	0.7687
receptionist	0.7622
rms	0.7608
rehearsed	0.7599
Rembrandt	0.7597
radiograph	0.7591
ridiculed	0.7591
reunited	0.7590
replacements	0.7577
reread	0.7547
regents	0.7536
resurrected	0.7517
radiated	0.7503
rendition	0.7498
rebound	0.7488
retreats	0.7483
recesses	0.7466
Roberta	0.7465
Reilly	0.7413
reorganized	0.7406
rehearsals	0.7396
Rhodesia	0.7359
R.S.	0.7355
RCA	0.7347
reaffirmed	0.7346
rigging	0.7320
revolved	0.7298
renounced	0.7297
RFC	0.7294
rotations	0.7280
regimental	0.7262
racks	0.7253
Rey	0.7252
resorting	0.7250
Rees	0.7249
Regan	0.7236
reclaimed	0.7227
rec	0.7220
reborn	0.7219
rationing	0.7218
reparations	0.7210
rustling	0.7187
rowing	0.7186
recreate	0.7179
reformist	0.7146
reincarnation	0.7138
rarity	0.7133
religiosity	0.7130
rotates	0.7099
Robins	0.7098
ravaged	0.7091
recounting	0.7085
Romero	0.7076
Ramirez	0.7069
relativistic	0.7063
rainforest	0.7043
resale	0.7033
receivables	0.7029
recital	0.7016
Romano	0.7008
reconsideration	0.7005
repel	0.7004
refutation	0.7001
realising	0.6993
referencing	0.6956
rectangles	0.6950
rivalries	0.6947
reigning	0.6933
redevelopment	0.6924
reputable	0.6906
Ritchie	0.6903
receding	0.6902
roadway	0.6897
Robbie	0.6866
repertory	0.6861
rallies	0.6859
Rosalind	0.6855
Raton	0.6850
repudiation	0.6848
reproduces	0.6835
redox	0.6815
regressions	0.6809
reappear	0.6796
redefining	0.6778
ripping	0.6769
refrained	0.6757
resistivity	0.6756
Rinehart	0.6754
remittances	0.6753
rumour	0.6729
resentful	0.6718
removable	0.6709
roamed	0.6699
repulsion	0.6691
rumble	0.6679
reunification	0.6676
R.W.	0.6672
Ramos	0.6669
renovated	0.6658
racket	0.6647
reverted	0.6645
rigged	0.6640
R.D.	0.6625
Rowan	0.6619
rectify	0.6615
repress	0.6595
radii	0.6574
relocate	0.6558
rosary	0.6549
robotics	0.6544
reviving	0.6538
Reyes	0.6533
rollers	0.6532
rebelled	0.6521
ren	0.6512
raiding	0.6510
resonate	0.6510
rallying	0.6490
refrigeration	0.6484
recoil	0.6482
renown	0.6476
rename	0.6463
ripening	0.6442
refuted	0.6417
reindeer	0.6407
rationalist	0.6401
raison	0.6397
remit	0.6372
Ritter	0.6367
rheumatic	0.6360
reverie	0.6339
Rowman	0.6329
relayed	0.6325
RGB	0.6316
reconstructions	0.6311
referee	0.6310
redirect	0.6297
repudiated	0.6290
rudder	0.6287
reused	0.6287
rescuing	0.6277
roster	0.6276
roasting	0.6274
rambling	0.6267
royalist	0.6260
robbing	0.6251
Raoul	0.6247
ripples	0.6246
robotic	0.6245
Rae	0.6244
reopened	0.6207
reprints	0.6199
refreshment	0.6190
restores	0.6182
relinquished	0.6176
resonances	0.6164
Rumsfeld	0.6163
rad	0.6158
regurgitation	0.6154
reconstituted	0.6136
reflectance	0.6112
reliefs	0.6105
Ryder	0.6087
ruptured	0.6072
R.H.	0.6070
realists	0.6060
rationalize	0.6047
redness	0.6046
regency	0.6042
repugnant	0.6032
redemptive	0.6028
receded	0.6022
repulsed	0.6012
Rayleigh	0.6002
resounding	0.5998
rinsed	0.5996
reflexivity	0.5994
replying	0.5985
roach	0.5971
reproducible	0.5950
Reinhold	0.5942
raisins	0.5928
receptacle	0.5926
rafters	0.5918
rife	0.5908
regaining	0.5906
repelled	0.5894
revere	0.5891
rel	0.5880
reparation	0.5864
resourceful	0.5862
recherche	0.5857
Raul	0.5855
rodent	0.5833
ravages	0.5829
revoke	0.5828
Reggie	0.5827
reeling	0.5827
redeeming	0.5814
raided	0.5802
Reddy	0.5799
riparian	0.5798
reclaiming	0.5789
resumption	0.5782
resistances	0.5772
reductase	0.5765
rearrangement	0.5763
Radcliffe	0.5762
rightfully	0.5758
rooster	0.5756
radiological	0.5728
rearranged	0.5725
rainwater	0.5718
Rolf	0.5706
rudely	0.5704
rumbling	0.5696
redwood	0.5693
reshaping	0.5693
refinements	0.5684
reinstated	0.5670
Roderick	0.5668
revulsion	0.5665
recharge	0.5658
recast	0.5653
rea	0.5645
relatedness	0.5639
R.G.	0.5630
revitalization	0.5630
rebellions	0.5626
retraction	0.5625
racialized	0.5601
reversion	0.5600
ratify	0.5600
reassessment	0.5598
revisionist	0.5596
refinery	0.5589
ry	0.5587
regressive	0.5581
rote	0.5580
revolts	0.5571
reticulum	0.5555
reusable	0.5553
Ricoeur	0.5553
recalcitrant	0.5550
ruffled	0.5546
retort	0.5539
radiate	0.5531
radiative	0.5530
rowed	0.5526
reductive	0.5509
Reuters	0.5509
restructure	0.5507
reps	0.5491
repr	0.5469
Rothschild	0.5466
Ricans	0.5466
reflector	0.5462
retirees	0.5460
reproductions	0.5456
recoverable	0.5450
radioactivity	0.5449
Rossetti	0.5446
Rashid	0.5445
Ridley	0.5441
rationalized	0.5439
redefinition	0.5438
rooting	0.5408
Rasmussen	0.5405
rearrange	0.5404
reiterate	0.5395
rehearse	0.5395
resorption	0.5383
rodeo	0.5373
rejoin	0.5372
RSS	0.5369
Rubens	0.5354
Roscoe	0.5354
recorders	0.5343
riddled	0.5340
regenerate	0.5334
Rankin	0.5333
ranchers	0.5327
ruddy	0.5296
Rockies	0.5288
remarking	0.5286
radiator	0.5280
repositories	0.5270
Roper	0.5269
Rory	0.5267
regularities	0.5259
reestablish	0.5255
realty	0.5252
riddles	0.5249
rimmed	0.5237
ru	0.5229
remedied	0.5228
ruthlessly	0.5223
Rockwell	0.5213
rousing	0.5201
recompense	0.5199
randomised	0.5175
R.R.	0.5175
Rouen	0.5159
resonates	0.5140
remand	0.5140
replicates	0.5130
resistors	0.5105
reversals	0.5096
reserving	0.5093
RSA	0.5090
Rehnquist	0.5089
Rabin	0.5087
restructured	0.5076
recovers	0.5072
raspberry	0.5058
rout	0.5057
reactants	0.5047
rookie	0.5043
ROC	0.5042
rediscovered	0.5028
Ripley	0.5024
RK	0.5011
roofed	0.4988
rebuked	0.4976
R.B.	0.4975
relays	0.4970
Redmond	0.4969
regionally	0.4959
rearranging	0.4957
regenerated	0.4954
replicating	0.4951
reproducibility	0.4945
revel	0.4901
Rushdie	0.4892
ruining	0.4887
Regis	0.4887
referents	0.4884
reticence	0.4877
randomness	0.4875
Rainer	0.4871
roving	0.4869
remarried	0.4860
reworking	0.4859
ruse	0.4857
relished	0.4857
reducible	0.4853
Revista	0.4850
reopen	0.4847
revisiting	0.4840
Robson	0.4834
riveted	0.4833
ruinous	0.4829
reinterpretation	0.4825
replay	0.4811
Rai	0.4802
refreshments	0.4790
rumbled	0.4784
regress	0.4766
raked	0.4764
revolted	0.4742
reinventing	0.4741
reorganize	0.4736
retelling	0.4736
retinue	0.4709
remaking	0.4706
relieves	0.4706
rumored	0.4686
rocker	0.4676
reworked	0.4675
remanded	0.4675
reclining	0.4661
repute	0.4660
rhetorically	0.4644
Ritz	0.4641
reprisals	0.4640
Richie	0.4638
replenish	0.4638
ringed	0.4637
ranches	0.4613
reshape	0.4603
rustle	0.4603
rime	0.4599
rippling	0.4595
radiography	0.4592
remake	0.4587
rabies	0.4578
recede	0.4565
revolutionized	0.4561
recklessly	0.4560
reconfiguration	0.4556
ramparts	0.4554
Remington	0.4550
Rhonda	0.4546
roofing	0.4534
Rochelle	0.4529
refrigerated	0.4515
receptivity	0.4514
rehearsing	0.4501
rafts	0.4499
resuming	0.4475
ritualistic	0.4471
Rhys	0.4460
reconstitution	0.4456
Romanesque	0.4441
retard	0.4441
rabble	0.4438
responsibly	0.4437
reptile	0.4432
rioting	0.4426
Rosenfeld	0.4407
recollected	0.4405
rascal	0.4403
rarer	0.4400
Richelieu	0.4394
Rommel	0.4394
realizations	0.4393
retainer	0.4387
Rowley	0.4363
romantics	0.4360
retracted	0.4359
Rockville	0.4354
racked	0.4350
rheumatism	0.4342
Rosario	0.4341
reddened	0.4335
replicas	0.4331
Ruben	0.4324
reimbursed	0.4323
reaped	0.4319
rigour	0.4318
R.K.	0.4315
reuptake	0.4312
rams	0.4310
revolting	0.4310
reprimand	0.4308
Rodrigo	0.4308
repented	0.4307
Riga	0.4305
retrospectively	0.4296
readability	0.4281
reimburse	0.4277
rediscovery	0.4274
robberies	0.4264
rationales	0.4260
rereading	0.4256
redirected	0.4254
reorientation	0.4246
recognisable	0.4245
rebuttal	0.4243
retaliate	0.4237
repellent	0.4235
remarriage	0.4225
Rusk	0.4223
rapprochement	0.4211
raucous	0.4203
resonated	0.4191
responders	0.4174
Robespierre	0.4173
reflectivity	0.4153
redesigned	0.4153
rump	0.4151
Rosalie	0.4149
repudiate	0.4143
R1	0.4141
rippled	0.4136
rims	0.4136
Racine	0.4135
ruefully	0.4133
retainers	0.4121
rectified	0.4119
Rubinstein	0.4117
retinopathy	0.4115
recklessness	0.4109
recurs	0.4106
Ramakrishna	0.4106
reaffirm	0.4101
revivals	0.4099
reinstatement	0.4098
reminiscence	0.4087
Rutter	0.4082
refrigerators	0.4062
rusted	0.4054
reticent	0.4049
remoteness	0.4049
resistive	0.4048
retrieves	0.4045
realignment	0.4036
reproached	0.4036
ramps	0.4034
reeled	0.4032
Ravi	0.4028
rollover	0.4015
riverbank	0.4013
refill	0.4010
requisition	0.3989
Reinhardt	0.3987
rhyming	0.3979
resplendent	0.3976
regenerative	0.3973
Rhoda	0.3972
Ramadan	0.3971
rind	0.3967
Rom.	0.3963
roundabout	0.3953
rickety	0.3949
ravens	0.3948
rapes	0.3946
rudeness	0.3945
retroactive	0.3943
regrettable	0.3938
reabsorption	0.3937
Rana	0.3918
R.P.	0.3915
rubs	0.3915
Rollins	0.3908
regrettably	0.3907
railings	0.3900
Rosenzweig	0.3896
reaping	0.3894
reappears	0.3887
retraining	0.3878
relented	0.3868
reinvent	0.3867
reappraisal	0.3866
Roanoke	0.3862
rearview	0.3862
recidivism	0.3854
reverent	0.3850
reductionism	0.3848
Reeve	0.3840
restroom	0.3840
recoiled	0.3839
reproaches	0.3833
restful	0.3822
Riggs	0.3813
reengineering	0.3802
rancher	0.3799
reprehensible	0.3786
Rutledge	0.3785
recaptured	0.3784
reshaped	0.3783
Rosenbaum	0.3782
rooftop	0.3780
ripened	0.3779
Robyn	0.3778
reductionist	0.3776
ribosomal	0.3775
renegade	0.3772
Ros	0.3762
reels	0.3759
reintegration	0.3758
recursion	0.3753
Ramayana	0.3753
reverently	0.3748
Ramona	0.3741
ranching	0.3740
renaming	0.3740
rectus	0.3738
rut	0.3737
Radiol	0.3725
rotted	0.3715
Reichstag	0.3711
resize	0.3710
relaxes	0.3701
retract	0.3698
ravines	0.3698
retrace	0.3697
rapt	0.3695
reprimanded	0.3694
reestablished	0.3694
refineries	0.3691
rapist	0.3688
requiem	0.3685
redistribute	0.3680
Reinhard	0.3680
Rhone	0.3679
rata	0.3678
raster	0.3678
ridiculously	0.3666
ringer	0.3653
resemblances	0.3652
raving	0.3651
rectitude	0.3649
Ravenna	0.3649
robed	0.3645
ripen	0.3639
reticular	0.3634
rink	0.3633
roundtable	0.3630
radon	0.3628
roost	0.3628
rehab	0.3621
receptions	0.3618
rework	0.3610
rehabilitate	0.3609
Ricci	0.3597
repurchase	0.3595
rudiments	0.3590
reintroduced	0.3590
resonator	0.3587
rhythmically	0.3573
roadmap	0.3560
resigning	0.3552
ruptures	0.3541
rerum	0.3540
recessed	0.3538
R.F.	0.3537
Romer	0.3535
R.N.	0.3533
retrenchment	0.3532
retaliatory	0.3523
recreated	0.3521
Rothman	0.3520
reformulation	0.3519
remotest	0.3514
rubles	0.3512
Roux	0.3512
restlessly	0.3506
reorganisation	0.3496
Rapp	0.3491
restated	0.3473
randomization	0.3467
replenished	0.3467
Reston	0.3464
republished	0.3462
rammed	0.3455
rave	0.3454
reentry	0.3443
Rilke	0.3435
royalists	0.3435
Robeson	0.3433
raking	0.3427
rattlesnake	0.3425
remitted	0.3425
repositioning	0.3418
recruiters	0.3415
redistributive	0.3393
radiates	0.3390
Rodin	0.3381
rigors	0.3380
rhinitis	0.3378
reinterpreted	0.3371
reinstate	0.3366
RFID	0.3359
ritually	0.3357
reprieve	0.3345
reachable	0.3342
rebate	0.3339
rages	0.3334
reconnect	0.3334
reelected	0.3326
readout	0.3324
Rancho	0.3321
rowdy	0.3320
reconstructive	0.3319
rapped	0.3318
RPC	0.3313
Resnick	0.3313
renouncing	0.3310
rehabilitated	0.3309
refs	0.3302
reassert	0.3298
reinvention	0.3295
Radford	0.3294
radium	0.3291
raisin	0.3290
rosewood	0.3290
restorations	0.3289
rectory	0.3279
retires	0.3274
refracted	0.3274
redo	0.3273
Royale	0.3273
rioters	0.3272
Rooney	0.3261
rightness	0.3261
Reiss	0.3247
rumpled	0.3244
rooftops	0.3240
reprisal	0.3236
rabid	0.3235
rotator	0.3234
Rangoon	0.3232
rectification	0.3232
reconfigured	0.3222
resounded	0.3218
registrations	0.3214
referees	0.3211
Renault	0.3211
Rus	0.3205
Renoir	0.3203
relocating	0.3194
reactant	0.3192
Robb	0.3189
requisites	0.3187
reiterates	0.3184
refurbished	0.3184
Recherches	0.3182
rearrangements	0.3166
Riviera	0.3163
realises	0.3163
recursively	0.3159
roommates	0.3158
Reza	0.3155
rejoinder	0.3149
rediscover	0.3145
Rocco	0.3138
railed	0.3132
rogues	0.3132
recoveries	0.3127
ritualized	0.3117
Rabelais	0.3115
refilled	0.3114
renovations	0.3114
Rachael	0.3111
Rosh	0.3104
recurrences	0.3103
renderings	0.3101
rescues	0.3101
Roswell	0.3100
rubrics	0.3089
Rojas	0.3086
revitalize	0.3083
Rutland	0.3083
rarest	0.3076
Rajiv	0.3075
retro	0.3067
readied	0.3064
Remy	0.3063
recapitulation	0.3053
relinquishing	0.3051
regretting	0.3048
Rossini	0.3047
rebuffed	0.3044
retest	0.3040
rollout	0.3040
ribosomes	0.3025
rubies	0.3023
Reiter	0.3021
raspberries	0.3021
repeatable	0.3016
rescuers	0.3010
rejuvenation	0.3009
ROMs	0.3003
roars	0.3003
resourcefulness	0.2998
Russel	0.2998
reification	0.2993
rabbinical	0.2988
reassess	0.2984
resentments	0.2984
redirection	0.2982
reappearance	0.2982
Ruhr	0.2981
rampart	0.2978
Rhineland	0.2978
ravenous	0.2978
recluse	0.2978
regulative	0.2975
Rienner	0.2973
reformulated	0.2971
repugnance	0.2969
rescinded	0.2968
Romulus	0.2965
rungs	0.2963
ruff	0.2956
Roebuck	0.2954
rougher	0.2954
Reis	0.2953
reciprocated	0.2950
recoup	0.2949
reopening	0.2948
reverberated	0.2942
replenishment	0.2939
repast	0.2938
Romney	0.2938
roulette	0.2937
raiment	0.2936
roadblocks	0.2935
redoubled	0.2933
resiliency	0.2931
reciprocate	0.2929
Rwandan	0.2929
revelatory	0.2928
rhesus	0.2921
repertoires	0.2918
riotous	0.2912
recasting	0.2899
recuperation	0.2887
razed	0.2882
R.T.	0.2880
retold	0.2878
Rennie	0.2877
Rani	0.2874
RBC	0.2872
Ralston	0.2872
restate	0.2869
rebut	0.2867
redistributed	0.2866
rhe	0.2865
reissued	0.2863
René	0.2863
remodeled	0.2860
rupee	0.2860
remittance	0.2858
reexamination	0.2856
R3	0.2856
recessions	0.2850
reined	0.2848
readjustment	0.2845
revaluation	0.2844
revitalized	0.2843
relive	0.2840
reproof	0.2837
rinsing	0.2832
raters	0.2832
rummaged	0.2822
reflectors	0.2821
R.I.	0.2820
raping	0.2810
Rawlings	0.2809
reverting	0.2807
remonstrance	0.2803
Roxanne	0.2801
rubella	0.2798
raincoat	0.2797
Rollo	0.2797
Rothstein	0.2792
reactivation	0.2789
retraced	0.2786
rhinoceros	0.2785
reposition	0.2777
regenerating	0.2775
rashes	0.2774
rescind	0.2773
rigs	0.2772
rapists	0.2771
retaliated	0.2769
reified	0.2768
rending	0.2766
relapsed	0.2766
Reece	0.2757
revolvers	0.2757
rotunda	0.2753
reunite	0.2752
Reiner	0.2745
Ripper	0.2744
representativeness	0.2743
Rainey	0.2738
redhead	0.2733
roundly	0.2733
Radha	0.2732
regalia	0.2729
reload	0.2726
repentant	0.2722
raindrops	0.2714
racking	0.2712
reframing	0.2706
rei	0.2705
reciprocally	0.2703
remarry	0.2698
rundown	0.2691
radiologic	0.2690
recruiter	0.2689
resurrect	0.2678
refraining	0.2678
reviled	0.2675
reassuringly	0.2674
Rorschach	0.2673
romantically	0.2673
RDA	0.2662
Recht	0.2662
recurred	0.2654
reflexively	0.2650
reciprocating	0.2649
reinvestment	0.2644
reassembled	0.2644
Rolfe	0.2641
rediscovering	0.2638
ribbed	0.2637
rant	0.2635
raiser	0.2632
Rios	0.2630
reinvented	0.2630
reconstitute	0.2626
recites	0.2624
runaways	0.2622
rook	0.2616
refuges	0.2615
regroup	0.2614
rapacious	0.2612
reallocation	0.2607
reassigned	0.2607
recuperate	0.2606
rejoices	0.2606
reconfigure	0.2602
Rodrigues	0.2600
rehabilitative	0.2599
reverts	0.2597
reexamine	0.2597
rejections	0.2594
rainbows	0.2594
rattles	0.2594
romanticized	0.2593
reordering	0.2592
reputedly	0.2590
Rajah	0.2586
Rigby	0.2584
respirator	0.2583
robs	0.2580
resurfaced	0.2579
raccoon	0.2579
refuting	0.2576
rescuer	0.2576
reevaluation	0.2569
reinforcers	0.2565
repayments	0.2562
reorganizing	0.2559
receptacles	0.2558
redolent	0.2557
ruts	0.2556
Rudyard	0.2552
restrooms	0.2551
Rodolfo	0.2546
reimbursements	0.2541
Rosetta	0.2539
reevaluate	0.2536
rationalistic	0.2532
restarted	0.2528
Rx	0.2528
registries	0.2522
Romanians	0.2521
rien	0.2517
rationalizing	0.2515
resettled	0.2509
Rudd	0.2507
Rayner	0.2507
Renan	0.2505
revels	0.2503
Rostow	0.2502
Rosamond	0.2501
reggae	0.2501
Rappaport	0.2495
Rimbaud	0.2494
rebates	0.2493
ramble	0.2488
Rhee	0.2485
reconsidering	0.2485
relapses	0.2484
Redding	0.2483
recreating	0.2480
rustled	0.2475
radiocarbon	0.2471
Raine	0.2471
rend	0.2471
reunions	0.2461
ransacked	0.2460
reiterating	0.2458
replayed	0.2455
revolutionize	0.2450
reliving	0.2449
reasonings	0.2445
retroactively	0.2445
riverine	0.2444
reposed	0.2443
radians	0.2440
reaper	0.2439
reportage	0.2438
Reidel	0.2437
refutes	0.2428
Roos	0.2426
reverberation	0.2423
Rodman	0.2419
recitals	0.2418
refunds	0.2416
repressing	0.2411
rhapsody	0.2409
rivets	0.2403
Rebekah	0.2386
rusting	0.2385
Raz	0.2380
Redford	0.2379
refrains	0.2378
rhythmical	0.2377
realizable	0.2377
Rhea	0.2376
Rubenstein	0.2376
rotors	0.2375
roadways	0.2371
Riyadh	0.2368
reiteration	0.2364
Romani	0.2361
ruffians	0.2353
ruthlessness	0.2352
rasa	0.2349
radiologist	0.2347
regretfully	0.2345
reversibility	0.2345
returnees	0.2344
renters	0.2344
radially	0.2342
reveled	0.2341
remade	0.2339
rectilinear	0.2336
Raza	0.2335
regularization	0.2332
riveting	0.2329
radioed	0.2329
retributive	0.2328
redesigning	0.2322
Reuter	0.2320
reflectively	0.2320
racists	0.2318
radiations	0.2314
RNAs	0.2312
Ridgway	0.2306
Ruprecht	0.2306
relaying	0.2302
Redfield	0.2302
rashly	0.2301
recirculation	0.2300
reasserted	0.2297
riser	0.2295
remonstrated	0.2278
recedes	0.2275
reenter	0.2274
ramshackle	0.2272
removals	0.2268
rummaging	0.2268
rapturous	0.2265
rascals	0.2263
Rumi	0.2260
refusals	0.2258
royals	0.2252
refueling	0.2249
ratifying	0.2247
racetrack	0.2246
Rua	0.2246
romaine	0.2245
repeatability	0.2244
Renato	0.2241
Reinhart	0.2239
relativist	0.2231
ret	0.2230
rueful	0.2228
rater	0.2228
Riviere	0.2227
rearmament	0.2225
Reimer	0.2224
rosebud	0.2224
Reardon	0.2222
roadblock	0.2221
reintroduction	0.2221
recumbent	0.2213
refrigerate	0.2209
rood	0.2209
retake	0.2207
refocus	0.2206
repatriated	0.2206
rarefied	0.2199
rainforests	0.2191
Ryle	0.2185
revelry	0.2185
Rudi	0.2184
redundancies	0.2183
riskier	0.2183
runways	0.2183
Rolle	0.2180
Rosenblatt	0.2178
rhino	0.2178
rebelling	0.2177
roundup	0.2176
reinvested	0.2173
resold	0.2170
Rawlinson	0.2169
redaction	0.2169
repositioned	0.2169
RSV	0.2168
Rapoport	0.2164
Riemann	0.2163
Rath	0.2159
rampage	0.2157
redrawn	0.2154
regressed	0.2153
ridding	0.2153
Rho	0.2153
remembrances	0.2150
Ramesh	0.2148
rhubarb	0.2147
Rena	0.2144
resigns	0.2143
repulse	0.2142
rosette	0.2138
reassignment	0.2134
Rajan	0.2133
renditions	0.2132
reportable	0.2126
roomy	0.2124
runny	0.2124
rafting	0.2124
rejuvenated	0.2121
ries	0.2120
reinterpret	0.2110
rubbery	0.2105
righted	0.2100
replications	0.2100
rickets	0.2099
reclined	0.2098
rivaled	0.2093
Reims	0.2093
relevancy	0.2090
rollback	0.2090
riflemen	0.2089
relapsing	0.2087
rancid	0.2085
restive	0.2084
repelling	0.2082
rekindled	0.2080
Romana	0.2079
repeater	0.2078
Remus	0.2077
resell	0.2077
Ravel	0.2075
renegotiation	0.2070
ROTC	0.2069
rivulets	0.2063
revocable	0.2056
reenactment	0.2055
responder	0.2055
reaffirming	0.2053
redirecting	0.2053
Riordan	0.2044
rationalisation	0.2044
runes	0.2034
repetitious	0.2033
reaffirms	0.2033
racer	0.2032
reprocessing	0.2030
rationed	0.2028
religionists	0.2025
roped	0.2025
rasped	0.2022
Robles	0.2020
Renfrew	0.2019
radars	0.2017
recapitulate	0.2011
Rawlins	0.2011
revisionism	0.2011
rumoured	0.2008
racers	0.2003
Rabindranath	0.2002
reaffirmation	0.2001
Ritalin	0.1999
Rennes	0.1998
reverential	0.1998
renews	0.1997
reactivated	0.1992
rewrote	0.1988
remunerative	0.1986
ranting	0.1983
Regensburg	0.1982
Ricketts	0.1978
Rolland	0.1974
rove	0.1973
Raines	0.1973
Rainier	0.1973
reabsorbed	0.1967
Roxbury	0.1966
radiofrequency	0.1966
Remo	0.1962
Respir	0.1962
recitations	0.1960
renovate	0.1957
raider	0.1942
rightward	0.1941
Raffles	0.1940
rifled	0.1933
reeking	0.1933
rebuff	0.1929
raspy	0.1928
ruffian	0.1927
refinancing	0.1926
Rensselaer	0.1920
recap	0.1919
Rizzo	0.1919
Riva	0.1917
Redman	0.1914
recendy	0.1911
Ratcliffe	0.1910
Rodger	0.1908
referenda	0.1907
Revd	0.1906
rips	0.1904
reptilian	0.1900
Rushton	0.1897
Rawson	0.1895
resetting	0.1893
regrowth	0.1892
repaying	0.1892
rivet	0.1888
Raynaud	0.1888
retorts	0.1888
reorganizations	0.1887
radish	0.1886
reentered	0.1884
Rockford	0.1883
reeked	0.1877
Ribeiro	0.1875
relent	0.1875
rifts	0.1874
recliner	0.1873
Rohan	0.1872
rattan	0.1870
requisitions	0.1870
renegotiate	0.1866
roundness	0.1859
rationalizations	0.1858
rashness	0.1857
realtor	0.1852
rosettes	0.1851
riff	0.1851
reconnection	0.1851
reusing	0.1851
retiree	0.1849
refresher	0.1847
revamped	0.1846
Reggio	0.1840
riven	0.1838
Rocha	0.1837
rainstorm	0.1837
rapping	0.1836
reminiscing	0.1836
resurfacing	0.1833
Rumania	0.1832
Reina	0.1829
resected	0.1827
Raquel	0.1825
recognizably	0.1824
rhymed	0.1822
resurgent	0.1821
ratchet	0.1820
raved	0.1819
relegate	0.1817
Rowntree	0.1816
radiators	0.1815
rectifying	0.1815
rancor	0.1814
reintroduce	0.1813
reorder	0.1813
remodelling	0.1811
Rubio	0.1804
rubbers	0.1804
ringlets	0.1801
reclusive	0.1797
ridiculing	0.1795
redder	0.1792
rRNA	0.1788
Rathbone	0.1788
Rossiter	0.1787
relishing	0.1786
readjust	0.1786
riverbed	0.1785
remiss	0.1785
retarding	0.1781
recriminations	0.1780
russet	0.1779
retell	0.1776
regimented	0.1772
retriever	0.1772
Rothenberg	0.1771
rebounded	0.1769
rewrites	0.1767
Rauch	0.1766
redeemable	0.1764
Ricks	0.1764
reanalysis	0.1760
refunded	0.1759
rafter	0.1759
resonating	0.1758
Randal	0.1757
Rheims	0.1755
regains	0.1752
ribosome	0.1752
reminisced	0.1752
rasping	0.1750
reframe	0.1750
resuscitate	0.1750
reproved	0.1746
raccoons	0.1745
rightmost	0.1744
romp	0.1743
reformulate	0.1740
rutted	0.1736
rebukes	0.1735
Rabinowitz	0.1731
refectory	0.1731
revivalism	0.1726
reloaded	0.1724
rucksack	0.1723
realtors	0.1722
risers	0.1722
reestablishing	0.1720
Roussel	0.1720
ravishing	0.1719
rst	0.1719
Richman	0.1719
repudiating	0.1715
rigidities	0.1713
remonstrances	0.1713
remodel	0.1713
religio	0.1712
revivalist	0.1712
rearguard	0.1711
rayon	0.1707
Rambo	0.1705
radishes	0.1705
regrouped	0.1704
recollecting	0.1703
Ratner	0.1703
reprise	0.1702
rowers	0.1702
redoubtable	0.1699
racy	0.1698
redoubt	0.1696
rickshaw	0.1693
rightist	0.1689
righting	0.1687
reprinting	0.1685
repeaters	0.1685
rebutted	0.1685
Reykjavik	0.1683
reorient	0.1682
Robison	0.1681
resents	0.1680
ripeness	0.1680
reverberating	0.1672
resignations	0.1670
Rollin	0.1670
refinance	0.1668
Radhakrishnan	0.1668
reinsurance	0.1667
Ringo	0.1667
resuscitated	0.1666
raisers	0.1663
Rosenblum	0.1662
rambled	0.1660
renovating	0.1660
rears	0.1660
reestablishment	0.1659
rehydration	0.1659
rowboat	0.1659
Renard	0.1656
realtime	0.1651
resizing	0.1650
reexamined	0.1648
remorseless	0.1648
rostrum	0.1643
roan	0.1641
reddening	0.1641
reek	0.1640
recuperating	0.1637
rovers	0.1636
regaled	0.1636
reassessed	0.1635
razors	0.1633
regionalization	0.1632
reissue	0.1632
reverberations	0.1632
rockers	0.1628
r0	0.1627
revives	0.1626
refurbishment	0.1626
reckons	0.1626
retracing	0.1625
rejuvenate	0.1623
righthand	0.1622
Riker	0.1622
repealing	0.1615
racketeering	0.1614
Reade	0.1612
ruffle	0.1609
reclassified	0.1608
rekindle	0.1606
Romish	0.1603
reverberate	0.1602
radicalization	0.1599
remedying	0.1596
reassemble	0.1596
reconciles	0.1595
revitalizing	0.1595
rattlesnakes	0.1591
resurface	0.1591
redistributing	0.1588
ruffles	0.1586
rationalists	0.1584
renewals	0.1583
resenting	0.1580
Renate	0.1578
Roddy	0.1577
robustly	0.1576
Ruggles	0.1576
Ryerson	0.1576
Renata	0.1572
rooming	0.1572
Renner	0.1569
replaceable	0.1566
realpolitik	0.1564
reforestation	0.1563
requisitioned	0.1563
Rourke	0.1562
reconstructs	0.1561
refocused	0.1560
restrains	0.1559
reveries	0.1559
reams	0.1556
R.V.	0.1556
Rowell	0.1554
rackets	0.1553
reactionaries	0.1553
refundable	0.1551
Ridgeway	0.1551
rerun	0.1551
renounces	0.1549
radicalized	0.1549
Rau	0.1545
resound	0.1545
revises	0.1545
repartee	0.1544
referendums	0.1544
retentive	0.1542
reinvest	0.1541
Rowena	0.1541
riboflavin	0.1539
reassures	0.1534
ruminants	0.1534
rhizomes	0.1534
Roemer	0.1532
righteously	0.1531
reproachful	0.1527
rivulet	0.1524
regularized	0.1522
redeems	0.1514
ravished	0.1514
rehabilitating	0.1511
runnin	0.1509
renegotiated	0.1509
Ralf	0.1509
restarting	0.1506
RCT	0.1506
Rifkin	0.1505
repudiates	0.1503
raptures	0.1501
Renaud	0.1500
Rothwell	0.1496
recrimination	0.1495
Rajput	0.1493
R4	0.1493
reservists	0.1492
rulership	0.1491
resisters	0.1490
revoking	0.1488
reassertion	0.1487
rasp	0.1487
resourced	0.1486
Raskin	0.1481
relegating	0.1480
Ramachandran	0.1478
Ridder	0.1477
Rowlands	0.1477
Roxy	0.1477
rankled	0.1474
royally	0.1473
refines	0.1470
rakes	0.1470
retrofit	0.1470
relived	0.1468
Riddell	0.1467
Rogoff	0.1466
Republica	0.1464
readying	0.1462
recreations	0.1458
Recueil	0.1455
Rodopi	0.1453
rawhide	0.1452
Ruggiero	0.1448
radiologists	0.1447
reminisce	0.1447
redressed	0.1446
replenishing	0.1443
regretful	0.1443
reincarnated	0.1443
resets	0.1443
remorseful	0.1440
reboot	0.1437
reproachfully	0.1433
Rajendra	0.1433
relinquishment	0.1427
ravaging	0.1426
redressing	0.1425
Reine	0.1425
résumé	0.1420
reassessing	0.1420
Rimini	0.1417
rpt	0.1417
reloading	0.1416
respirations	0.1415
rou	0.1413
Rivas	0.1413
renegades	0.1411
rumblings	0.1410
reinvigorated	0.1410
recyclable	0.1409
radionuclide	0.1409
roughened	0.1409
rephrase	0.1405
roiling	0.1404
reprobate	0.1402
Romain	0.1400
reemerged	0.1395
receivership	0.1393
Rodham	0.1390
recalculated	0.1390
revisionists	0.1388
Rabinow	0.1385
Rosner	0.1378
recombine	0.1374
rotund	0.1374
Reeder	0.1371
Raum	0.1370
repainted	0.1370
rumination	0.1370
readmission	0.1368
Republique	0.1368
rulemaking	0.1367
Rucker	0.1366
Rupp	0.1364
restating	0.1361
Rizzoli	0.1358
ruminations	0.1357
realign	0.1357
ruckus	0.1357
Radin	0.1357
rebus	0.1355
reassurances	0.1354
rambles	0.1353
routinized	0.1349
revelled	0.1345
redefines	0.1343
reformists	0.1340
remover	0.1339
Rohde	0.1337
reveling	0.1336
reevaluated	0.1334
rhetorics	0.1332
relaxants	0.1331
reappearing	0.1330
raps	0.1328
retards	0.1327
reconfiguring	0.1326
retroviral	0.1325
Rosser	0.1322
Reiser	0.1320
rapacity	0.1320
rigours	0.1316
Ripon	0.1316
reclassification	0.1316
rootless	0.1315
rounder	0.1314
rejoining	0.1310
reinterpreting	0.1309
reinstall	0.1308
Raju	0.1307
roughest	0.1306
Rosemarie	0.1306
reschedule	0.1305
represses	0.1302
rappers	0.1302
risque	0.1298
replaying	0.1296
remoter	0.1293
ribald	0.1292
ravage	0.1292
reprove	0.1289
recharged	0.1288
Reebok	0.1287
refilling	0.1286
refreshingly	0.1285
reste	0.1284
rhetorician	0.1284
remissions	0.1281
restorer	0.1280
riled	0.1277
revenged	0.1277
reconquest	0.1276
Rader	0.1275
ramming	0.1275
ridged	0.1275
ransomed	0.1272
redraw	0.1272
reinvigorate	0.1272
refuel	0.1270
ReadHowYouWant	0.1270
roosters	0.1268
readjusted	0.1268
recreates	0.1267
Reprod	0.1267
Rackham	0.1265
revved	0.1265
rhetoricians	0.1264
revisits	0.1262
remainders	0.1260
repels	0.1259
Riedel	0.1256
Reichert	0.1254
reemergence	0.1253
reconceptualization	0.1252
rela	0.1249
recant	0.1245
rescheduling	0.1244
regrouping	0.1244
rootedness	0.1238
remitting	0.1237
renin	0.1236
Rabat	0.1235
Redskins	0.1234
Rockland	0.1232
reparative	0.1230
redirects	0.1227
reenacted	0.1226
remodelled	0.1225
registrars	0.1223
R.O.	0.1222
retractable	0.1221
repenting	0.1220
Rahim	0.1219
reorganised	0.1219
redeployment	0.1219
rummage	0.1218
racquet	0.1214
renter	0.1214
Rabi	0.1214
referentiality	0.1212
rewind	0.1212
Rolex	0.1211
Regnery	0.1208
revengeful	0.1208
resized	0.1204
Rab	0.1203
reversibly	0.1201
revelers	0.1201
reactivate	0.1199
rhizome	0.1199
Rosaldo	0.1195
reformism	0.1193
Revell	0.1191
rebelliousness	0.1189
reruns	0.1187
rocketed	0.1185
rollicking	0.1181
Rafferty	0.1179
rebounds	0.1177
recon	0.1175
roadsides	0.1174
rosters	0.1174
rivalled	0.1172
Rubicon	0.1171
rapper	0.1170
rales	0.1169
rhododendrons	0.1168
resinous	0.1163
recommenced	0.1162
Romanov	0.1161
refereed	0.1159
ringleaders	0.1158
regimentation	0.1158
roomed	0.1157
Rube	0.1157
rale	0.1156
resettle	0.1155
roaches	0.1155
Rolando	0.1147
Ronan	0.1146
redheaded	0.1146
rancour	0.1146
reify	0.1143
riverbanks	0.1143
Rocca	0.1141
refocusing	0.1140
rhododendron	0.1138
ridicules	0.1138
Rhodesian	0.1137
reconnected	0.1135
rethought	0.1134
remunerated	0.1134
rescheduled	0.1132
ranted	0.1132
redrawing	0.1132
Rowling	0.1132
retirements	0.1131
référence	0.1130
roosting	0.1125
ravings	0.1124
Roque	0.1121
reformatory	0.1121
repents	0.1121
racehorse	0.1121
ribonucleic	0.1120
Rushmore	0.1119
retrial	0.1118
resolvable	0.1117
recordkeeping	0.1117
recuperated	0.1115
recapitulates	0.1115
redwoods	0.1114
rococo	0.1113
reputational	0.1109
remonstrate	0.1106
recline	0.1106
ripens	0.1106
Rosas	0.1105
reconstituting	0.1104
Rockingham	0.1102
restates	0.1101
reuniting	0.1101
recondite	0.1100
reasserting	0.1099
republication	0.1099
Ranke	0.1099
rebuking	0.1098
ringers	0.1098
reposing	0.1097
redneck	0.1096
revolutionists	0.1095
rots	0.1094
ringleader	0.1091
ruminating	0.1090
ricocheted	0.1089
regressing	0.1085
riposte	0.1084
rightwing	0.1083
ramrod	0.1081
replicable	0.1079
rambunctious	0.1079
RFP	0.1078
riddance	0.1078
Rhett	0.1077
refreshes	0.1077
relegation	0.1076
repetitively	0.1075
reliever	0.1072
rooks	0.1072
reneged	0.1071
reapply	0.1069
retum	0.1064
readmitted	0.1064
ruffling	0.1062
rebounding	0.1059
reconnecting	0.1059
reductio	0.1058
roomful	0.1054
ree	0.1050
rapier	0.1049
regionalist	0.1046
Rosedale	0.1046
retching	0.1046
reenact	0.1046
roams	0.1045
readymade	0.1045
roguish	0.1045
Riccardo	0.1044
riverboat	0.1044
reaps	0.1043
resounds	0.1042
Reichenbach	0.1040
resurrecting	0.1039
relaxations	0.1036
reliquary	0.1035
Richland	0.1033
reintegrate	0.1033
reverberates	0.1032
reprimands	0.1030
ratty	0.1030
retaken	0.1028
reoriented	0.1027
rejuvenating	0.1027
revolutionizing	0.1027
roubles	0.1026
Rheum	0.1026
reeducation	0.1024
raves	0.1023
reflexion	0.1021
reciprocation	0.1020
reallocate	0.1019
roughing	0.1019
retrogression	0.1018
repatriate	0.1017
recapturing	0.1017
roping	0.1016
repressions	0.1015
recanted	0.1015
recognitions	0.1015
recoils	0.1011
risings	0.1010
retrovirus	0.1009
recombined	0.1008
rapine	0.1007
rationalise	0.1007
redone	0.1005
raffle	0.1005
recapitulated	0.1004
riskiness	0.1001
resuspended	0.09998
revamp	0.09998
resignedly	0.09973
relationally	0.09967
rayed	0.09960
Reb	0.09959
reusability	0.09958
Runge	0.09945
reproaching	0.09942
retouched	0.09941
resupply	0.09927
reinstating	0.09921
reedy	0.09900
recharging	0.09896
rarities	0.09883
Republik	0.09859
reallocated	0.09834
retracting	0.09831
Roca	0.09830
reawakening	0.09818
recency	0.09803
retrain	0.09782
rimes	0.09779
recitative	0.09746
ribcage	0.09742
reawakened	0.09737
repairman	0.09725
reheat	0.09713
retinas	0.09713
rill	0.09696
Redondo	0.09634
refitted	0.09621
roasts	0.09611
recouped	0.09578
revile	0.09563
reconvened	0.09526
Rambler	0.09507
rancorous	0.09443
reordered	0.09442
RSVP	0.09418
riffs	0.09395
repays	0.09395
registrants	0.09391
romanticize	0.09382
reframed	0.09368
rota	0.09356
realigned	0.09345
rehearing	0.09339
recalculate	0.09333
recoiling	0.09331
replanted	0.09313
rampaging	0.09308
redouble	0.09307
rakish	0.09293
reconfirmed	0.09288
rephrased	0.09283
refashioned	0.09279
renege	0.09277
relinquishes	0.09266
Raphaelite	0.09266
repossession	0.09231
rationalised	0.09228
Rundschau	0.09227
retrievable	0.09214
rioted	0.09196
reconnoitre	0.09189
recordable	0.09182
relearn	0.09137
Rosso	0.09123
roughed	0.09119
Riis	0.09112
replanting	0.09105
rouses	0.09082
respectably	0.09082
ravioli	0.09074
relaxant	0.09062
refurbishing	0.09011
regale	0.08973
rivaling	0.08969
reprobation	0.08967
relishes	0.08964
relocations	0.08958
revelling	0.08944
relativized	0.08938
rebalancing	0.08934
reappointed	0.08902
relationality	0.08899
recuperative	0.08858
reperfusion	0.08835
recalcitrance	0.08819
relegates	0.08816
ragtag	0.08759
ragtime	0.08749
Rosenau	0.08719
RIA	0.08713
reverenced	0.08702
resourcing	0.08692
Roald	0.08680
refit	0.08679
reintroducing	0.08668
reining	0.08660
reapers	0.08646
reemerge	0.08643
rigueur	0.08610
revamping	0.08592
resistless	0.08579
retellings	0.08569
Rapporteur	0.08564
Ramey	0.08555
ramblings	0.08549
rosaries	0.08509
redeployed	0.08507
Randle	0.08501
restarts	0.08497
reselling	0.08496
rejoins	0.08481
realworld	0.08477
respecter	0.08473
Rumanian	0.08459
ral	0.08451
reheated	0.08447
rial	0.08437
ruination	0.08437
Rede	0.08432
Raytheon	0.08426
refills	0.08410
ruminate	0.08408
Rylands	0.08408
ream	0.08406
runt	0.08391
racehorses	0.08383
retrospection	0.08359
Rhoads	0.08355
representable	0.08353
reassign	0.08343
recollects	0.08333
Roslyn	0.08329
rupturing	0.08311
refutations	0.08299
reconnoiter	0.08287
radiantly	0.08261
roved	0.08259
receptiveness	0.08227
rescission	0.08218
relevantly	0.08198
ruggedness	0.08193
regenerates	0.08187
recheck	0.08177
recurrently	0.08173
rifling	0.08163
repossessed	0.08150
rants	0.08139
rerouted	0.08131
Raab	0.08130
Rochefoucauld	0.08119
reifying	0.08088
racecourse	0.08085
reoccupied	0.08085
resentfully	0.08050
remorselessly	0.08029
rehearses	0.08020
Rodríguez	0.08003
Rosalyn	0.07998
reformulating	0.07989
residuum	0.07975
recasts	0.07962
receptionists	0.07961
reentering	0.07942
roiled	0.07919
recrossed	0.07917
reductionistic	0.07914
rumbles	0.07885
raillery	0.07885
romping	0.07881
repossess	0.07868
Rhein	0.07856
retransmission	0.07850
replays	0.07847
refurbish	0.07842
rechargeable	0.07834
ribbing	0.07824
requester	0.07811
radioisotope	0.07810
Redgrave	0.07786
retaliating	0.07784
rilled	0.07751
reconcilable	0.07736
revolutionised	0.07727
Randi	0.07710
realignments	0.07710
Rialto	0.07704
Rayburn	0.07694
reasserts	0.07679
ruses	0.07671
revivalists	0.07659
redden	0.07651
Reith	0.07649
reintegrated	0.07643
repackaged	0.07626
Rostock	0.07608
reassembly	0.07582
recompensed	0.07577
revving	0.07563
Royer	0.07562
referable	0.07551
readier	0.07549
ruble	0.07516
ritualism	0.07499
roofless	0.07490
Rohe	0.07482
Roberson	0.07482
revalued	0.07474
reapplied	0.07474
rookies	0.07471
refashion	0.07457
Rosamund	0.07431
retrogressive	0.07419
refracting	0.07415
reorganise	0.07385
relativists	0.07372
Rivista	0.07334
racialism	0.07333
requited	0.07318
rejoicings	0.07301
reconciliations	0.07290
reeks	0.07284
repre	0.07265
rills	0.07215
Roch	0.07202
reassembling	0.07196
riche	0.07179
redound	0.07177
ratifies	0.07176
rearranges	0.07171
regularize	0.07162
ravenously	0.07157
relievers	0.07154
retailed	0.07136
remounted	0.07130
rudest	0.07117
recycles	0.07060
residencies	0.07046
reorienting	0.07028
ramification	0.07022
rinds	0.07020
redecorated	0.07014
reproving	0.07013
raggedy	0.07010
roughshod	0.07006
restaurateur	0.07004
rascally	0.06952
retested	0.06926
retracts	0.06924
ratione	0.06924
reenactments	0.06911
rapturously	0.06905
rebalance	0.06888
readjustments	0.06871
retitled	0.06868
readjusting	0.06868
raindrop	0.06866
Rui	0.06845
Royston	0.06842
rawness	0.06837
retour	0.06823
rottenness	0.06818
rainstorms	0.06813
recombining	0.06801
Ric	0.06786
retook	0.06786
repercussion	0.06786
ruminated	0.06756
raconteur	0.06748
Romagna	0.06728
refitting	0.06714
rune	0.06710
riverfront	0.06708
rive	0.06707
raunchy	0.06695
repaint	0.06685
retrained	0.06683
respirators	0.06670
reprographic	0.06667
roadster	0.06659
resp	0.06650
redeveloped	0.06649
retroperitoneal	0.06637
retardant	0.06622
rehash	0.06581
rechecked	0.06580
resoundingly	0.06559
radiolabeled	0.06554
reclaims	0.06554
recommence	0.06547
Reihe	0.06543
repainting	0.06542
rinding	0.06527
ravish	0.06523
rebutting	0.06511
Rinaldo	0.06505
rebuttals	0.06501
reinstalled	0.06494
religiousness	0.06487
ringside	0.06482
reshuffling	0.06477
regicide	0.06463
recantation	0.06448
rationalizes	0.06416
reprimanding	0.06410
retells	0.06404
raff	0.06398
renegotiating	0.06397
reawaken	0.06394
regally	0.06387
Raghavan	0.06374
reconceptualize	0.06357
Romanus	0.06349
rah	0.06348
rectifier	0.06346
Riverhead	0.06334
rangy	0.06332
revellers	0.06327
recto	0.06308
reinterpretations	0.06297
rustics	0.06297
relict	0.06286
realigning	0.06274
reprogrammed	0.06272
requite	0.06251
raze	0.06249
regresses	0.06224
retrofitted	0.06203
rarified	0.06179
reenacting	0.06167
racialization	0.06163
reconvene	0.06138
reposes	0.06131
Rinaldi	0.06129
repressor	0.06109
raincoats	0.06058
ransacking	0.06052
reconceptualizing	0.06050
reexamining	0.06049
replant	0.06043
redistributes	0.06015
rocketing	0.05998
rhapsodic	0.05991
Rhenish	0.05975
reprogramming	0.05920
roadbed	0.05912
reinvesting	0.05911
Rahul	0.05911
resettling	0.05903
reneging	0.05901
reasoner	0.05876
Ramaswamy	0.05873
romanticizing	0.05870
Ramsden	0.05858
rapports	0.05846
regaling	0.05845
repletion	0.05843
redoubts	0.05842
reinserted	0.05818
retaking	0.05815
reconquer	0.05812
rehired	0.05810
reattached	0.05804
revisionary	0.05800
reworks	0.05793
ricocheting	0.05788
Roudedge	0.05728
redbrick	0.05708
redeploy	0.05706
rewound	0.05704
regurgitate	0.05689
ruder	0.05674
Rosebank	0.05666
revealingly	0.05660
rebuttable	0.05656
relenting	0.05632
Reflexions	0.05628
routinization	0.05626
remediate	0.05624
reevaluating	0.05617
Rong	0.05606
reappointment	0.05594
reprogram	0.05594
reconceptualized	0.05575
Reynold	0.05571
reduplication	0.05559
redoing	0.05557
relearning	0.05556
rekindling	0.05553
reveille	0.05553
restocking	0.05551
resurfaces	0.05551
retouching	0.05546
rephrasing	0.05529
reformulations	0.05525
rebuffs	0.05512
restock	0.05512
recapitulating	0.05501
reli	0.05498
risotto	0.05492
reacquainted	0.05469
retry	0.05419
rootlessness	0.05399
riffraff	0.05393
reproduire	0.05363
reconfirm	0.05336
rescinding	0.05310
Rochefort	0.05306
reallife	0.05285
ried	0.05273
ramped	0.05272
ratcheted	0.05261
reappropriation	0.05246
repetitiveness	0.05226
reinterprets	0.05190
reroute	0.05186
ransack	0.05179
retrenched	0.05176
radioisotopes	0.05167
repackaging	0.05167
rechristened	0.05167
reformatted	0.05134
refract	0.05128
returnable	0.05109
relocates	0.05105
restrictively	0.05085
reallocating	0.05083
rudders	0.05081
Rolodex	0.05070
reshapes	0.05057
rect	0.05045
reopens	0.05039
Ramón	0.05006
renumbered	0.04994
reproduits	0.04991
rifleman	0.04989
rematch	0.04987
refashioning	0.04983
ringworm	0.04961
rile	0.04955
roseate	0.04928
ramping	0.04927
realisations	0.04925
rationalities	0.04925
Reitz	0.04922
remarrying	0.04909
regurgitated	0.04906
rhinos	0.04904
Ruthven	0.04895
Redfern	0.04892
reconquered	0.04892
reimbursing	0.04879
reenters	0.04877
reintegrating	0.04877
rowboats	0.04867
rivalling	0.04848
riper	0.04841
ratiocination	0.04831
ρ	0.04829
Roo	0.04823
refueled	0.04817
redevelop	0.04811
revoir	0.04804
raptors	0.04748
Rosemont	0.04737
reinvigorating	0.04736
rednecks	0.04726
reattach	0.04702
roundhouse	0.04682
ris	0.04679
racialist	0.04677
Rieger	0.04622
recrudescence	0.04615
religieuse	0.04579
remits	0.04570
RAC	0.04570
reshuffled	0.04566
recognisably	0.04564
reconfigures	0.04555
Ransome	0.04536
rebuilds	0.04525
rehashing	0.04519
Rahab	0.04490
reviling	0.04467
romped	0.04460
RSC	0.04447
redecorating	0.04431
ravening	0.04427
Runyon	0.04423
revokes	0.04423
rerouting	0.04420
reinstituted	0.04419
reintroduces	0.04409
ribose	0.04386
ror	0.04379
rattler	0.04375
reconceived	0.04333
resubmit	0.04318
reincarnations	0.04287
redesignated	0.04270
reauthorization	0.04258
readiest	0.04250
rodeos	0.04229
rearward	0.04219
racquetball	0.04218
Reise	0.04217
repellant	0.04214
redacted	0.04210
Reaktion	0.04195
risible	0.04188
reburied	0.04183
rinses	0.04172
refolded	0.04171
ruggedly	0.04141
rollercoaster	0.04132
repine	0.04126
reveres	0.04117
RTF	0.04110
reprised	0.04099
ReadHowYouWant.com	0.04077
Rheingold	0.04073
reshuffle	0.04066
Rivington	0.04061
rosebuds	0.04057
Romanism	0.04055
repopulate	0.04039
Rhoades	0.04007
ruminant	0.03996
Rodrik	0.03987
riverbeds	0.03983
roofline	0.03980
rudderless	0.03972
ricochet	0.03950
retched	0.03943
rickshaws	0.03922
Rheumatology	0.03921
Ranjit	0.03914
rigmarole	0.03898
realness	0.03898
rummy	0.03890
refiners	0.03871
Rijn	0.03870
readouts	0.03867
Regius	0.03848
Redux	0.03839
rin	0.03829
responsivity	0.03822
revitalise	0.03817
rutting	0.03807
Rosenbloom	0.03807
Relat	0.03803
ratifications	0.03799
retrofitting	0.03795
recalculation	0.03763
restorers	0.03759
recirculated	0.03741
romancing	0.03738
Rahmen	0.03694
recirculating	0.03691
reinforcer	0.03661
reinsert	0.03656
rol	0.03646
reliabilities	0.03645
régime	0.03640
reconfigurations	0.03629
razing	0.03628
Rockefellers	0.03622
reoccur	0.03621
reminisces	0.03621
raring	0.03608
Rappahannock	0.03608
revitalised	0.03584
reifies	0.03580
rosin	0.03557
repacked	0.03554
reinvigoration	0.03542
regia	0.03538
republish	0.03513
rendre	0.03509
ratcheting	0.03484
revolutionist	0.03482
Relatedly	0.03467
retch	0.03465
reorganising	0.03460
Raynor	0.03455
Remi	0.03454
redecorate	0.03438
reinscribe	0.03434
resellers	0.03421
ridiculousness	0.03406
reoccurring	0.03405
Rickard	0.03405
reorganizes	0.03374
refiner	0.03371
recoded	0.03363
resurrects	0.03306
ramified	0.03284
retrench	0.03279
R5	0.03271
raggedly	0.03255
ritualised	0.03252
recreant	0.03251
remonstrating	0.03250
recog	0.03245
reasoners	0.03243
reheating	0.03240
relaunched	0.03237
Rudiger	0.03214
reverentially	0.03201
recouping	0.03187
Ruffin	0.03136
reclines	0.03126
rostral	0.03125
Rivoli	0.03111
Romanists	0.03105
reanalyzed	0.03086
roosts	0.03077
relents	0.03068
RPG	0.03060
renames	0.03059
resuscitating	0.03041
rends	0.03019
Richey	0.03001
ridin	0.03000
reoccurrence	0.02999
rth	0.02995
reassigning	0.02991
rectors	0.02986
Runciman	0.02967
reanimated	0.02959
reconnoitering	0.02946
rower	0.02940
runneth	0.02924
riffled	0.02870
rumpus	0.02856
Ringwood	0.02850
repining	0.02848
receiveth	0.02846
rids	0.02841
reformat	0.02832
Renwick	0.02804
Rabe	0.02797
RKO	0.02797
residuary	0.02796
revues	0.02774
reimagine	0.02758
ribaldry	0.02754
RHS	0.02748
representa	0.02740
reunified	0.02723
reclassify	0.02711
Ronda	0.02711
Ricard	0.02706
reignited	0.02679
rôle	0.02669
rencontre	0.02662
reprieved	0.02651
reactively	0.02645
Rawdon	0.02637
roundish	0.02637
retooling	0.02636
rarefaction	0.02632
roadstead	0.02631
redundantly	0.02618
reemphasized	0.02610
realisable	0.02592
revealer	0.02588
retraces	0.02586
roughs	0.02563
reemerging	0.02551
Rotter	0.02550
reimagined	0.02543
Radiat	0.02542
recension	0.02539
requisitioning	0.02526
rouged	0.02520
remediable	0.02508
reemphasize	0.02506
reprobated	0.02503
recross	0.02481
redefinitions	0.02480
repulsing	0.02480
ritzy	0.02479
riderless	0.02454
reinstates	0.02417
Roumania	0.02408
reworkings	0.02404
Ryu	0.02397
riskiest	0.02389
reprocessed	0.02354
relaunch	0.02340
RQ	0.02338
Rosebery	0.02329
restaurateurs	0.02321
rhinestone	0.02314
resdess	0.02300
Renshaw	0.02295
retinoic	0.02290
replenishes	0.02282
remaineth	0.02273
Rosanna	0.02272
requital	0.02270
Rothschilds	0.02264
Reynard	0.02247
roust	0.02237
rotatory	0.02236
Raintree	0.02228
Reforma	0.02215
remem	0.02212
resoluteness	0.02209
rusticity	0.02201
remakes	0.02200
Rameses	0.02194
rationalising	0.02190
respon	0.02187
Rodale	0.02182
recom	0.02182
resubmitted	0.02179
rejoinders	0.02171
riddling	0.02160
Ramakrishnan	0.02159
rwo	0.02147
rascality	0.02111
Rockport	0.02088
roundtrip	0.02053
radiometric	0.02050
Romanes	0.02047
recoding	0.02028
Roxburgh	0.02019
reprographics	0.02012
radicalize	0.02010
recognizance	0.02010
ratepayers	0.01999
regatta	0.01995
retesting	0.01994
Roget	0.01987
reefed	0.01986
reanimate	0.01975
reconnoitring	0.01954
reactivating	0.01932
ratted	0.01916
rankle	0.01915
Regulus	0.01913
Romilly	0.01898
rowdies	0.01898
RBI	0.01880
Rochambeau	0.01879
rhinestones	0.01868
Rochdale	0.01867
Rumford	0.01863
roguery	0.01858
repassed	0.01854
redoubling	0.01847
reals	0.01845
reprobates	0.01831
reunites	0.01828
righdy	0.01823
Romany	0.01821
Rosina	0.01797
reprovingly	0.01797
repayable	0.01776
redcoats	0.01754
revolutionise	0.01751
ripest	0.01742
Rymer	0.01742
Ramat	0.01737
reg'lar	0.01733
rusts	0.01732
rhapsodies	0.01725
reconsiders	0.01725
recommit	0.01723
rescaled	0.01721
Romanist	0.01705
reincarnate	0.01700
rantings	0.01692
raptor	0.01690
rampaged	0.01680
raucously	0.01668
Ramses	0.01653
reconditioned	0.01636
revenging	0.01629
reconnoitred	0.01610
recompile	0.01608
Rives	0.01606
ruck	0.01599
Rowlandson	0.01596
retinues	0.01590
randomize	0.01588
Rambouillet	0.01582
reimagining	0.01580
rimless	0.01576
roun	0.01568
raisons	0.01559
rankling	0.01552
remount	0.01550
rootlets	0.01537
recrossing	0.01536
Reuss	0.01528
Roscommon	0.01507
Reale	0.01491
Raynal	0.01475
roly	0.01474
Rajesh	0.01466
recalibrate	0.01463
Roseanne	0.01460
revery	0.01455
Rosch	0.01451
Radnor	0.01443
religieux	0.01437
rdle	0.01427
readies	0.01419
regula	0.01419
Read1	0.01408
reinvents	0.01404
readin	0.01400
Ribera	0.01397
Ruy	0.01390
rededicated	0.01384
rookery	0.01378
riband	0.01377
reliques	0.01372
rustlers	0.01372
Ravensburg	0.01359
rendu	0.01356
Rolla	0.01353
repeals	0.01349
Roumanian	0.01349
rustles	0.01343
rosebush	0.01341
Ramsgate	0.01335
rubra	0.01333
rescript	0.01329
reconnoissance	0.01328
Ranelagh	0.01326
Rogerson	0.01312
regnant	0.01306
restfulness	0.01302
regni	0.01300
recalibration	0.01295
relit	0.01293
revalue	0.01292
reignite	0.01291
Rehoboam	0.01265
reconnoitered	0.01259
restatements	0.01259
Ratisbon	0.01253
reversionary	0.01247
reticulated	0.01246
revering	0.01239
refunding	0.01230
ropy	0.01220
revenges	0.01217
Regnault	0.01210
reproofs	0.01193
reproducibly	0.01192
rendezvoused	0.01192
reticule	0.01187
rer	0.01173
rosebushes	0.01173
return'd	0.01155
Reden	0.01155
riotously	0.01150
raffia	0.01147
Ratcliff	0.01133
Rasselas	0.01132
rabidly	0.01130
ramus	0.01127
responsively	0.01124
Rosse	0.01123
retype	0.01118
revitalisation	0.01108
Roundheads	0.01100
rewinding	0.01097
recal	0.01090
reinscribed	0.01088
relativize	0.01085
rosier	0.01080
retooled	0.01071
reigneth	0.01064
roaster	0.01063
Robt	0.01062
ribands	0.01061
ribboned	0.01054
remissness	0.01045
rehashed	0.01045
reckonings	0.01037
Rodriquez	0.01032
refracts	0.01031
regenerator	0.01030
reluctandy	0.01027
romancer	0.01024
reducer	0.01019
recusants	0.01017
refulgent	0.01005
reprises	0.009942
rosea	0.009935
République	0.009924
roll'd	0.009793
Ryde	0.009782
renomination	0.009776
rheumy	0.009774
repassing	0.009773
runabout	0.009767
recomputed	0.009749
rotundity	0.009704
reenforced	0.009654
regno	0.009621
reformations	0.009609
readerly	0.009603
recompence	0.009601
religiosa	0.009533
restructurings	0.009515
reimbursable	0.009479
regionalized	0.009479
relentlessness	0.009444
repackage	0.009405
Runnymede	0.009405
railroading	0.009392
reft	0.009387
rity	0.009345
rubicund	0.009289
repulsions	0.009280
reassessments	0.009205
reproves	0.009167
Reuven	0.009165
Rosicrucian	0.009147
reformatories	0.009098
railroaded	0.009089
Rienzi	0.009071
repasts	0.009030
rudiment	0.009013
repulses	0.008950
reconnects	0.008869
rhinoceroses	0.008783
romps	0.008721
Rasputin	0.008710
riseth	0.008658
reconstitutes	0.008656
recluses	0.008649
reproductively	0.008595
rejoiceth	0.008581
regimentals	0.008581
Rendall	0.008577
reestablishes	0.008559
ruleth	0.008512
remunerate	0.008454
Robinsons	0.008429
repass	0.008427
reposeful	0.008382
recessionary	0.008297
resampling	0.008265
reconverted	0.008215
revivified	0.008178
reseated	0.008123
restingplace	0.008108
rookeries	0.008106
Rangel	0.008094
routs	0.008058
Raglan	0.008029
restoratives	0.007962
ruffianly	0.007919
Russias	0.007847
retrievers	0.007793
Raphaelites	0.007760
rami	0.007684
refractions	0.007663
ruffs	0.007659
rammer	0.007639
rouble	0.007538
reengage	0.007536
romancers	0.007511
Russe	0.007490
Royall	0.007484
redly	0.007466
reoccupy	0.007434
rainless	0.007396
reddest	0.007347
regu	0.007342
roil	0.007307
reversions	0.007304
refection	0.007264
regicides	0.007224
reprehension	0.007223
respire	0.007210
remorsefully	0.007163
Rous	0.007160
reciter	0.007142
r61e	0.007131
rifted	0.007129
rit	0.007118
Resartus	0.007089
reddens	0.007006
repurchased	0.006988
rery	0.006974
reformatting	0.006967
reconversion	0.006965
reck	0.006959
rapiers	0.006952
rewiring	0.006929
reconditioning	0.006889
Romberg	0.006844
rivetted	0.006842
roods	0.006792
recreative	0.006781
relight	0.006763
requireth	0.006759
regio	0.006750
recked	0.006747
ratherthan	0.006739
religionist	0.006698
roguishly	0.006651
reoccupation	0.006572
revs	0.006548
rewarder	0.006546
rivalship	0.006503
rearm	0.006496
ratde	0.006480
ragamuffin	0.006449
roosted	0.006445
repairer	0.006431
ragamuffins	0.006400
ransoms	0.006399
rny	0.006395
riage	0.006391
rankest	0.006371
reconcilement	0.006362
reimburses	0.006240
refrigerating	0.006227
ruin'd	0.006211
ravisher	0.006191
rinks	0.006144
repartees	0.006139
rebelliously	0.006103
replicability	0.006094
Rehman	0.006052
roundabouts	0.006050
ravishment	0.006041
ramify	0.006038
rived	0.006007
roue	0.006007
ragout	0.005964
riggers	0.005879
rara	0.005856
retorting	0.005850
runnels	0.005821
reseller	0.005803
retributions	0.005740
resurrections	0.005733
reverencing	0.005733
ruinously	0.005692
Russie	0.005683
ramifying	0.005646
redoubted	0.005636
relighted	0.005634
recommitted	0.005625
rearmost	0.005596
reassume	0.005571
romanticised	0.005562
rne	0.005551
riving	0.005529
reechoed	0.005486
recogni2ed	0.005482
ratded	0.005454
regardful	0.005428
redhot	0.005414
reassumed	0.005405
Romanum	0.005331
retrenchments	0.005288
retouch	0.005243
repulsiveness	0.005239
redounds	0.005237
renunciations	0.005234
rowlocks	0.005230
reali2ed	0.005217
rued	0.005196
Reaumur	0.005174
reiterations	0.005172
reciprocates	0.005149
redounded	0.005102
reprehended	0.005066
recalibrated	0.005059
rankles	0.005004
regnum	0.004965
retails	0.004932
retrograded	0.004931
Rocher	0.004891
rumps	0.004889
rheumatics	0.004873
restiveness	0.004853
revelries	0.004846
recta	0.004792
reframes	0.004783
raiseth	0.004765
rectly	0.004759
repos	0.004720
rious	0.004718
reenacts	0.004656
recti	0.004655
Roentgen	0.004631
rais'd	0.004628
roarings	0.004628
remounting	0.004617
Runic	0.004602
riffle	0.004586
revilings	0.004586
rection	0.004584
rustlings	0.004582
reminiscently	0.004575
revivify	0.004532
retaliations	0.004525
retaliates	0.004510
remonstrates	0.004489
roves	0.004485
restocked	0.004480
redrafted	0.004429
Roundhead	0.004420
reveller	0.004391
Romanorum	0.004384
Raritan	0.004355
reappraise	0.004341
riz	0.004308
rescaling	0.004278
ritualistically	0.004227
reverences	0.004216
recusant	0.004191
retool	0.004171
rawest	0.004166
reat	0.004159
reservist	0.004139
recommences	0.004123
raptured	0.004076
recommencing	0.004056
Ricerche	0.004045
rebirths	0.003993
recte	0.003949
rati	0.003910
regi	0.003802
rois	0.003701
receipted	0.003661
ranee	0.003636
rence	0.003573
Romanized	0.003564
reefer	0.003549
repenteth	0.003479
redbreast	0.003443
rigger	0.003381
rusticated	0.003297
rainfalls	0.003261
relievo	0.003250
romanticist	0.003136
resi	0.003118
rii	0.003082
rente	0.002977
refereeing	0.002976
ragging	0.002916
rond	0.002866
rayless	0.002828
reponse	0.002775
rior	0.002763
rase	0.002757
ress	0.002738
robing	0.002720
rightfulness	0.002660
rulebook	0.002647
ransoming	0.002638
radicalizing	0.002631
rie	0.002628
reve	0.002619
returneth	0.002561
roes	0.002541
rasps	0.002514
rour	0.002507
ringlet	0.002505
risqué	0.002481
ravelled	0.002460
redrafting	0.002397
respec	0.002391
roistering	0.002348
rasher	0.002335
revivifying	0.002314
rience	0.002303
RNIB	0.002285
redhaired	0.002083
rectifies	0.002074
regurgitating	0.002058
rait	0.002049
roystering	0.002031
responsi	0.001931
