and	1.111e+4
a	7714
as	2789
are	1797
at	1597
an	1363
all	957.4
about	613.7
also	566.8
any	417.3
after	387.3
another	222.5
against	181.7
again	165.4
American	163.4
around	158.0
al	149.7
always	144.7
among	140.1
although	138.2
away	135.6
A.	124.7
am	119.4
asked	110.6
act	108.4
above	107.8
area	107.1
analysis	102.3
along	97.79
age	96.87
almost	96.76
able	96.15
action	95.72
already	93.90
available	87.34
air	83.92
approach	83.15
according	82.18
across	81.12
art	78.60
anything	72.91
account	71.48
areas	69.55
America	66.87
activity	65.94
activities	64.40
attention	63.61
associated	63.07
amount	61.42
access	61.37
addition	59.52
answer	58.98
application	58.91
ask	58.28
alone	57.57
actually	55.24
association	49.13
authority	49.11
average	48.95
appropriate	48.80
army	48.49
added	48.27
ability	47.94
appear	47.30
allow	45.45
author	44.72
address	44.03
applied	43.88
add	43.10
African	42.89
active	42.84
additional	42.65
appears	42.20
article	41.41
allowed	40.41
agreement	39.97
arms	39.05
administration	38.46
actions	38.45
appeared	37.48
April	37.43
ago	36.96
assessment	36.75
attempt	36.37
actual	35.77
anyone	35.57
Africa	35.04
avoid	34.49
argument	34.15
aspects	34.09
August	33.42
Americans	33.33
animals	32.50
ancient	32.24
apply	32.14
alternative	32.05
applications	31.65
attack	31.60
acts	29.69
animal	29.51
annual	29.16
aware	29.02
arrived	28.90
advantage	28.86
allows	28.80
anti	28.77
arm	28.75
agency	28.61
accepted	28.56
agent	28.54
agreed	28.11
accept	27.78
acid	26.72
academic	26.16
aid	25.85
affect	25.65
appearance	25.36
accounts	25.32
agents	25.13
audience	25.08
affairs	24.98
approaches	24.65
achieve	24.48
advanced	24.25
absence	24.16
affected	24.16
assume	23.44
argued	23.34
answered	22.92
adult	22.88
authors	22.73
apart	22.72
assistance	22.63
adopted	22.24
Asia	21.87
assumed	21.76
assets	21.63
apparently	21.61
aspect	21.28
achieved	21.24
attitude	20.94
ahead	20.83
advice	20.69
arts	20.52
agree	20.51
approximately	20.41
authorities	20.37
appeal	20.29
articles	20.21
abuse	19.94
attempts	19.50
assembly	19.43
adults	19.31
asking	19.09
agricultural	19.04
apparent	19.02
absolute	18.96
advance	18.73
answers	18.65
architecture	18.56
ad	18.48
afraid	18.45
afternoon	18.44
acting	18.01
agencies	17.96
Australia	17.90
arguments	17.88
Asian	17.55
administrative	17.50
awareness	17.26
anxiety	16.83
attitudes	16.58
accounting	16.58
argue	16.57
angle	16.53
aside	16.53
addressed	16.48
attached	16.43
alive	16.39
ages	16.36
assigned	16.30
anger	16.28
acquired	16.09
alcohol	15.95
aim	15.66
adequate	15.66
artist	15.60
adding	15.59
allowing	15.53
acute	15.44
appointed	15.32
agriculture	15.30
abstract	15.29
assumption	15.01
amounts	14.97
armed	14.82
accurate	14.75
Appendix	14.57
attacks	14.44
advertising	14.29
atmosphere	14.19
anyway	14.12
accompanied	14.02
artists	13.81
advantages	13.69
angry	13.62
attempted	13.57
Ann	13.47
algorithm	13.44
attorney	13.24
Alexander	13.18
acceptance	13.16
attributes	13.15
aids	13.09
absolutely	13.08
axis	13.07
admitted	13.04
actors	13.01
Academy	12.93
amendment	12.88
arrangements	12.79
arrival	12.66
assumptions	12.66
argues	12.56
arise	12.54
array	12.50
arrangement	12.43
announced	12.38
accident	12.10
attend	12.08
achievement	12.04
Arthur	11.98
apartment	11.90
acquisition	11.86
acceptable	11.76
approved	11.74
assess	11.72
assistant	11.68
accordingly	11.62
arranged	11.56
Adam	11.54
aircraft	11.46
attended	11.44
approval	11.39
applies	11.36
accuracy	11.34
admit	11.31
Arab	11.30
associations	11.29
assist	11.27
applying	11.20
automatically	11.05
applicable	11.05
attractive	11.04
Ah	11.01
Australian	10.99
Angeles	10.97
analyses	10.94
agenda	10.85
accomplished	10.85
abandoned	10.80
agreements	10.79
anywhere	10.71
aunt	10.69
approached	10.64
asset	10.62
asks	10.61
afterwards	10.52
alliance	10.50
accordance	10.48
award	10.45
Anne	10.29
abroad	10.28
Atlantic	10.27
altogether	10.23
attribute	10.21
assuming	10.21
Andrew	10.20
addresses	10.13
afford	10.10
accused	10.05
Allen	9.969
availability	9.846
adoption	9.766
adjustment	9.762
aged	9.732
aimed	9.716
arrive	9.715
adapted	9.680
Anderson	9.680
Avenue	9.581
adopt	9.564
artificial	9.522
appointment	9.494
autonomy	9.467
anxious	9.444
attributed	9.330
assignment	9.308
archives	9.042
absent	8.991
angel	8.929
acted	8.926
appreciate	8.911
aesthetic	8.837
artistic	8.835
amongst	8.790
aggressive	8.712
attachment	8.700
affects	8.662
alternatives	8.593
acids	8.579
automatic	8.569
assured	8.556
acknowledge	8.536
activation	8.531
attacked	8.515
acknowledged	8.513
absorption	8.507
adds	8.486
altered	8.473
Anna	8.458
avoided	8.433
advances	8.430
arrest	8.424
affair	8.400
Adams	8.379
actor	8.369
adjacent	8.296
adverse	8.292
accessible	8.274
acquire	8.236
aims	8.188
associate	8.128
attracted	8.098
abilities	8.058
admission	8.024
appeals	8.009
attempting	7.998
adjusted	7.927
anterior	7.918
artery	7.899
affecting	7.885
asleep	7.855
actively	7.829
Albert	7.822
alter	7.800
Abraham	7.794
analytical	7.717
alike	7.691
arrested	7.686
arc	7.653
allies	7.639
achieving	7.599
apple	7.569
atoms	7.553
arises	7.544
Alice	7.536
allocation	7.531
associates	7.469
airport	7.448
addressing	7.440
ate	7.413
alleged	7.376
arch	7.366
anybody	7.363
adaptation	7.363
a.m.	7.356
appreciation	7.344
aging	7.324
au	7.231
accomplish	7.218
approaching	7.207
Aristotle	7.165
accurately	7.157
atomic	7.138
angels	7.132
audio	7.130
arose	7.124
assault	7.078
Alan	7.056
Anthony	7.035
administered	6.975
arrow	6.965
à	6.962
aggregate	6.895
absorbed	6.880
arising	6.865
analyze	6.847
assessing	6.818
alongside	6.807
Anglo	6.762
affection	6.758
audit	6.735
authorized	6.735
alien	6.728
attract	6.677
analyzed	6.675
attending	6.655
anthropology	6.615
adjust	6.595
anymore	6.591
abnormal	6.580
advised	6.577
anticipated	6.573
accessed	6.558
amino	6.556
architectural	6.526
assisted	6.488
algorithms	6.485
arbitrary	6.476
accepting	6.412
assessed	6.396
assumes	6.376
autumn	6.356
accumulation	6.339
adolescents	6.332
allied	6.319
acres	6.311
adventure	6.299
adolescent	6.172
Alfred	6.148
avoiding	6.136
angles	6.120
alarm	6.087
audiences	6.055
ancestors	6.051
alert	5.999
Austria	5.983
ac	5.968
administrator	5.947
Alex	5.932
assembled	5.928
accountability	5.926
aggression	5.926
arguing	5.880
amazing	5.861
abundance	5.849
archaeological	5.831
Amsterdam	5.803
apparatus	5.795
Antonio	5.770
administrators	5.707
abortion	5.694
adaptive	5.689
Austin	5.686
assurance	5.672
Arnold	5.671
activated	5.656
authentic	5.650
advocate	5.643
autonomous	5.638
Additionally	5.616
attraction	5.589
assertion	5.569
accommodate	5.556
asserted	5.513
anonymous	5.504
appearing	5.492
artillery	5.452
assessments	5.438
awful	5.433
analogy	5.423
armies	5.419
awarded	5.387
Arizona	5.331
awake	5.258
abdominal	5.245
arrange	5.240
architect	5.210
arriving	5.201
abundant	5.199
auto	5.179
altar	5.177
accommodation	5.169
alpha	5.168
accounted	5.153
Arabic	5.150
accustomed	5.132
atom	5.125
answering	5.118
abandon	5.107
advocates	5.102
attendance	5.099
Athens	5.083
assure	5.070
arena	5.059
adequately	5.025
arbitration	5.024
ambassador	5.023
accompanying	5.017
assign	4.994
Ali	4.991
activists	4.988
Afghanistan	4.915
achievements	4.908
archaeology	4.898
anatomy	4.878
alignment	4.853
advisory	4.851
adapt	4.850
amended	4.794
alternatively	4.790
appreciated	4.784
anchor	4.782
attained	4.775
assert	4.766
awards	4.765
ass	4.760
annually	4.755
Admiral	4.753
amplitude	4.743
afterward	4.733
Aboriginal	4.721
accumulated	4.718
automobile	4.713
analyzing	4.693
ambition	4.688
aloud	4.656
approximation	4.636
albeit	4.612
Atlanta	4.588
accord	4.569
attain	4.557
admiration	4.551
appropriately	4.541
accidents	4.540
Alabama	4.540
ab	4.517
Augustine	4.505
applicant	4.503
accompany	4.488
ambitious	4.474
allocated	4.462
atmospheric	4.458
adjustments	4.452
alternate	4.440
assignments	4.395
approximate	4.372
arrows	4.341
ambiguous	4.304
amid	4.281
amendments	4.271
App	4.255
antibodies	4.254
advancement	4.252
Annie	4.248
antibody	4.242
AP	4.201
aboard	4.192
Amy	4.191
admired	4.189
Alaska	4.180
authentication	4.146
ar	4.144
Argentina	4.139
attach	4.136
athletes	4.109
album	4.108
acquaintance	4.058
analogous	4.052
Africans	4.031
aspirations	4.020
adopting	4.016
abnormalities	3.990
acquiring	3.972
analysts	3.953
ai	3.952
ash	3.949
ambiguity	3.948
autobiography	3.933
A.D.	3.928
appetite	3.903
aluminum	3.903
advancing	3.901
affinity	3.886
avoidance	3.876
acceleration	3.874
adventures	3.865
absurd	3.848
Andy	3.838
ashamed	3.833
ample	3.832
applicants	3.818
antiquity	3.815
appraisal	3.815
acquainted	3.803
affirmative	3.784
advise	3.763
articulated	3.753
appearances	3.737
accelerated	3.736
archive	3.734
announcement	3.721
abruptly	3.720
Arabs	3.717
appealing	3.709
allowance	3.708
arterial	3.695
apt	3.694
artifacts	3.693
analytic	3.679
asthma	3.678
analyst	3.673
agrees	3.669
angular	3.661
advocacy	3.660
accent	3.644
appealed	3.635
advocated	3.633
architects	3.633
als	3.606
accepts	3.598
awkward	3.594
arthritis	3.591
Austrian	3.581
Allah	3.575
animation	3.571
automated	3.564
Arabia	3.527
anticipation	3.510
attorneys	3.502
antigen	3.500
advent	3.491
archbishop	3.485
adolescence	3.481
athletic	3.481
Aaron	3.480
alliances	3.478
AA	3.474
ads	3.464
afforded	3.456
anniversary	3.454
attacking	3.441
acre	3.436
auditory	3.415
affective	3.406
abstraction	3.395
articulate	3.368
aided	3.361
Arctic	3.346
ABC	3.345
approve	3.333
arteries	3.330
abused	3.310
aligned	3.264
altitude	3.253
apostles	3.238
arrives	3.237
asserts	3.227
ally	3.226
absorb	3.219
addiction	3.198
adjusting	3.196
Arkansas	3.167
assimilation	3.150
antibiotics	3.144
anticipate	3.142
auction	3.135
asylum	3.132
arithmetic	3.128
Aug.	3.114
authenticity	3.109
appointments	3.107
axial	3.099
authoritative	3.095
amazed	3.091
Armstrong	3.077
axes	3.069
aesthetics	3.068
accidental	3.056
alterations	3.052
Alexandria	3.037
Abu	3.028
abbey	3.020
amusement	3.019
analog	3.002
airlines	3.001
ashes	2.994
attendant	2.988
attainment	2.986
authorization	2.983
Acta	2.977
Acknowledgments	2.973
aroused	2.972
apostle	2.966
aftermath	2.965
ankle	2.963
awe	2.963
administer	2.962
arguably	2.943
acoustic	2.942
allegiance	2.930
apples	2.927
anthropological	2.924
agitation	2.920
aviation	2.900
activism	2.875
accountable	2.873
airway	2.869
Albany	2.866
animated	2.863
ammunition	2.859
alteration	2.848
advertisement	2.836
accession	2.833
advertisements	2.832
alas	2.831
adherence	2.830
auf	2.827
anal	2.821
AG	2.816
admissions	2.815
assistants	2.814
airplane	2.805
affirmed	2.803
admire	2.799
analysed	2.799
Andrews	2.798
adulthood	2.796
alienation	2.791
Americas	2.783
agony	2.771
ascertain	2.767
authoritarian	2.766
abolition	2.757
assay	2.754
antenna	2.742
apprehension	2.729
Alzheimer	2.722
awakening	2.717
academics	2.716
Appl	2.716
abdomen	2.715
activist	2.713
awakened	2.691
ambitions	2.684
amateur	2.681
accomplishments	2.681
annals	2.669
airline	2.667
apartments	2.662
allegedly	2.652
aspiration	2.644
agreeable	2.635
anesthesia	2.634
Allan	2.624
articulation	2.621
alley	2.619
auxiliary	2.617
additions	2.609
acknowledging	2.607
admits	2.604
aqueous	2.600
appropriation	2.599
awaiting	2.598
ace	2.595
abandonment	2.574
analyse	2.572
acknowledges	2.572
amused	2.549
arrays	2.538
aggregation	2.537
apology	2.536
assassination	2.533
astonished	2.532
Almighty	2.530
accomplishment	2.530
attributable	2.526
abuses	2.526
alcoholic	2.520
Angela	2.519
athlete	2.514
Atlas	2.513
appoint	2.512
Acad	2.500
amounted	2.498
Ave	2.496
antique	2.493
aortic	2.489
aquatic	2.482
assemblies	2.472
abolished	2.471
akin	2.454
anguish	2.440
adviser	2.438
averaged	2.430
ancestral	2.424
activate	2.421
accessibility	2.418
aliens	2.417
aristocratic	2.411
auditor	2.408
attractions	2.403
ascending	2.400
alloy	2.395
ana	2.395
alphabet	2.385
armor	2.379
affiliation	2.378
Andre	2.377
alarmed	2.376
assisting	2.375
altering	2.372
Apollo	2.370
aerial	2.368
autism	2.367
actress	2.365
announce	2.358
astronomy	2.354
appellate	2.349
advisor	2.345
acquisitions	2.344
allegations	2.342
adhesion	2.335
anemia	2.333
admirable	2.332
affirmation	2.331
Andrea	2.329
antibiotic	2.325
Augustus	2.322
Amanda	2.322
agrarian	2.302
aus	2.294
astonishing	2.292
acknowledgment	2.290
assigning	2.287
affirm	2.283
ambient	2.283
ascribed	2.280
accumulate	2.278
adhere	2.275
allergic	2.267
abrupt	2.267
adjoining	2.266
annoyed	2.260
accorded	2.260
ancestor	2.259
alternating	2.259
asserting	2.259
apartheid	2.256
accidentally	2.252
accusations	2.242
av	2.237
aristocracy	2.236
amusing	2.235
advisers	2.232
amidst	2.231
adsorption	2.224
assemble	2.220
alloys	2.212
ATP	2.210
affiliated	2.193
attracting	2.190
anomalies	2.180
astonishment	2.164
ant	2.164
anthology	2.163
ASEAN	2.146
ashore	2.142
abusive	2.141
advantageous	2.137
arisen	2.135
accessing	2.124
Ada	2.113
Arbor	2.111
anchored	2.107
aiming	2.097
arranging	2.085
applause	2.084
Addison	2.083
adaptations	2.081
algebra	2.076
avant	2.071
admitting	2.070
atrial	2.062
anatomical	2.054
arid	2.053
assertions	2.045
Aquinas	2.043
Acknowledgements	2.043
ambulance	2.041
Amen	2.039
automation	2.032
awaited	2.030
adversary	2.030
avail	2.029
awoke	2.020
anthropologists	2.014
agreeing	2.009
affordable	2.007
ATM	2.002
Agnes	1.998
annex	1.995
arousal	1.987
adjective	1.987
aura	1.986
affections	1.982
accommodations	1.977
attentive	1.976
amber	1.966
amazement	1.948
archaic	1.946
aperture	1.943
adrenal	1.940
amplification	1.939
avoids	1.939
ay	1.937
antitrust	1.934
agitated	1.933
awhile	1.928
accountant	1.926
angrily	1.918
applicability	1.914
ammonia	1.912
averages	1.909
autobiographical	1.909
allowances	1.908
abide	1.905
ambivalence	1.900
agendas	1.899
anxieties	1.899
announcing	1.899
accusation	1.890
Armenian	1.889
adobe	1.887
axe	1.886
aux	1.886
attachments	1.880
appliances	1.878
abbot	1.877
aisle	1.875
amplifier	1.871
affectionate	1.869
absorbing	1.863
ants	1.858
Apr.	1.854
adapting	1.854
appropriated	1.852
ante	1.851
align	1.850
advisable	1.849
additive	1.845
atop	1.843
ascent	1.839
aspirin	1.839
arches	1.837
a2	1.829
advertised	1.823
await	1.813
averaging	1.810
asymmetric	1.809
augmented	1.805
airborne	1.804
Anglican	1.803
API	1.801
Amazon	1.798
adhesive	1.794
Apache	1.793
Algeria	1.792
auditing	1.789
allusion	1.789
automobiles	1.788
ancestry	1.787
adversely	1.786
admittedly	1.786
attic	1.785
apex	1.783
ardent	1.779
annuity	1.777
abandoning	1.777
af	1.772
Ashley	1.771
aide	1.771
afflicted	1.768
artwork	1.767
alcoholism	1.763
abbreviations	1.758
alleviate	1.758
assent	1.751
avenues	1.750
apoptosis	1.749
Alberta	1.748
administering	1.746
ACM	1.743
allergy	1.741
authorship	1.739
arrogant	1.738
aversion	1.734
allocate	1.733
anxiously	1.727
adjectives	1.726
Aires	1.723
aerobic	1.723
Adrian	1.721
aromatic	1.716
ark	1.715
auditors	1.710
accessories	1.706
arrogance	1.705
attenuation	1.705
adultery	1.704
advisors	1.701
Afro	1.700
alienated	1.687
alkaline	1.687
Allison	1.686
adorned	1.683
apologize	1.682
affluent	1.681
Arabian	1.675
asymmetry	1.673
accelerate	1.671
attribution	1.667
automotive	1.666
adequacy	1.664
antigens	1.660
Afghan	1.657
AE	1.653
anew	1.652
acquaintances	1.651
Amos	1.649
anthropologist	1.648
Archer	1.640
atypical	1.639
avec	1.634
ambivalent	1.632
arrests	1.620
attendants	1.619
apostolic	1.614
accountants	1.605
auch	1.602
astronomical	1.598
Ahmad	1.598
alarming	1.592
affords	1.581
anticipating	1.580
aggregates	1.580
ascertained	1.578
accreditation	1.575
arched	1.574
aye	1.574
acetate	1.570
anomaly	1.567
abode	1.565
amplified	1.565
artifact	1.564
attaining	1.563
artisans	1.562
anarchy	1.562
algae	1.561
analysing	1.560
Ahmed	1.555
Athenian	1.547
abiding	1.544
alluded	1.539
assigns	1.537
Andersen	1.535
ageing	1.535
archaeologists	1.529
amend	1.529
amorphous	1.524
awesome	1.522
advocating	1.519
acquires	1.518
allowable	1.516
achieves	1.515
alpine	1.513
atrocities	1.513
assays	1.512
acidic	1.511
anyhow	1.507
Abel	1.507
anytime	1.506
allotted	1.506
ADHD	1.503
aggressively	1.502
Achilles	1.494
adherents	1.494
Asians	1.491
acknowledgement	1.490
annotated	1.484
AJ	1.479
Antony	1.478
ankles	1.475
anaerobic	1.467
accompanies	1.466
Antarctic	1.465
appropriations	1.458
advising	1.453
armour	1.447
aluminium	1.446
allegory	1.446
adopts	1.443
Abby	1.441
audible	1.441
alia	1.440
aforementioned	1.437
autonomic	1.436
alternately	1.436
anorexia	1.435
Adler	1.434
Abdul	1.434
annum	1.434
attested	1.431
apocalyptic	1.429
accessory	1.429
architectures	1.418
Abbott	1.417
antecedent	1.417
amnesty	1.417
awaken	1.417
Admiralty	1.416
assemblage	1.415
abound	1.414
Anton	1.413
ascended	1.409
arbitrarily	1.408
antagonist	1.401
atrophy	1.400
abstracts	1.393
asymptomatic	1.390
acutely	1.389
airports	1.389
administrations	1.388
announces	1.383
annoying	1.383
attracts	1.382
ASP	1.381
Amelia	1.379
affirming	1.378
airways	1.375
assaults	1.375
antagonism	1.374
Alison	1.369
alt	1.366
apprentice	1.363
Apr	1.362
Anita	1.361
accommodated	1.355
Alma	1.352
Adorno	1.348
authorize	1.347
apparel	1.347
archival	1.347
Aristotelian	1.346
ANC	1.342
assertive	1.342
assimilated	1.341
arsenic	1.341
admissible	1.340
abyss	1.337
Adolf	1.335
anecdotes	1.335
attacker	1.333
analogies	1.331
apron	1.329
apprenticeship	1.327
accelerating	1.326
antisocial	1.325
annoyance	1.324
asynchronous	1.320
alto	1.320
artificially	1.319
arrivals	1.314
assuring	1.314
arsenal	1.308
atonement	1.307
algebraic	1.305
amenities	1.303
attire	1.302
accuse	1.296
aggravated	1.296
adversaries	1.295
admiring	1.294
ax	1.291
Angelo	1.290
accords	1.289
antagonists	1.288
aorta	1.287
attaching	1.286
Austen	1.286
assembling	1.285
Angola	1.284
advertisers	1.283
actuality	1.283
allele	1.282
Alps	1.279
Andreas	1.272
abbreviated	1.270
alias	1.268
Atkinson	1.267
Abe	1.262
aching	1.262
amenable	1.261
allusions	1.260
alveolar	1.259
asbestos	1.258
arouse	1.254
abnormality	1.252
annihilation	1.248
anomalous	1.246
adapter	1.246
abstinence	1.243
auspices	1.243
ambassadors	1.241
Argentine	1.238
allocations	1.237
alleles	1.235
autoimmune	1.231
ache	1.230
adhered	1.230
Augusta	1.229
antecedents	1.229
affirms	1.228
A1	1.226
artefacts	1.222
authored	1.220
adept	1.217
accrued	1.217
accredited	1.216
anesthetic	1.214
appellant	1.214
accompaniment	1.213
astrology	1.213
Ames	1.212
antiquities	1.212
ammonium	1.211
adjunct	1.210
ancients	1.209
adversity	1.209
abolish	1.209
airplanes	1.208
Aug	1.208
Angus	1.207
attractiveness	1.205
ale	1.204
abduction	1.202
academia	1.202
assortment	1.200
appropriateness	1.199
alumni	1.198
additives	1.197
Aryan	1.195
antidepressants	1.194
amiable	1.193
activating	1.192
auditorium	1.192
Ambrose	1.190
anonymity	1.189
analogue	1.189
Auschwitz	1.189
accents	1.183
absurdity	1.179
Antoine	1.176
Albuquerque	1.176
ami	1.175
abundantly	1.174
appalling	1.173
apocalypse	1.172
arenas	1.167
AK	1.165
accommodating	1.160
addicted	1.157
ascend	1.155
alters	1.154
attaches	1.154
advertise	1.151
accomplishing	1.151
alright	1.147
apprehended	1.147
aspire	1.146
Adelaide	1.140
audits	1.138
aspiring	1.137
Armenia	1.136
athletics	1.135
Asiatic	1.133
Australians	1.131
assurances	1.130
accusing	1.126
armored	1.125
associative	1.124
Avery	1.124
authorised	1.123
Aurora	1.122
atrium	1.121
assists	1.120
Albania	1.120
aw	1.119
aroma	1.119
arbitrator	1.117
Archie	1.113
anecdote	1.112
aides	1.111
announcements	1.107
acupuncture	1.103
albums	1.101
Antioch	1.097
Aviv	1.096
arduous	1.095
ao	1.095
allergies	1.093
affliction	1.093
adventurous	1.090
Assam	1.089
abscess	1.089
apes	1.086
antagonistic	1.086
auctions	1.084
amazingly	1.081
Asa	1.081
ans	1.080
accumulating	1.079
Arlington	1.078
ascetic	1.077
aptitude	1.077
anatomic	1.075
APA	1.074
annealing	1.072
Amherst	1.070
approximated	1.070
aptly	1.065
adored	1.065
autopsy	1.062
Auckland	1.057
A.J.	1.054
abbreviation	1.053
ape	1.052
aforesaid	1.051
alarms	1.050
allegorical	1.048
Arendt	1.048
analyzes	1.045
Assoc	1.044
ablation	1.044
ambiguities	1.044
Alicia	1.044
adjudication	1.042
Alec	1.040
affiliate	1.038
aborigines	1.038
Abigail	1.037
argumentation	1.037
Alexis	1.037
astronomers	1.037
Alberto	1.033
ancillary	1.031
afar	1.028
Antwerp	1.026
assures	1.025
almond	1.024
aerospace	1.024
activates	1.022
archipelago	1.021
aggregated	1.020
affidavit	1.019
Abdullah	1.016
annexed	1.015
angina	1.015
atherosclerosis	1.015
annexation	1.014
Alexandra	1.014
anchors	1.013
apathy	1.012
augment	1.011
assimilate	1.011
anchorage	1.008
altruism	1.007
allocating	1.006
Aberdeen	1.005
appalled	1.005
afternoons	1.005
articular	1.005
asphalt	1.004
apologized	0.9995
anecdotal	0.9986
Alain	0.9971
acrylic	0.9970
astray	0.9955
ambush	0.9951
awfully	0.9944
axioms	0.9937
AZ	0.9908
ascension	0.9888
affiliates	0.9878
adoration	0.9827
aft	0.9824
appliance	0.9814
Alvarez	0.9778
amounting	0.9775
AAA	0.9774
antimicrobial	0.9743
aiding	0.9732
adjustable	0.9705
abstractions	0.9671
applauded	0.9660
Abrams	0.9653
articulating	0.9642
angered	0.9637
antiques	0.9628
annotation	0.9617
assaulted	0.9609
Albanian	0.9588
assemblages	0.9571
antithesis	0.9530
alcoholics	0.9508
ANOVA	0.9486
advises	0.9484
antioxidant	0.9467
adrenaline	0.9458
angled	0.9458
ABA	0.9445
animate	0.9436
approximations	0.9403
arte	0.9396
ached	0.9387
Audrey	0.9386
Antarctica	0.9374
astute	0.9374
aloft	0.9362
attest	0.9341
amnesia	0.9341
attends	0.9317
attenuated	0.9313
airy	0.9302
asymmetrical	0.9295
associating	0.9282
admirers	0.9277
apical	0.9273
alkali	0.9243
aloof	0.9231
analyzer	0.9229
Assyrian	0.9223
apprehend	0.9209
achievable	0.9205
apologies	0.9202
adoptive	0.9197
assassinated	0.9192
Alfonso	0.9191
Ariel	0.9161
addictive	0.9155
Annette	0.9140
authorizing	0.9139
assuredly	0.9132
axiom	0.9120
approving	0.9119
Aztec	0.9098
aneurysm	0.9077
albumin	0.9070
anointed	0.9070
Athenians	0.9045
affinities	0.9021
attrition	0.9018
antennas	0.9016
Armenians	0.9002
amply	0.8987
awaits	0.8984
Andes	0.8968
appointing	0.8966
acculturation	0.8961
aunts	0.8946
α	0.8936
adhering	0.8926
Angie	0.8925
acceptability	0.8919
arcs	0.8899
angiography	0.8894
angelic	0.8884
acclaimed	0.8877
abortions	0.8877
averse	0.8868
alerted	0.8867
aerosol	0.8850
appreciable	0.8841
axons	0.8840
Arafat	0.8822
ascribe	0.8822
anon	0.8803
ailments	0.8799
attackers	0.8794
Algerian	0.8781
antidote	0.8779
archetypal	0.8774
AOL	0.8758
adsorbed	0.8737
actin	0.8730
Andhra	0.8722
averted	0.8714
advertiser	0.8704
amuse	0.8699
assassin	0.8678
assorted	0.8676
aspen	0.8676
appendices	0.8660
Abd	0.8659
austere	0.8655
avalanche	0.8636
acquitted	0.8626
avert	0.8607
alerts	0.8595
animosity	0.8594
admirably	0.8588
arresting	0.8581
acuity	0.8579
augmentation	0.8557
armchair	0.8531
Alvin	0.8504
Ala	0.8493
accrue	0.8477
awkwardly	0.8473
ASTM	0.8458
astounding	0.8458
Aldershot	0.8454
attentions	0.8451
amplitudes	0.8451
apprehensive	0.8444
armistice	0.8430
adaptability	0.8426
allegation	0.8417
auburn	0.8389
afterlife	0.8382
abs	0.8382
alleging	0.8364
acidosis	0.8349
annotations	0.8346
appreciative	0.8339
absorbs	0.8328
anticipates	0.8303
attuned	0.8299
addicts	0.8297
appetites	0.8288
accelerator	0.8281
analgesia	0.8271
asymptotic	0.8271
aber	0.8246
Archibald	0.8245
altars	0.8205
antebellum	0.8202
abject	0.8184
alludes	0.8175
Appleton	0.8173
alchemy	0.8150
Appalachian	0.8146
affiliations	0.8117
attainable	0.8117
A.C.	0.8109
astronomer	0.8096
appreciating	0.8070
aquifer	0.8054
autistic	0.8053
attributing	0.8051
anode	0.8039
alphabetical	0.8034
affectionately	0.8020
atheism	0.8014
abolitionists	0.8006
Auntie	0.7995
antidepressant	0.7974
Adv	0.7970
almanac	0.7956
aired	0.7946
Andean	0.7942
ambulatory	0.7928
arrhythmias	0.7925
Avon	0.7915
assesses	0.7902
adamant	0.7885
Athena	0.7871
abolitionist	0.7833
A3	0.7832
abstracted	0.7829
antioxidants	0.7809
acetic	0.7787
apprentices	0.7782
aristocrats	0.7778
admin	0.7767
agonist	0.7734
anthem	0.7733
Atkins	0.7732
academies	0.7729
aquarium	0.7708
acronym	0.7686
agonists	0.7661
ascendancy	0.7647
agile	0.7646
aback	0.7640
adrenergic	0.7630
approbation	0.7615
acquiescence	0.7586
appended	0.7576
Aegean	0.7565
Agatha	0.7564
ACC	0.7557
airs	0.7555
alms	0.7551
admirer	0.7535
accentuated	0.7531
apparition	0.7515
analytically	0.7508
abstain	0.7506
avid	0.7486
abreast	0.7485
autres	0.7479
acidity	0.7477
aberration	0.7470
AFL	0.7447
arable	0.7435
afloat	0.7431
autosomal	0.7425
affluence	0.7403
attains	0.7399
adaptable	0.7394
anion	0.7394
Amer	0.7387
aligning	0.7384
Amin	0.7384
Amish	0.7374
adventurers	0.7343
abatement	0.7340
avowed	0.7330
appraisals	0.7318
avenge	0.7300
anthrax	0.7279
Ashton	0.7263
adore	0.7263
amp	0.7261
abusing	0.7192
academically	0.7182
Azerbaijan	0.7172
agar	0.7172
altruistic	0.7167
alle	0.7160
attentively	0.7148
artisan	0.7147
adversarial	0.7135
apologetic	0.7104
auspicious	0.7088
authoritarianism	0.7078
adjutant	0.7052
apnea	0.7047
ANSI	0.7028
altitudes	0.7025
aisles	0.7019
attributions	0.6999
axle	0.6988
anarchist	0.6986
assailed	0.6978
Aries	0.6977
Akbar	0.6969
amending	0.6969
alba	0.6968
admonition	0.6959
autocratic	0.6917
ail	0.6912
Amir	0.6906
articulates	0.6884
Aramaic	0.6864
arcade	0.6857
archetype	0.6852
agility	0.6841
amygdala	0.6827
authenticated	0.6824
arrayed	0.6818
Abram	0.6806
amends	0.6797
anus	0.6791
aphasia	0.6779
abnormally	0.6778
alternation	0.6773
addict	0.6763
aggrieved	0.6761
accrual	0.6740
amortization	0.6720
afferent	0.6715
atheist	0.6714
anisotropy	0.6710
adenosine	0.6705
amplifiers	0.6701
amateurs	0.6701
audacity	0.6697
Allyn	0.6697
alleys	0.6672
acclaim	0.6664
appease	0.6640
Aragon	0.6636
Aldrich	0.6636
ASCII	0.6634
affording	0.6587
avian	0.6581
alleviation	0.6575
Algiers	0.6569
Andres	0.6566
allude	0.6554
Antichrist	0.6550
aspired	0.6549
anchoring	0.6548
accumulates	0.6524
antelope	0.6496
amputation	0.6486
authorizes	0.6474
alla	0.6445
Antoinette	0.6439
Anselm	0.6435
AMA	0.6432
angioplasty	0.6424
admonished	0.6422
amplify	0.6414
acne	0.6393
acetylcholine	0.6379
Aubrey	0.6372
affixed	0.6372
Aha	0.6343
adverbs	0.6330
asparagus	0.6327
adverb	0.6311
Albrecht	0.6308
Abbas	0.6296
almonds	0.6292
Atlantis	0.6290
angiotensin	0.6284
accesses	0.6283
argon	0.6282
Adele	0.6277
asceticism	0.6276
antipathy	0.6275
artifice	0.6271
authorial	0.6261
arbitrage	0.6260
analgesic	0.6246
acreage	0.6246
arrears	0.6241
agonizing	0.6233
Auguste	0.6229
approves	0.6221
abusers	0.6204
aches	0.6204
allotment	0.6178
anaesthesia	0.6173
anticipatory	0.6170
ang	0.6167
astral	0.6164
antislavery	0.6154
activator	0.6151
Antonia	0.6144
axon	0.6143
autre	0.6143
ailing	0.6137
Aziz	0.6131
Albright	0.6126
astronauts	0.6118
awarding	0.6115
accretion	0.6109
Abbe	0.6105
antics	0.6098
acceptor	0.6092
Americana	0.6086
Alexandre	0.6078
alumina	0.6074
Austrians	0.6069
austerity	0.6054
ascertaining	0.6047
arbitrators	0.6046
asshole	0.6023
airfield	0.6017
ADB	0.6012
Alonso	0.6005
axillary	0.5993
alluvial	0.5992
amiss	0.5969
amusements	0.5963
Anders	0.5952
adjusts	0.5925
Annapolis	0.5921
Anatolia	0.5908
apprehensions	0.5878
adorn	0.5870
Aphrodite	0.5854
actresses	0.5844
abominable	0.5834
audition	0.5833
arson	0.5827
Assyria	0.5822
armature	0.5822
abducted	0.5822
armaments	0.5817
Artemis	0.5812
Albanians	0.5798
APEC	0.5796
archaeologist	0.5795
Ankara	0.5794
astounded	0.5785
absences	0.5781
assassins	0.5776
alluding	0.5771
alertness	0.5770
aberrations	0.5756
aesthetically	0.5752
Andrei	0.5750
abrasive	0.5750
aussi	0.5747
aggressiveness	0.5738
aberrant	0.5712
accomplice	0.5703
alluring	0.5702
applet	0.5694
A.S.	0.5690
anisotropic	0.5688
Adrienne	0.5683
afresh	0.5674
adjuvant	0.5670
ACS	0.5665
alienating	0.5662
amalgamation	0.5651
Armand	0.5647
Augsburg	0.5636
aborted	0.5629
alienate	0.5626
Asher	0.5618
arousing	0.5616
anointing	0.5586
audited	0.5583
argumentative	0.5582
amorous	0.5581
airflow	0.5572
annuities	0.5565
autocorrelation	0.5542
Ackerman	0.5542
antiquarian	0.5538
adipose	0.5532
aureus	0.5532
androgen	0.5515
agro	0.5512
approx	0.5512
accented	0.5500
ado	0.5490
abridged	0.5486
annihilated	0.5482
addressee	0.5475
amassed	0.5440
analogues	0.5439
adjourned	0.5439
antithetical	0.5434
adduced	0.5432
amalgam	0.5428
avarice	0.5424
abolishing	0.5411
absolutism	0.5405
amour	0.5404
attentional	0.5396
Altman	0.5389
accomplishes	0.5387
aquaculture	0.5384
addictions	0.5379
Acrobat	0.5374
alligator	0.5373
A.R.	0.5370
Alessandro	0.5367
ADC	0.5363
apiece	0.5362
automaton	0.5351
affront	0.5347
A4	0.5343
awed	0.5339
admissibility	0.5338
ars	0.5325
afflictions	0.5311
appellation	0.5307
aught	0.5303
arbiter	0.5297
audiovisual	0.5283
A.B.	0.5279
adenocarcinoma	0.5279
analgesics	0.5279
admittance	0.5278
Aeneas	0.5275
alignments	0.5273
assertiveness	0.5267
attests	0.5262
Auden	0.5246
Alaskan	0.5242
adage	0.5238
attitudinal	0.5226
anarchists	0.5223
antiwar	0.5222
ADR	0.5207
acoustics	0.5205
ACTH	0.5201
allure	0.5201
archetypes	0.5198
anteriorly	0.5194
ataxia	0.5191
actuarial	0.5185
asterisk	0.5184
archers	0.5184
asses	0.5182
asunder	0.5176
ACL	0.5175
Addis	0.5169
authoring	0.5167
armada	0.5157
ambience	0.5154
A.A.	0.5153
alight	0.5146
Ashgate	0.5144
anonymously	0.5140
aristocrat	0.5135
Agamemnon	0.5135
Astor	0.5132
antiquated	0.5123
ADP	0.5117
applaud	0.5108
audacious	0.5106
assented	0.5106
anthropogenic	0.5103
actualization	0.5101
allege	0.5084
Audubon	0.5084
attendees	0.5073
Americanism	0.5073
adventurer	0.5067
A.L.	0.5067
anthologies	0.5067
aneurysms	0.5066
annoy	0.5063
authenticate	0.5060
anaesthetic	0.5059
ameliorate	0.5055
artful	0.5053
archangel	0.5050
Alfredo	0.5031
abated	0.5016
artistry	0.5012
appraised	0.5010
amine	0.4999
Arcadia	0.4995
acetone	0.4989
antipsychotic	0.4970
anaemia	0.4964
armament	0.4958
apportionment	0.4954
APIs	0.4947
approximates	0.4935
autograph	0.4926
accuses	0.4920
ATA	0.4919
Adriatic	0.4913
A.G.	0.4910
A.H.	0.4903
aud	0.4898
assailant	0.4887
adherent	0.4879
Aztecs	0.4876
abortive	0.4876
amniotic	0.4871
appropriating	0.4865
Ari	0.4859
auxiliaries	0.4857
automata	0.4851
Alamo	0.4840
Annu	0.4833
accelerates	0.4831
Aronson	0.4829
abandons	0.4829
aggressor	0.4827
Aeronautics	0.4818
abounds	0.4814
absorbance	0.4797
artworks	0.4794
appreciates	0.4794
asteroid	0.4790
adorable	0.4790
Alta	0.4790
alderman	0.4784
amor	0.4766
adrift	0.4765
alfalfa	0.4761
alibi	0.4755
Ahab	0.4754
Athanasius	0.4745
afield	0.4740
algal	0.4738
adiabatic	0.4737
Anand	0.4734
arranges	0.4731
Acheson	0.4730
Abingdon	0.4729
Austro	0.4725
appreciably	0.4707
arias	0.4706
anions	0.4705
announcer	0.4702
aggravating	0.4694
armoured	0.4692
Alden	0.4692
adheres	0.4681
APC	0.4680
Arturo	0.4677
ably	0.4676
antiseptic	0.4675
aural	0.4675
Ajax	0.4667
accursed	0.4666
aria	0.4657
Adolph	0.4651
amphibians	0.4648
Angelica	0.4646
awkwardness	0.4640
availed	0.4637
alcohols	0.4637
abscesses	0.4636
aggravate	0.4631
astonishingly	0.4631
animations	0.4604
Addams	0.4592
anachronistic	0.4588
Arno	0.4578
Axel	0.4576
aka	0.4573
Arjuna	0.4569
autobiographies	0.4568
asymmetries	0.4568
Ala.	0.4556
afterthought	0.4555
A.E.	0.4555
axiomatic	0.4542
absenteeism	0.4529
abrasion	0.4529
acquiesced	0.4527
arginine	0.4518
AFM	0.4499
amphibious	0.4497
Atwood	0.4492
atrocious	0.4491
adieu	0.4491
artefact	0.4485
Alejandro	0.4483
abounded	0.4481
answerable	0.4479
actuator	0.4471
Arden	0.4464
Ashcroft	0.4464
acquittal	0.4464
acquaint	0.4459
arching	0.4459
automate	0.4456
anathema	0.4454
Apaches	0.4446
absently	0.4445
atherosclerotic	0.4443
Adair	0.4443
Annan	0.4437
antiviral	0.4435
A.K.	0.4433
Aristophanes	0.4427
acumen	0.4424
Aurelius	0.4420
Anson	0.4419
anima	0.4418
aeroplane	0.4417
Annales	0.4415
alder	0.4414
affirmations	0.4409
anesthetics	0.4409
Augustinian	0.4400
Americanization	0.4394
ardor	0.4391
agglomeration	0.4379
allergens	0.4378
adapters	0.4377
atheists	0.4375
artistically	0.4354
astrological	0.4352
amyloid	0.4350
adapts	0.4348
adhesives	0.4336
awakens	0.4334
apocryphal	0.4323
attainments	0.4319
appointees	0.4317
Avignon	0.4317
approximating	0.4316
anvil	0.4314
amines	0.4311
appendages	0.4310
AMS	0.4305
atmospheres	0.4304
abuser	0.4297
accruing	0.4295
archeological	0.4294
alleges	0.4290
ASM	0.4288
Ava	0.4284
antennae	0.4284
acronyms	0.4284
amalgamated	0.4282
arcane	0.4268
aut	0.4266
Alamos	0.4265
aimlessly	0.4252
Acton	0.4246
Akron	0.4241
ATC	0.4235
Amazon.com	0.4223
actionable	0.4220
aquifers	0.4211
ailment	0.4191
aqua	0.4188
Augustin	0.4176
Allie	0.4175
Abner	0.4175
André	0.4174
Accra	0.4171
Alsace	0.4170
aghast	0.4168
aerodynamic	0.4164
Althusser	0.4156
alleviating	0.4156
arbitrariness	0.4153
Antigua	0.4152
aeration	0.4147
awry	0.4147
Auerbach	0.4146
authorisation	0.4146
Afghans	0.4145
Aden	0.4144
Aryans	0.4129
actuated	0.4123
Avila	0.4120
Angelina	0.4120
Aron	0.4119
abomination	0.4115
absentee	0.4114
Abba	0.4111
astride	0.4104
assailants	0.4104
acacia	0.4104
acetyl	0.4102
allay	0.4102
Albion	0.4098
Arlene	0.4095
alimony	0.4093
alphabetically	0.4088
adhesions	0.4079
analogs	0.4074
aerosols	0.4072
accentuate	0.4071
Anglia	0.4070
afoot	0.4064
attired	0.4063
admixture	0.4063
Amman	0.4058
Anwar	0.4058
ascends	0.4056
alleviated	0.4053
ardour	0.4053
Aquarius	0.4053
Alton	0.4046
annihilate	0.4044
anguished	0.4040
axonal	0.4035
alcove	0.4028
Allende	0.4018
accumulations	0.4015
abort	0.4014
Aidan	0.4012
ain	0.4007
alk	0.4006
allegiances	0.4003
aversive	0.4000
autem	0.3999
analogical	0.3997
ancien	0.3990
atrocity	0.3987
accommodates	0.3987
apportioned	0.3982
ajar	0.3975
Absalom	0.3972
Agra	0.3972
absolution	0.3971
articulations	0.3965
airspace	0.3965
ascites	0.3964
Andersson	0.3957
auteur	0.3953
Agrippa	0.3950
affectation	0.3944
angst	0.3944
anthropomorphic	0.3939
alveoli	0.3931
Alcott	0.3927
actuators	0.3921
accomplices	0.3915
ainsi	0.3906
alerting	0.3902
acquiesce	0.3900
Alberti	0.3898
approvingly	0.3898
antibacterial	0.3895
amicable	0.3890
affidavits	0.3890
azure	0.3888
Assisi	0.3886
alterity	0.3885
append	0.3882
Agnew	0.3881
admires	0.3881
absurdly	0.3880
arming	0.3879
arrhythmia	0.3873
aegis	0.3871
appellants	0.3864
Allahabad	0.3859
Ababa	0.3857
animating	0.3856
apoptotic	0.3849
ACP	0.3842
administers	0.3838
afterword	0.3831
ACLU	0.3827
Aston	0.3826
Aldo	0.3816
Abelard	0.3809
apologizing	0.3804
Adonis	0.3791
anarchism	0.3790
annular	0.3790
appoints	0.3781
aspires	0.3780
Assyrians	0.3777
allocates	0.3775
abate	0.3775
archived	0.3770
Afrikaans	0.3769
approvals	0.3769
Alston	0.3764
anno	0.3764
airing	0.3754
Armitage	0.3754
appendage	0.3746
Aiken	0.3740
apolitical	0.3740
ascribes	0.3735
Archiv	0.3733
apostasy	0.3732
Antilles	0.3730
Antiochus	0.3729
authentically	0.3727
anglers	0.3726
accede	0.3718
alternated	0.3712
arguable	0.3707
agreeably	0.3700
assassinate	0.3697
Ayres	0.3692
Allegheny	0.3692
armory	0.3691
anticoagulant	0.3691
acme	0.3689
Argus	0.3689
angiogenesis	0.3685
algorithmic	0.3683
assiduously	0.3680
ardently	0.3680
astronaut	0.3679
A.P.	0.3676
apathetic	0.3673
atone	0.3672
anil	0.3665
Aleksandr	0.3660
alphabetic	0.3657
Ashby	0.3655
aligns	0.3646
augmenting	0.3643
Amis	0.3637
antigenic	0.3627
absorber	0.3623
Arroyo	0.3621
assimilating	0.3618
alighted	0.3617
Aix	0.3615
Ark.	0.3614
absolutist	0.3614
alkaloids	0.3609
auger	0.3607
Alban	0.3604
arrowheads	0.3599
assignee	0.3598
Aguilar	0.3586
assessor	0.3585
avoir	0.3576
adoring	0.3568
abundances	0.3567
advancements	0.3567
advantaged	0.3565
Arthurian	0.3550
adornment	0.3546
aggravation	0.3543
angling	0.3542
Aleppo	0.3541
Anjou	0.3535
adverbial	0.3533
asteroids	0.3531
ani	0.3531
archdeacon	0.3525
addendum	0.3521
ablaze	0.3512
archway	0.3510
adopters	0.3510
avis	0.3503
alacrity	0.3497
agnostic	0.3497
autonomously	0.3497
antihypertensive	0.3496
assessors	0.3495
Armageddon	0.3495
arrowhead	0.3491
antlers	0.3482
abdication	0.3475
Ananda	0.3474
Aeschylus	0.3472
accordion	0.3467
aqueduct	0.3456
appraise	0.3439
Alger	0.3438
avocado	0.3434
autocracy	0.3433
Alexandrian	0.3432
alkyl	0.3429
androgens	0.3426
Ashe	0.3424
Abdel	0.3423
apologetically	0.3422
acceded	0.3421
ascendant	0.3415
annulled	0.3413
agonies	0.3404
abhorrence	0.3399
assuage	0.3396
aeronautical	0.3382
apparitions	0.3373
Arabella	0.3372
Ainsworth	0.3369
Ariz.	0.3367
Ahmedabad	0.3363
Alphonse	0.3357
Avalon	0.3356
ASME	0.3350
Alf	0.3337
assassinations	0.3331
annealed	0.3327
assistive	0.3327
APS	0.3321
Archimedes	0.3321
acrid	0.3320
Argyll	0.3319
A.W.	0.3318
Acropolis	0.3314
artfully	0.3306
Antigone	0.3302
acorn	0.3288
annulment	0.3283
affable	0.3270
arouses	0.3265
agonized	0.3262
AES	0.3258
Akademie	0.3258
anabolic	0.3258
arcades	0.3251
Alva	0.3245
Aldine	0.3241
ATPase	0.3237
accountancy	0.3236
antifungal	0.3235
avoidable	0.3232
anarchic	0.3224
apertures	0.3224
ammo	0.3223
Annunciation	0.3205
appraiser	0.3204
ahout	0.3202
Alistair	0.3196
Antonius	0.3194
Aeneid	0.3193
afore	0.3192
appeasement	0.3189
Anglicans	0.3185
ambushed	0.3185
adjuncts	0.3183
ashtray	0.3177
agarose	0.3169
AfricanAmerican	0.3162
Afrique	0.3162
Agni	0.3161
Albans	0.3156
aliases	0.3156
attractor	0.3154
Agric	0.3152
absurdities	0.3152
auctioneer	0.3150
Adenauer	0.3147
amity	0.3143
Adamson	0.3141
amelioration	0.3140
Asquith	0.3140
alchemical	0.3139
Amazonian	0.3138
amputated	0.3135
aetiology	0.3133
ascribing	0.3130
airmen	0.3127
accosted	0.3127
asymptotically	0.3124
Aachen	0.3123
adjudicate	0.3108
Arundel	0.3107
AMD	0.3099
agitators	0.3090
admonitions	0.3085
apricot	0.3084
arithmetical	0.3080
Aitken	0.3080
asthmatic	0.3075
airtight	0.3073
archivist	0.3069
attentiveness	0.3064
analogously	0.3063
adj	0.3062
Alvarado	0.3057
archeology	0.3055
appeased	0.3053
atque	0.3052
acetaminophen	0.3048
ation	0.3046
airwaves	0.3045
asexual	0.3041
alternates	0.3040
asylums	0.3037
adenoma	0.3034
adamantly	0.3033
aimless	0.3031
anachronism	0.3031
assaulting	0.3030
angler	0.3023
abiotic	0.3021
Archduke	0.3020
abides	0.3019
airfields	0.3017
affirmatively	0.3014
adder	0.3013
accuser	0.3012
allotments	0.3010
Ayer	0.3005
apostrophe	0.3002
affaires	0.3000
adulation	0.2998
astrologer	0.2997
Ayala	0.2996
anatomically	0.2996
aldermen	0.2994
awash	0.2988
Almeida	0.2987
ablest	0.2985
allegories	0.2983
apprised	0.2983
amphetamine	0.2981
afflict	0.2979
Ayatollah	0.2975
arbitrate	0.2973
adjudicated	0.2967
avatar	0.2961
aright	0.2961
Aquino	0.2960
ambulances	0.2960
acorns	0.2958
Amiens	0.2957
Amato	0.2955
aphids	0.2954
ambit	0.2954
amulet	0.2946
abhorred	0.2946
accusers	0.2943
amortized	0.2938
Andrade	0.2938
Alonzo	0.2937
Armando	0.2935
Attila	0.2931
adoptions	0.2931
associational	0.2928
aggregating	0.2925
aground	0.2923
absorbent	0.2922
Aimee	0.2922
ascorbic	0.2919
Adi	0.2918
Aladdin	0.2917
adulterous	0.2916
annulus	0.2911
amulets	0.2909
archery	0.2904
antimony	0.2901
auld	0.2898
acoustical	0.2898
AFP	0.2895
abrogated	0.2894
abstained	0.2889
adenine	0.2884
aseptic	0.2882
anderen	0.2882
antagonisms	0.2881
Alvaro	0.2880
Asad	0.2879
attache	0.2877
abstention	0.2874
appraising	0.2873
actualized	0.2866
allergen	0.2866
abounding	0.2862
aprons	0.2854
apotheosis	0.2848
alum	0.2845
Attica	0.2840
armpits	0.2829
ashen	0.2825
astrologers	0.2823
apologists	0.2823
autologous	0.2821
AST	0.2821
aspartate	0.2819
Aristide	0.2819
Appleby	0.2813
aphorism	0.2812
annuals	0.2807
antiinflammatory	0.2801
Anastasia	0.2800
Athenaeum	0.2796
acquirer	0.2795
avenging	0.2795
agape	0.2792
apace	0.2785
arthropods	0.2785
Appadurai	0.2782
archiving	0.2781
Art.	0.2781
A.N.	0.2780
Aspergillus	0.2777
absolve	0.2777
Actes	0.2771
A5	0.2769
Asahi	0.2769
Argos	0.2765
Acosta	0.2764
ascription	0.2763
aphorisms	0.2762
ASC	0.2761
a.k.a.	0.2759
Augusto	0.2758
apse	0.2755
Artie	0.2755
apricots	0.2754
Augustan	0.2753
Annabel	0.2750
Alastair	0.2748
antiretroviral	0.2747
avenged	0.2742
Amazonia	0.2737
absolved	0.2737
appendicitis	0.2736
Anglophone	0.2736
abhorrent	0.2734
Arya	0.2731
Armonk	0.2728
animates	0.2728
authoritatively	0.2727
Ariadne	0.2725
adjudged	0.2719
anticipations	0.2717
Allegro	0.2714
Aldous	0.2714
Alameda	0.2712
administratively	0.2708
alarmingly	0.2698
Andover	0.2696
animus	0.2696
ascetics	0.2695
Ayers	0.2689
arterioles	0.2688
Appalachia	0.2688
avoidant	0.2681
Avg	0.2681
Atherton	0.2677
abstractly	0.2677
apprehending	0.2673
astern	0.2672
apologise	0.2669
absorptive	0.2666
analytics	0.2666
aerobics	0.2665
azimuth	0.2659
airstrip	0.2658
A.F.	0.2654
aggressors	0.2652
andere	0.2650
amoral	0.2648
avait	0.2642
apothecary	0.2639
awning	0.2638
arse	0.2635
Amritsar	0.2635
amplifying	0.2635
Akira	0.2629
amps	0.2629
Amerindian	0.2629
altercation	0.2627
Academie	0.2626
amenity	0.2626
Allport	0.2625
admirals	0.2621
adjournment	0.2618
absolutes	0.2618
A6	0.2617
alkalinity	0.2617
agitate	0.2617
Abyssinia	0.2617
ahistorical	0.2616
abstracting	0.2610
adjacency	0.2609
Ara	0.2608
alligators	0.2600
avidly	0.2595
antihistamines	0.2592
ADM	0.2592
amaze	0.2588
Azores	0.2586
antenatal	0.2581
alabaster	0.2580
Asheville	0.2577
Agostino	0.2576
Ashland	0.2575
ashram	0.2574
anticompetitive	0.2573
Amar	0.2570
Arne	0.2568
aromas	0.2565
amphetamines	0.2562
affordability	0.2561
audibly	0.2557
anticancer	0.2553
anastomosis	0.2553
atheistic	0.2550
accelerations	0.2544
Atheneum	0.2539
attenuate	0.2535
applets	0.2535
Alford	0.2535
attestation	0.2532
Astoria	0.2525
atria	0.2525
atomistic	0.2524
androgynous	0.2520
acidification	0.2518
ambled	0.2516
Asperger	0.2512
acrimonious	0.2504
abetted	0.2500
assiduous	0.2494
apparatuses	0.2492
approachable	0.2491
Abercrombie	0.2488
accrues	0.2485
amphitheatre	0.2477
Airbus	0.2476
accoutrements	0.2473
anionic	0.2470
Angell	0.2468
AFB	0.2468
amass	0.2462
affix	0.2459
aliphatic	0.2452
attesting	0.2451
abhor	0.2450
Anglos	0.2443
aptitudes	0.2442
Arbeit	0.2442
apprenticed	0.2441
ADL	0.2435
Attlee	0.2433
autumnal	0.2431
Appomattox	0.2431
Aga	0.2430
Alam	0.2430
atoll	0.2425
Albemarle	0.2424
Aida	0.2421
Australasian	0.2417
adjunctive	0.2415
archdiocese	0.2411
A.V.	0.2411
Adriana	0.2408
appropriates	0.2407
artificiality	0.2406
accumulator	0.2405
assayed	0.2404
apres	0.2403
abbess	0.2400
achievers	0.2400
aggrandizement	0.2397
aeroplanes	0.2395
antiaircraft	0.2392
Avi	0.2391
Alexei	0.2390
Aquitaine	0.2387
ambiance	0.2386
Arnie	0.2385
arthritic	0.2378
Arras	0.2373
Asch	0.2372
arteriovenous	0.2371
a0	0.2361
adjourn	0.2361
Asbury	0.2357
Amtrak	0.2353
acquit	0.2352
Axelrod	0.2352
aspirated	0.2350
Amazons	0.2350
aggregations	0.2346
Avicenna	0.2345
apostate	0.2344
agitating	0.2344
appendixes	0.2338
Argyle	0.2335
anoxic	0.2335
A.T.	0.2331
assembles	0.2330
Ashkenazi	0.2330
areal	0.2328
autos	0.2328
Aoki	0.2327
aspirant	0.2325
angers	0.2323
admiringly	0.2321
Abramson	0.2319
amplifies	0.2318
abeyance	0.2316
abstruse	0.2311
Arjun	0.2310
alk.	0.2310
Aquila	0.2297
Ashworth	0.2297
amide	0.2296
arsenals	0.2286
atropine	0.2285
accusative	0.2283
ance	0.2282
ait	0.2281
Agarwal	0.2278
Ammon	0.2277
annexes	0.2276
adorning	0.2271
Anatolian	0.2269
airship	0.2268
averting	0.2268
Allgemeine	0.2266
alimentary	0.2266
applauding	0.2265
ary	0.2265
apogee	0.2264
Aust	0.2262
att	0.2262
authorise	0.2252
agua	0.2252
agri	0.2250
Arian	0.2248
Athlone	0.2246
anticommunist	0.2246
Aguirre	0.2244
armpit	0.2243
agora	0.2243
anticholinergic	0.2239
anticoagulants	0.2238
advertises	0.2237
alternations	0.2235
Ayurvedic	0.2233
automating	0.2233
Anabaptists	0.2230
adjectival	0.2229
Adm.	0.2227
Adolphe	0.2226
archbishops	0.2222
aviator	0.2215
Aram	0.2215
Aero	0.2213
angrier	0.2212
apparendy	0.2209
askance	0.2206
Antrim	0.2205
askew	0.2203
ach	0.2203
Agricola	0.2203
admonish	0.2202
assail	0.2201
Anaheim	0.2201
astringent	0.2201
averred	0.2200
annul	0.2200
Alhambra	0.2193
A.2	0.2193
armchairs	0.2190
albicans	0.2187
accelerators	0.2187
Agassiz	0.2184
Avebury	0.2183
Arnaud	0.2182
atrophic	0.2181
Athos	0.2181
Australasia	0.2178
Appel	0.2175
accolades	0.2175
amicably	0.2171
Adolphus	0.2169
analyzers	0.2163
anemic	0.2161
Ashford	0.2160
AARP	0.2160
AuthorHouse	0.2160
abo	0.2159
amphitheater	0.2156
Algernon	0.2156
aller	0.2154
Acharya	0.2154
Abrahams	0.2150
Andromeda	0.2149
anniversaries	0.2149
Arndt	0.2147
autographs	0.2146
ABM	0.2145
abdicate	0.2144
auctioned	0.2142
acetylene	0.2142
Astrid	0.2141
avalanches	0.2140
Alasdair	0.2134
Afrika	0.2131
animosities	0.2131
activators	0.2131
Adventist	0.2131
Andalusia	0.2130
abrogation	0.2129
anoint	0.2128
accompaniments	0.2128
agribusiness	0.2127
accessions	0.2126
Armagh	0.2124
Algonquin	0.2122
amphibian	0.2119
avenger	0.2119
abdicated	0.2117
abacus	0.2106
Antonin	0.2106
abstaining	0.2105
Ansari	0.2104
alliteration	0.2103
Acapulco	0.2098
abysmal	0.2096
anticoagulation	0.2090
astrophysics	0.2089
Audi	0.2086
Aileen	0.2085
Agrawal	0.2084
apropos	0.2084
alphabets	0.2083
Assn	0.2083
Arun	0.2083
Azad	0.2081
antipsychotics	0.2078
alchemist	0.2077
A.I.	0.2077
axles	0.2072
augments	0.2070
abetting	0.2070
appointee	0.2067
aces	0.2065
Ares	0.2062
avowedly	0.2059
ambiguously	0.2059
abbots	0.2058
Aceh	0.2054
attractively	0.2053
ABB	0.2052
authorizations	0.2051
academicians	0.2051
anesthesiologist	0.2051
antagonize	0.2050
adroit	0.2050
astonish	0.2048
Adelman	0.2048
Ablex	0.2045
•	0.2042
anticonvulsant	0.2040
Alcibiades	0.2039
attunement	0.2039
après	0.2036
asi	0.2032
alanine	0.2029
abominations	0.2027
absorbers	0.2026
artisanal	0.2023
aloofness	0.2019
anesthetized	0.2016
alles	0.2012
Aesop	0.2011
A7	0.2002
Apollonius	0.2001
adventitious	0.2000
advert	0.2000
ameliorated	0.1998
Avraham	0.1998
Ashok	0.1997
Agee	0.1992
agoraphobia	0.1989
Abernathy	0.1986
Allard	0.1985
accentuates	0.1984
antacids	0.1983
airliner	0.1977
AFDC	0.1973
afoul	0.1971
agitator	0.1968
alleyway	0.1965
abashed	0.1955
adores	0.1952
Agustin	0.1949
Antietam	0.1947
affordably	0.1945
Andaman	0.1945
Abbie	0.1940
aldehydes	0.1940
aspirants	0.1933
anthropocentric	0.1933
amore	0.1927
Adeline	0.1926
Amadeus	0.1926
abovementioned	0.1924
avaricious	0.1924
adenovirus	0.1922
Arcy	0.1922
anv	0.1918
anticolonial	0.1917
Atwater	0.1916
auditions	0.1914
avowal	0.1914
allelic	0.1904
advantageously	0.1904
abrogate	0.1901
amiably	0.1899
Appalachians	0.1899
amassing	0.1899
abjection	0.1898
abodes	0.1897
architecturally	0.1895
aliquots	0.1894
addressees	0.1888
aeruginosa	0.1886
acceptors	0.1884
avatars	0.1884
alchemists	0.1880
authenticating	0.1879
A.1	0.1878
asterisks	0.1875
ascertainable	0.1874
AEC	0.1872
Amartya	0.1872
Aarhus	0.1870
ATMs	0.1868
Apocrypha	0.1867
Amon	0.1867
A8	0.1866
appetizers	0.1866
Abdallah	0.1864
adduce	0.1863
actualize	0.1863
arboreal	0.1861
Avenida	0.1858
Ancona	0.1857
Accademia	0.1854
appetizer	0.1853
Adirondack	0.1851
ACA	0.1851
Alexa	0.1851
afflicting	0.1849
Applegate	0.1849
abrasions	0.1848
AMC	0.1848
archivists	0.1844
agonistic	0.1844
Adela	0.1841
Antoni	0.1841
assembler	0.1841
afire	0.1841
apologia	0.1841
apposite	0.1840
Aldridge	0.1837
arbiters	0.1837
allocative	0.1836
Adventists	0.1834
Adkins	0.1833
alten	0.1829
anni	0.1829
Arnhem	0.1825
artless	0.1824
aviators	0.1818
Anglicanism	0.1813
aldehyde	0.1813
acuteness	0.1812
Alcock	0.1810
assignable	0.1808
Anatole	0.1808
Albers	0.1805
aldosterone	0.1803
Aetna	0.1802
Achille	0.1799
ane	0.1799
asides	0.1798
airman	0.1794
applicator	0.1793
artichokes	0.1791
airlift	0.1787
Agence	0.1781
Abilene	0.1780
apposition	0.1780
Afrikaner	0.1774
apportion	0.1774
aglow	0.1769
anomie	0.1769
Amory	0.1769
Alderson	0.1765
Algerians	0.1764
arachidonic	0.1762
arrogantly	0.1762
arraignment	0.1762
amicus	0.1762
alphanumeric	0.1761
apologist	0.1760
appreciatively	0.1756
adjoined	0.1756
albatross	0.1753
Abi	0.1752
agnosticism	0.1752
anorexic	0.1749
Ashanti	0.1748
aliasing	0.1747
adaptor	0.1743
Andrzej	0.1741
aerated	0.1737
acquisitive	0.1733
avidity	0.1732
adroitly	0.1729
ActiveX	0.1729
autopilot	0.1720
annualized	0.1716
autochthonous	0.1711
Arabi	0.1710
acclamation	0.1706
Artemisia	0.1704
abolitionism	0.1700
Ardennes	0.1698
Adelphi	0.1696
ameliorating	0.1689
anticonvulsants	0.1689
Acker	0.1686
annoyances	0.1684
availing	0.1682
assimilationist	0.1678
amenorrhea	0.1677
Annas	0.1676
Andalusian	0.1675
Aswan	0.1672
anteroom	0.1671
arraigned	0.1670
adrenalin	0.1665
Adolfo	0.1664
aromatherapy	0.1664
anhydrous	0.1663
amputations	0.1654
Alpert	0.1653
antisense	0.1650
Amarillo	0.1650
advisability	0.1643
antidiscrimination	0.1643
awestruck	0.1641
adulterated	0.1636
Americanized	0.1631
Armani	0.1626
agriculturists	0.1622
Arnett	0.1621
ASAP	0.1619
accentuating	0.1618
anyplace	0.1616
Atta	0.1616
animism	0.1615
apologised	0.1614
annihilating	0.1614
attenuates	0.1609
adepts	0.1608
aqueducts	0.1604
atomism	0.1603
Alfa	0.1601
afflicts	0.1595
aboveground	0.1592
accusatory	0.1592
Argonne	0.1592
Asimov	0.1588
ARP	0.1584
agate	0.1583
adjudicating	0.1581
Alegre	0.1575
academe	0.1572
avow	0.1571
Artes	0.1571
astutely	0.1568
Alois	0.1566
apprenticeships	0.1565
anaphylactic	0.1563
A9	0.1563
atelier	0.1562
apologetics	0.1560
accustom	0.1559
assholes	0.1557
acrimony	0.1555
appraisers	0.1555
admonishing	0.1550
autocrat	0.1548
ano	0.1544
arranger	0.1542
ABCs	0.1540
albino	0.1540
aphrodisiac	0.1537
anatomist	0.1536
antiracist	0.1535
adornments	0.1534
allusive	0.1530
ascendency	0.1529
anchovies	0.1528
atavistic	0.1524
anemones	0.1521
ageless	0.1521
andthe	0.1520
anaphylaxis	0.1518
aujourd'hui	0.1518
accentuation	0.1516
alors	0.1513
autopsies	0.1512
A.3	0.1512
ASD	0.1511
adorns	0.1507
antechamber	0.1504
allayed	0.1504
Arlen	0.1502
amok	0.1501
Albin	0.1498
adversities	0.1495
amethyst	0.1492
Anat	0.1490
atlases	0.1490
affronted	0.1488
ambushes	0.1488
ablutions	0.1486
Ayodhya	0.1486
auricular	0.1483
ails	0.1482
Acadia	0.1480
Ando	0.1480
Aleutian	0.1478
aridity	0.1477
Abul	0.1468
aspirate	0.1468
acrobatic	0.1467
aver	0.1466
Archivo	0.1466
Arg	0.1463
avocados	0.1462
Astaire	0.1462
Alcatraz	0.1462
Angolan	0.1460
Ayn	0.1459
acceding	0.1455
aloe	0.1454
airtime	0.1454
acolytes	0.1453
acceptably	0.1453
anthems	0.1451
Adrien	0.1451
austerities	0.1450
absorbable	0.1449
amylase	0.1448
Athene	0.1447
Adlai	0.1447
admonishes	0.1443
automakers	0.1441
Alberts	0.1439
apud	0.1438
aloneness	0.1437
apoplexy	0.1436
arcing	0.1435
Aline	0.1433
Anscombe	0.1432
Abyssinian	0.1431
Ansel	0.1431
appurtenances	0.1431
ated	0.1431
aficionados	0.1429
aplomb	0.1425
antidotes	0.1422
armoury	0.1422
annotate	0.1420
abbeys	0.1418
amateurish	0.1418
Arrhenius	0.1416
Abbeville	0.1414
abnegation	0.1411
acculturated	0.1411
automaticity	0.1411
Armin	0.1410
agitations	0.1407
Alves	0.1407
alumnus	0.1405
abolishes	0.1404
ake	0.1404
axially	0.1402
alleyways	0.1398
affine	0.1398
analyser	0.1398
asperity	0.1398
assuaged	0.1397
Aubert	0.1396
aerodynamics	0.1395
awakes	0.1394
aestheticism	0.1391
aporia	0.1390
anise	0.1390
aliquot	0.1389
abutting	0.1387
ambulation	0.1386
actuation	0.1386
ABCD	0.1385
allot	0.1384
ague	0.1384
audiotape	0.1382
anthropomorphism	0.1379
Amoco	0.1377
aggravates	0.1374
Angelou	0.1374
Antoninus	0.1373
authorising	0.1373
ame	0.1371
ascertainment	0.1368
artichoke	0.1368
attractors	0.1366
A10	0.1364
abductor	0.1363
aggressions	0.1362
adaptively	0.1359
adsorb	0.1359
Aral	0.1358
ATF	0.1356
agriculturalists	0.1354
attics	0.1353
Adirondacks	0.1352
atomization	0.1351
Africana	0.1350
athwart	0.1348
abridge	0.1347
adjuster	0.1346
adverts	0.1343
awaking	0.1342
adulteration	0.1339
awnings	0.1339
automatism	0.1339
afterglow	0.1338
Argentinian	0.1337
alte	0.1333
alleviates	0.1333
aflame	0.1330
Arcadian	0.1329
Angelus	0.1328
architectonic	0.1328
agin	0.1326
asynchronously	0.1321
Anglian	0.1317
Ambler	0.1316
aan	0.1312
AngloAmerican	0.1312
appertaining	0.1312
apologizes	0.1308
algebraically	0.1308
appetizing	0.1308
affectivity	0.1307
A.4	0.1307
abruptness	0.1307
AQ	0.1306
accompli	0.1306
Amerika	0.1305
acerbic	0.1305
Auer	0.1304
abutment	0.1304
Ahn	0.1302
abhors	0.1301
arteriosclerosis	0.1300
assimilates	0.1297
almanacs	0.1297
Artur	0.1297
antler	0.1297
alighting	0.1295
avers	0.1293
accrediting	0.1291
antelopes	0.1291
antinuclear	0.1289
Alphonso	0.1287
actualities	0.1287
Auvergne	0.1286
abscissa	0.1286
atoning	0.1284
Argentinean	0.1283
Argonauts	0.1283
asymmetrically	0.1282
Asante	0.1278
Aunty	0.1275
autographed	0.1275
appending	0.1274
artistes	0.1273
Atkin	0.1273
avails	0.1271
Addington	0.1269
apprehensively	0.1269
Alarcon	0.1269
airless	0.1268
Albertus	0.1266
ampicillin	0.1264
androgyny	0.1264
antitank	0.1264
Afrocentric	0.1263
Atticus	0.1260
Atti	0.1260
armes	0.1259
auscultation	0.1259
appellations	0.1254
appeasing	0.1254
amazes	0.1253
asphyxia	0.1253
awakenings	0.1253
animator	0.1251
antagonized	0.1250
aspirational	0.1249
archaeologically	0.1249
Alighieri	0.1248
Annabelle	0.1246
Arai	0.1245
acceptances	0.1243
armful	0.1242
artifices	0.1242
Astra	0.1240
Alembert	0.1239
Ananias	0.1239
animistic	0.1239
abductions	0.1233
ADH	0.1232
antidemocratic	0.1231
airfare	0.1228
atrophied	0.1228
accusingly	0.1224
A12	0.1223
applesauce	0.1223
annoys	0.1221
»	0.1220
Abelson	0.1216
assemblers	0.1212
anemone	0.1210
annexing	0.1210
announcers	0.1210
apprehends	0.1208
Arco	0.1206
acrobats	0.1206
Amit	0.1204
acrobatics	0.1204
AngloSaxon	0.1202
ack	0.1200
assertively	0.1197
antinomy	0.1193
abating	0.1192
abduct	0.1190
alkaloid	0.1188
amuses	0.1187
aquiline	0.1186
Alcan	0.1186
azaleas	0.1185
accretions	0.1181
Azhar	0.1173
Agincourt	0.1169
airliners	0.1169
Albee	0.1168
apostates	0.1168
accuracies	0.1166
assignation	0.1165
Arora	0.1163
amiability	0.1162
anthracite	0.1161
Angeli	0.1158
Ariosto	0.1157
atoned	0.1157
affixes	0.1156
Arial	0.1153
aire	0.1147
Autonoma	0.1146
anticommunism	0.1145
absentia	0.1145
apperception	0.1145
Ahh	0.1141
aeons	0.1141
Ackermann	0.1136
archeologists	0.1134
amoeba	0.1131
AIC	0.1130
antiSemitism	0.1128
ascendance	0.1123
alarmist	0.1121
avocation	0.1120
Artaud	0.1118
alliterative	0.1117
Aran	0.1116
acceptation	0.1116
axilla	0.1115
airily	0.1112
ageism	0.1106
Aruba	0.1105
agglomerations	0.1104
acclimated	0.1104
Adidas	0.1104
Atchison	0.1102
aniline	0.1100
Archon	0.1099
andwhite	0.1098
antipodes	0.1098
alopecia	0.1098
Alsatian	0.1097
atomized	0.1097
Aman	0.1097
adulterer	0.1096
allying	0.1095
athleticism	0.1092
absoluteness	0.1090
acyl	0.1089
aftershave	0.1089
auras	0.1088
aromatics	0.1088
ashtrays	0.1087
accolade	0.1087
ascents	0.1086
absentmindedly	0.1086
aster	0.1084
affability	0.1083
anticlerical	0.1082
aspersions	0.1081
atopic	0.1081
°	0.1080
armoire	0.1080
AIP	0.1078
approx.	0.1078
apprise	0.1078
Agha	0.1077
apportioning	0.1076
awl	0.1072
Ashraf	0.1064
amigo	0.1064
amniocentesis	0.1063
abasement	0.1063
awoken	0.1061
amidships	0.1061
«	0.1061
abjure	0.1058
ade	0.1053
Assad	0.1052
aftereffects	0.1052
Austerlitz	0.1050
antifreeze	0.1049
ablative	0.1046
academician	0.1046
A.O.	0.1045
attenuating	0.1044
acquirements	0.1040
abbreviate	0.1038
absconded	0.1034
accommodative	0.1033
Amal	0.1033
audiotapes	0.1031
acyclic	0.1031
aversions	0.1030
aucun	0.1028
actualizing	0.1026
allegorically	0.1025
avons	0.1024
alienates	0.1024
augur	0.1024
aboriginals	0.1023
affectively	0.1021
appends	0.1020
angiogram	0.1019
applauds	0.1018
authenticates	0.1016
Africanus	0.1015
acquainting	0.1015
abridgment	0.1015
acolyte	0.1014
alcoves	0.1014
Aretha	0.1014
Aris	0.1013
Altos	0.1012
agonising	0.1010
Aime	0.1010
Allman	0.1007
assimilative	0.1006
alluvium	0.1006
avocations	0.1006
anciently	0.1005
Aussie	0.1002
antagonizing	0.1002
A14	0.1000
acclamations	0.09992
antigovernment	0.09988
altarpiece	0.09973
asocial	0.09973
ashy	0.09942
Apuleius	0.09934
animality	0.09934
Allentown	0.09921
antinomies	0.09916
ATS	0.09897
avascular	0.09897
accumulative	0.09895
afforestation	0.09891
agriculturally	0.09891
addled	0.09883
Artois	0.09866
ACKNOWLEDG	0.09846
armrest	0.09837
Ararat	0.09820
artiste	0.09755
Anaxagoras	0.09755
antitheses	0.09747
acoustically	0.09746
Anesthesiology	0.09731
aquariums	0.09720
AIA	0.09697
Amalia	0.09693
artifactual	0.09668
Andronicus	0.09665
altimeter	0.09650
antiquary	0.09618
Ackroyd	0.09603
Akers	0.09576
antacid	0.09572
argent	0.09556
aesthete	0.09541
augury	0.09535
abraded	0.09523
Abt	0.09510
archangels	0.09468
AfricanAmericans	0.09461
acquiescing	0.09461
adulterers	0.09438
Alcorn	0.09433
anglais	0.09420
assailing	0.09417
abet	0.09412
amalgamate	0.09382
assed	0.09373
Arie	0.09323
animalistic	0.09315
airmail	0.09295
assiduity	0.09286
Arbeiten	0.09272
androcentric	0.09225
ard	0.09222
adjoins	0.09204
aftershocks	0.09180
ambling	0.09171
abysses	0.09155
aviary	0.09153
Amina	0.09151
assenting	0.09135
anagram	0.09132
antediluvian	0.09127
adumbrated	0.09114
antihistamine	0.09107
Abrahamic	0.09098
activations	0.09074
anyways	0.09070
Argo	0.09051
antiquaries	0.09044
agronomic	0.09044
amperes	0.09031
amusingly	0.09016
anaesthetics	0.09007
Africanist	0.09002
anaemic	0.09002
armbands	0.08975
Angleterre	0.08941
Apennines	0.08931
abed	0.08925
aspartic	0.08913
AAS	0.08911
ancienne	0.08899
abided	0.08894
Alsop	0.08886
adduction	0.08884
antipathies	0.08884
AZT	0.08854
Amico	0.08818
antipoverty	0.08813
Asiatics	0.08798
asphyxiation	0.08792
appallingly	0.08752
Avril	0.08718
appendectomy	0.08712
Aggarwal	0.08700
arabesques	0.08691
aristocracies	0.08673
aptness	0.08668
ambrosia	0.08654
anachronisms	0.08626
Alix	0.08614
assez	0.08608
Acer	0.08604
A16	0.08569
Adel	0.08569
antes	0.08549
Asturias	0.08545
Arabians	0.08532
ATI	0.08528
aminobutyric	0.08523
abstentions	0.08517
AddisonWesley	0.08508
Attn	0.08496
affixing	0.08488
A.5	0.08479
auditioned	0.08468
ales	0.08466
anthropometric	0.08427
addressable	0.08409
Amelie	0.08399
Aurelia	0.08392
agnostics	0.08392
A13	0.08391
A15	0.08367
apoplectic	0.08365
abridging	0.08353
Aspekte	0.08323
apostrophes	0.08303
adulteress	0.08296
Ameri	0.08281
adduces	0.08256
ablution	0.08246
A20	0.08245
Alcala	0.08241
arced	0.08236
advices	0.08234
abolishment	0.08234
auditioning	0.08205
advisedly	0.08198
annotating	0.08194
absentees	0.08187
Abhandlungen	0.08187
abominably	0.08156
appreciations	0.08152
admonishment	0.08138
archly	0.08131
alii	0.08120
Anas	0.08120
argot	0.08115
artesian	0.08076
automatons	0.08068
amyotrophic	0.08065
aborting	0.08050
ascriptions	0.08046
autour	0.08042
Ataturk	0.08041
apothecaries	0.08035
AWOL	0.08015
Averroes	0.08010
£	0.08008
appealingly	0.08005
astuteness	0.07996
arty	0.07973
allopathic	0.07966
adopter	0.07964
attune	0.07929
artificers	0.07925
affaire	0.07918
animatedly	0.07908
Ambrosio	0.07902
animators	0.07896
abstractness	0.07847
acquiescent	0.07821
adaption	0.07820
assizes	0.07820
anglicized	0.07811
anarchistic	0.07759
Aristides	0.07758
abjured	0.07754
Altamira	0.07744
amble	0.07726
adventuresome	0.07722
Ahhh	0.07710
Aloysius	0.07704
Abell	0.07694
ambivalences	0.07691
atemporal	0.07678
affectations	0.07656
assessable	0.07643
ambitiously	0.07643
Alessandra	0.07630
Astro	0.07625
armrests	0.07622
Albertson	0.07621
Ashoka	0.07618
abridgement	0.07602
aftertaste	0.07587
acquirement	0.07583
archeologist	0.07573
archways	0.07561
absurdum	0.07538
allurements	0.07534
acidified	0.07520
ambassadorial	0.07514
anoxia	0.07512
Annenberg	0.07508
astir	0.07484
Arif	0.07477
Anim	0.07475
AUC	0.07471
affrighted	0.07446
Appiah	0.07433
altercations	0.07427
Astley	0.07406
absented	0.07406
anticlimax	0.07405
annoyingly	0.07398
advisories	0.07390
achiever	0.07390
agonizingly	0.07383
Alcoa	0.07362
anciens	0.07312
aquamarine	0.07286
anatomists	0.07274
achingly	0.07256
affronts	0.07254
ations	0.07243
aftercare	0.07204
arti	0.07186
antiquarians	0.07183
acquisitiveness	0.07177
antic	0.07171
assassinating	0.07158
ailed	0.07158
atthe	0.07151
auditoriums	0.07145
Apollos	0.07143
armamentarium	0.07133
avuncular	0.07114
Abbasid	0.07112
amortize	0.07101
abducting	0.07090
arbitrated	0.07090
acquaintanceship	0.07086
anthill	0.07069
Araujo	0.07039
alongwith	0.07039
abuts	0.07021
agonize	0.07019
applique	0.06996
Aylmer	0.06992
Analects	0.06984
América	0.06980
antiseptics	0.06976
arabesque	0.06966
aad	0.06959
antsy	0.06940
Amerindians	0.06934
Abou	0.06933
avantgarde	0.06913
annihilates	0.06895
acidly	0.06887
amours	0.06885
autrement	0.06870
ameliorative	0.06870
authorises	0.06866
Anthropologie	0.06862
arm's	0.06861
awfulness	0.06853
askin	0.06843
Alaric	0.06837
angering	0.06831
Arvind	0.06829
archetypical	0.06797
absolving	0.06791
agglutination	0.06789
augured	0.06769
aping	0.06765
ahem	0.06757
Arbuthnot	0.06727
ahold	0.06727
Abteilung	0.06722
admixtures	0.06719
artificer	0.06713
anthologized	0.06669
alloyed	0.06661
audaciously	0.06656
allotting	0.06643
alls	0.06643
anticlimactic	0.06639
Apollonian	0.06626
Ascot	0.06616
alio	0.06612
adventurism	0.06563
abstinent	0.06561
astronomically	0.06536
aficionado	0.06530
acquis	0.06528
anteroposterior	0.06522
Arius	0.06508
attendee	0.06495
abideth	0.06487
axed	0.06479
amanuensis	0.06476
agreeableness	0.06472
armband	0.06461
adverted	0.06457
APB	0.06452
abut	0.06439
abutted	0.06439
Afghani	0.06437
amputate	0.06430
Adachi	0.06413
ambivalently	0.06413
Annandale	0.06404
AAC	0.06375
aient	0.06370
ATV	0.06369
anchovy	0.06369
Astarte	0.06361
Alianza	0.06341
aliveness	0.06341
Adnan	0.06334
Aqsa	0.06331
Akhtar	0.06328
apologising	0.06306
A18	0.06296
aloes	0.06292
Aguilera	0.06284
aphoristic	0.06275
Ahern	0.06268
Altmann	0.06261
Arians	0.06240
amalgamating	0.06235
anklets	0.06213
agers	0.06207
Anaconda	0.06205
Angelico	0.06205
Arezzo	0.06201
artillerymen	0.06181
automates	0.06170
abductors	0.06165
ampere	0.06162
auteurs	0.06153
affray	0.06153
Argyris	0.06142
Ange	0.06139
alders	0.06135
affably	0.06126
accost	0.06117
auctioning	0.06102
adenomas	0.06099
adroitness	0.06084
antedated	0.06079
arcana	0.06066
ATR	0.06065
abrogating	0.06054
abstractedly	0.06039
autoclave	0.06039
absolves	0.06035
asinine	0.06031
abdicating	0.06021
acclimate	0.06000
allaying	0.05979
Akad	0.05973
alga	0.05967
Ahrens	0.05957
anda	0.05949
ase	0.05940
Almqvist	0.05928
aplenty	0.05918
armadillo	0.05906
Armee	0.05892
adrenals	0.05869
airlifted	0.05864
Adonai	0.05862
abstemious	0.05836
astound	0.05815
accompanist	0.05810
ailleurs	0.05782
armload	0.05776
abstains	0.05771
Amersham	0.05757
astonishes	0.05753
advisement	0.05732
accenting	0.05725
allimportant	0.05720
anticlockwise	0.05716
amplifications	0.05710
Asst	0.05705
agriculturist	0.05701
arcuate	0.05695
absentminded	0.05681
authoress	0.05661
addenda	0.05633
ands	0.05626
albumen	0.05618
A22	0.05617
Aufbau	0.05609
autorisation	0.05600
alway	0.05598
annulling	0.05583
anodyne	0.05571
allured	0.05571
antitumor	0.05569
anos	0.05563
artsy	0.05562
arbour	0.05554
antiSemitic	0.05518
Aberystwyth	0.05479
afterschool	0.05466
abalone	0.05464
augurs	0.05463
A.D	0.05449
akimbo	0.05447
antonym	0.05436
arrant	0.05428
assails	0.05425
Addie	0.05422
aliquid	0.05413
aplastic	0.05412
anarchical	0.05409
A.l	0.05395
Aubin	0.05379
aggrandisement	0.05370
aro	0.05361
Aligarh	0.05346
accordé	0.05338
arrogate	0.05304
azalea	0.05297
astrocytes	0.05286
antiterrorism	0.05265
actuate	0.05263
Asaph	0.05253
A.M	0.05245
almsgiving	0.05243
arsonist	0.05226
anthropologically	0.05221
Allemagne	0.05209
Ahmadinejad	0.05209
airbase	0.05201
asters	0.05200
ating	0.05198
alibis	0.05175
amputee	0.05169
Arnim	0.05153
adjoin	0.05153
aggrandizing	0.05136
alphabetized	0.05134
Asoka	0.05120
antidiuretic	0.05099
allencompassing	0.05097
antedates	0.05097
assaying	0.05090
archiver	0.05054
Ayrshire	0.05042
appetitive	0.05039
Arianism	0.05023
A17	0.05017
agonised	0.05013
Anabaptist	0.05005
absinthe	0.04999
Aloha	0.04993
amorality	0.04968
AGM	0.04936
anachronistically	0.04936
actualisation	0.04935
abysmally	0.04934
ately	0.04932
Akt	0.04916
abates	0.04895
archenemy	0.04885
athletically	0.04882
actus	0.04865
antipathetic	0.04839
astoundingly	0.04835
A23	0.04831
Ambroise	0.04826
amputees	0.04824
antiparallel	0.04810
apo	0.04809
Assen	0.04776
abattoir	0.04772
Alyssa	0.04771
ative	0.04755
Ajay	0.04753
antonyms	0.04739
ais	0.04736
adamantine	0.04734
Abuja	0.04722
anime	0.04722
a!	0.04703
Agamben	0.04700
abord	0.04695
A19	0.04677
atten	0.04657
antireligious	0.04648
Aristotelianism	0.04617
academical	0.04608
assize	0.04606
adducing	0.04605
ascertains	0.04601
abjectly	0.04584
acetylation	0.04543
alkalis	0.04537
assuaging	0.04511
assimilable	0.04504
affright	0.04502
antivirus	0.04481
Anatoly	0.04467
Apter	0.04453
anecdotally	0.04452
apostolical	0.04424
Appian	0.04414
A.6	0.04407
allpowerful	0.04381
abler	0.04375
auctioneers	0.04348
aureole	0.04344
Alleluia	0.04340
Anglesey	0.04339
autant	0.04334
Amorites	0.04320
anhydride	0.04307
arbors	0.04305
autocrats	0.04298
accredit	0.04295
Almanack	0.04250
analogically	0.04240
Arnott	0.04147
AltaVista	0.04143
Anu	0.04126
azimuthal	0.04126
ayant	0.04116
Arimathea	0.04093
aff	0.04091
aren	0.04087
arthropod	0.04076
A11	0.04075
arter	0.04070
Appelbaum	0.04069
A21	0.04049
amatory	0.04032
agog	0.04026
Avogadro	0.04022
asymptote	0.03990
annexe	0.03974
adoringly	0.03971
adduct	0.03971
admonitory	0.03968
arrogated	0.03964
alkalies	0.03964
ambuscade	0.03963
Antike	0.03930
Aylesbury	0.03920
awaked	0.03919
armorial	0.03873
Albano	0.03867
années	0.03865
Azar	0.03861
arbitrating	0.03855
ager	0.03855
Austral	0.03844
amuck	0.03841
ameliorates	0.03798
Audley	0.03797
anticapitalist	0.03770
actuary	0.03769
Aranda	0.03769
Andrés	0.03768
attaché	0.03765
accom	0.03760
arsonists	0.03750
abscond	0.03717
aod	0.03715
ater	0.03710
autoregressive	0.03710
abased	0.03709
Althea	0.03661
Académie	0.03642
actuating	0.03637
aircrafts	0.03620
Annemarie	0.03595
airconditioning	0.03566
avowing	0.03549
abuzz	0.03532
administrated	0.03531
Auge	0.03474
Angew	0.03469
A.-M.	0.03462
averts	0.03452
adjudicator	0.03446
adventuring	0.03432
Amerique	0.03419
articulately	0.03412
aspens	0.03411
adders	0.03409
aurally	0.03400
acquiesces	0.03398
affianced	0.03397
appertain	0.03396
annees	0.03393
awa	0.03373
Afr	0.03351
Araki	0.03348
acclimatization	0.03341
antiterrorist	0.03328
affiliating	0.03326
attendances	0.03325
ambushing	0.03320
afin	0.03303
Anwendung	0.03302
avows	0.03298
aliis	0.03295
assents	0.03269
■	0.03249
addi	0.03245
arithmetically	0.03237
algo	0.03234
airconditioned	0.03219
administrating	0.03217
allurement	0.03193
accidently	0.03184
aspx	0.03158
Archivio	0.03156
Amt	0.03141
antedate	0.03123
accouterments	0.03120
anxiousness	0.03111
airships	0.03092
Alamy	0.03092
anathemas	0.03081
Attwood	0.03080
acclimatized	0.03074
ag'in	0.03073
atavism	0.03073
appraises	0.03057
aways	0.03038
austerely	0.03033
autoantibodies	0.03030
Anschluss	0.03009
almshouse	0.03001
attestations	0.02997
AEI	0.02990
acclimation	0.02979
anvils	0.02963
Alon	0.02945
Adamic	0.02941
atolls	0.02939
ahalf	0.02932
Analecta	0.02916
adeptly	0.02915
assonance	0.02915
Ammonites	0.02912
amigos	0.02906
Ausgabe	0.02886
Arran	0.02882
Andorra	0.02878
absconding	0.02872
archaism	0.02865
Arkwright	0.02860
asphyxiated	0.02858
adaptors	0.02856
Agrippina	0.02853
ates	0.02841
astigmatism	0.02841
Auflage	0.02817
assignations	0.02809
anthers	0.02807
Akkadian	0.02805
allgemeinen	0.02803
á	0.02797
anoints	0.02774
Americano	0.02774
Ayr	0.02754
abrupdy	0.02740
allots	0.02740
Ashmore	0.02734
auguries	0.02729
alights	0.02715
abettors	0.02704
Allee	0.02693
amateurism	0.02691
aise	0.02670
adducts	0.02652
aimlessness	0.02628
Arbuckle	0.02623
Aeolian	0.02620
atonal	0.02615
ampler	0.02612
angularity	0.02611
alertly	0.02601
antagonizes	0.02587
años	0.02585
appro	0.02584
allein	0.02584
armless	0.02580
aesthetes	0.02577
Andros	0.02572
amitriptyline	0.02557
abutments	0.02533
Ayurveda	0.02520
ACN	0.02513
almshouses	0.02505
Amur	0.02495
Angelique	0.02494
aboot	0.02491
Abbotsford	0.02489
asthe	0.02472
Ansell	0.02470
aucune	0.02467
ASL	0.02462
actu	0.02448
agitates	0.02445
Aurelian	0.02428
abase	0.02404
attainder	0.02403
auricle	0.02401
Achebe	0.02400
alehouse	0.02398
Aubry	0.02395
agement	0.02386
Alcuin	0.02386
Anheuser	0.02381
aie	0.02379
accedes	0.02376
Adantic	0.02369
Averill	0.02366
Artaxerxes	0.02356
anchorite	0.02355
Acadian	0.02329
accosting	0.02320
Alamitos	0.02316
autarky	0.02311
ampersand	0.02282
assignees	0.02264
aggrandize	0.02233
awardwinning	0.02229
Aves	0.02219
achy	0.02210
acacias	0.02205
avenir	0.02200
Alleghany	0.02179
additivity	0.02176
Aurelio	0.02176
Alp	0.02173
aspersion	0.02170
aped	0.02166
alpaca	0.02164
armfuls	0.02156
Arrowsmith	0.02150
Alpes	0.02147
Annates	0.02145
Abimelech	0.02139
Accenture	0.02138
antecedently	0.02123
alack	0.02122
Arminian	0.02100
allo	0.02094
Atterbury	0.02092
antiestablishment	0.02092
Aspasia	0.02085
A.Y.	0.02083
Abernethy	0.02080
atleast	0.02063
aminotransferase	0.02061
Arminius	0.02051
aspirins	0.02051
Ainslie	0.02037
approche	0.02020
acrylics	0.02019
accordant	0.02015
afterbirth	0.02012
absenting	0.02006
avengers	0.01997
Angouleme	0.01995
avowals	0.01990
Applebaum	0.01977
adown	0.01969
appertains	0.01956
adjourning	0.01944
Alcatel	0.01924
atrioventricular	0.01918
arpeggios	0.01917
Andersonville	0.01917
adjured	0.01916
acte	0.01910
Abydos	0.01909
aether	0.01899
albuminous	0.01884
Athanasian	0.01877
Alleghanies	0.01872
anomalously	0.01870
anent	0.01869
antient	0.01867
Ashburton	0.01866
Arcturus	0.01859
acquitting	0.01859
annexations	0.01854
Arethusa	0.01842
avionics	0.01837
Aulus	0.01834
altho	0.01828
aliment	0.01822
attributive	0.01821
AAP	0.01820
allergenic	0.01815
Autry	0.01811
adventuress	0.01803
animo	0.01787
Anthropos	0.01787
authornousE	0.01779
avez	0.01771
anythin	0.01771
AAAS	0.01760
amo	0.01759
apices	0.01756
Anhalt	0.01749
alterable	0.01746
anchorages	0.01740
Adrianople	0.01728
airbrushed	0.01726
amici	0.01722
Akademi	0.01718
abrogates	0.01716
Antinous	0.01716
altri	0.01710
Ascham	0.01703
ality	0.01702
Alfieri	0.01702
Ahriman	0.01696
ammoniacal	0.01694
Arago	0.01692
adverting	0.01690
aliud	0.01683
Azam	0.01682
Amaryllis	0.01681
Apulia	0.01676
Asha	0.01674
auspiciously	0.01668
argu	0.01658
Alencon	0.01648
Ahasuerus	0.01643
Abington	0.01640
arraign	0.01637
animist	0.01632
adjudge	0.01625
Africanism	0.01620
asperities	0.01619
acrostic	0.01618
alcalde	0.01610
Atalanta	0.01605
abont	0.01590
Andromache	0.01589
ath	0.01588
Alcazar	0.01567
achromatic	0.01558
afterthoughts	0.01551
accomodate	0.01543
Amistad	0.01540
Ambrosius	0.01539
anj	0.01535
againe	0.01529
afeard	0.01516
annuls	0.01516
athirst	0.01499
analyzable	0.01490
Amalek	0.01490
atypically	0.01481
Abbé	0.01480
Ahaz	0.01477
Acheron	0.01465
Anubis	0.01464
agronomy	0.01460
apostacy	0.01459
Alexandrine	0.01455
aborts	0.01455
Anacreon	0.01452
an't	0.01451
ahoy	0.01449
Amalekites	0.01448
Arragon	0.01446
Ayman	0.01433
AFC	0.01431
arrear	0.01431
ablebodied	0.01423
ances	0.01419
Altai	0.01405
Alicante	0.01405
Antonelli	0.01395
Artemus	0.01384
Aisne	0.01381
Apelles	0.01367
Adriano	0.01361
activ	0.01357
Amboy	0.01351
ayes	0.01349
Actium	0.01335
attainted	0.01335
Africaine	0.01335
Amboise	0.01330
Achaia	0.01315
Areopagus	0.01313
arme	0.01310
Aberdeenshire	0.01307
Arellano	0.01307
architrave	0.01302
atrociously	0.01302
abjuration	0.01301
Allis	0.01295
Asie	0.01294
arrowroot	0.01291
agon	0.01290
alius	0.01288
artlessness	0.01288
abaft	0.01287
anthropoid	0.01286
Angora	0.01283
arrondissement	0.01282
asso	0.01280
Athol	0.01279
aneurism	0.01278
apprized	0.01277
Azevedo	0.01274
amphora	0.01271
apostolate	0.01270
Aristarchus	0.01270
Agnus	0.01266
Abreu	0.01265
Adige	0.01258
Abramowitz	0.01256
Arnaldo	0.01254
allspice	0.01254
archbishopric	0.01251
auy	0.01241
andT	0.01232
Anasazi	0.01228
actuates	0.01221
Alnwick	0.01218
agone	0.01217
adenoids	0.01217
Advil	0.01214
Abyssinians	0.01208
adventured	0.01206
accumulators	0.01206
ambrosial	0.01202
ande	0.01201
Amadis	0.01196
animi	0.01188
Arminianism	0.01183
Armistead	0.01183
appear'd	0.01182
aslant	0.01181
Alcantara	0.01177
Anfang	0.01175
arraying	0.01173
Amerigo	0.01170
Albani	0.01170
ADF	0.01168
Aspinwall	0.01168
Anderton	0.01163
adulteries	0.01159
Arminians	0.01151
auriferous	0.01148
artfulness	0.01144
Arce	0.01139
Auxerre	0.01138
A.I	0.01133
awav	0.01132
arbutus	0.01131
apparelled	0.01130
Arend	0.01130
armourer	0.01122
Ashmolean	0.01118
aristocratical	0.01116
ahd	0.01111
aced	0.01110
Alpheus	0.01107
Agonistes	0.01105
appraisement	0.01103
Adios	0.01101
apeak	0.01089
abrufbar	0.01087
Aldgate	0.01081
appeareth	0.01080
Apollinaris	0.01073
artilleryman	0.01070
ancestress	0.01066
almoner	0.01065
apps	0.01061
Aharon	0.01060
Altona	0.01060
Anglophile	0.01060
amain	0.01057
acanthus	0.01055
accountabilities	0.01051
Augustinians	0.01050
acclivity	0.01049
apolipoprotein	0.01048
Amiel	0.01038
aetiological	0.01038
avenges	0.01036
annus	0.01031
ask'd	0.01028
Amalfi	0.01028
arsenical	0.01027
Ascher	0.01027
Avesta	0.01022
aurea	0.01017
adjudications	0.01017
accoutred	0.01017
animadversions	0.01010
adjure	0.01005
adhuc	0.009980
animadversion	0.009964
andtwenty	0.009922
apostleship	0.009919
Ahuja	0.009892
Autun	0.009884
Archimedean	0.009778
Adda	0.009760
Alexandrians	0.009760
adze	0.009733
Arion	0.009728
Akiyama	0.009693
Amundsen	0.009648
Anatomie	0.009571
Angelika	0.009569
adieux	0.009551
Annali	0.009479
amaranth	0.009452
avoirdupois	0.009443
AttorneyGeneral	0.009434
abstainers	0.009387
a'most	0.009352
arbitrament	0.009347
atween	0.009297
adieus	0.009280
afther	0.009250
awn	0.009176
adorers	0.009141
andirons	0.009134
alow	0.009131
agglomerate	0.009120
Anhui	0.009113
anchorman	0.009111
afflictive	0.009102
Archelaus	0.009086
antithetic	0.009078
aeronaut	0.009004
Anastasius	0.008997
Arcady	0.008970
Alderney	0.008963
Albigenses	0.008963
Aldus	0.008954
antitype	0.008930
Agilent	0.008929
allays	0.008920
appanage	0.008884
answer'd	0.008876
anywise	0.008853
anticorruption	0.008837
aaid	0.008822
adorer	0.008808
attributional	0.008721
Apollyon	0.008692
appal	0.008629
accustoming	0.008604
ARPA	0.008505
adjuration	0.008478
aeon	0.008474
atid	0.008427
Akademiker	0.008413
Araby	0.008411
appointive	0.008402
affluents	0.008355
appertained	0.008350
atheistical	0.008330
acutest	0.008312
acetylcholinesterase	0.008294
adenylate	0.008292
aforetime	0.008249
anathematized	0.008200
altro	0.008177
acerbity	0.008144
aay	0.008099
adeo	0.008014
aggravations	0.008002
artlessly	0.007976
armlets	0.007967
Atreus	0.007946
airframe	0.007883
aer	0.007874
appetising	0.007872
afeared	0.007865
arbours	0.007836
Alleyne	0.007834
Ahl	0.007830
aesthetical	0.007809
anther	0.007780
abettor	0.007744
anchorites	0.007729
amplest	0.007715
ambergris	0.007708
aswell	0.007692
Afric	0.007681
agave	0.007661
agen	0.007652
animalism	0.007650
archness	0.007619
annalist	0.007605
Apollodorus	0.007571
acquaints	0.007571
abdicates	0.007560
appli	0.007536
atones	0.007504
aforethought	0.007500
Amnion	0.007500
agoing	0.007484
acidulated	0.007457
asketh	0.007432
apprising	0.007430
Antiq	0.007423
abstainer	0.007405
aestheticized	0.007401
arrowed	0.007354
artizans	0.007340
archiepiscopal	0.007338
Anglesea	0.007273
autobiographic	0.007264
agates	0.007255
attar	0.007250
annalists	0.007190
alarum	0.007188
amethysts	0.007122
Alvares	0.007087
Amphion	0.007078
applauses	0.007077
adulterate	0.007075
abatements	0.007068
ancle	0.007033
apon	0.007015
argillaceous	0.006977
ambidextrous	0.006970
actio	0.006949
ays	0.006940
asphodel	0.006936
aee	0.006830
allures	0.006813
averring	0.006811
armis	0.006797
affectedly	0.006784
amphitheatres	0.006766
asseverations	0.006738
Ariane	0.006709
actualizes	0.006705
ahe	0.006626
akademische	0.006622
aurait	0.006617
asseveration	0.006593
armories	0.006554
awls	0.006523
antlered	0.006521
antipodal	0.006510
afflatus	0.006496
antiphonal	0.006480
authority7	0.006451
aunties	0.006418
abhorring	0.006417
availeth	0.006417
alehouses	0.006384
apd	0.006380
accessary	0.006316
Angelis	0.006316
articled	0.006308
aeries	0.006298
acquits	0.006260
Alexanders	0.006222
audiotaped	0.006215
adjutants	0.006213
antedating	0.006197
Alleghenies	0.006191
astronomic	0.006189
adjourns	0.006146
ander	0.006139
amusedly	0.005995
aiid	0.005977
Astrakhan	0.005948
adhesiveness	0.005930
Anchises	0.005922
arrogating	0.005892
arr	0.005812
autumns	0.005811
augmentations	0.005811
alienations	0.005809
anodier	0.005776
appall	0.005747
abominate	0.005731
Ajit	0.005717
apologue	0.005661
arks	0.005650
abjuring	0.005636
alarmists	0.005628
aome	0.005618
arma	0.005614
alembic	0.005527
AKD	0.005513
A25	0.005500
adorably	0.005499
Augean	0.005491
alluringly	0.005408
aider	0.005407
angelical	0.005399
abeam	0.005385
ambuscades	0.005381
apologises	0.005353
advan	0.005329
agitatedly	0.005327
alleviations	0.005322
amyl	0.005297
aliqua	0.005271
apostrophized	0.005228
agues	0.005208
alios	0.005201
assailable	0.005158
allers	0.005138
and1	0.005127
abdomens	0.005069
avaient	0.005042
altera	0.005042
aet	0.005028
argumentum	0.005026
apprize	0.005013
ardours	0.004992
airiness	0.004990
aconite	0.004981
affronting	0.004970
arduously	0.004954
apathetically	0.004952
ammoniac	0.004947
aot	0.004940
archrival	0.004931
Abbaye	0.004929
accordingto	0.004907
andj	0.004902
amputating	0.004896
abstemiousness	0.004871
adagio	0.004862
aspirates	0.004671
accoutrement	0.004656
Abednego	0.004635
awes	0.004620
abundandy	0.004595
applica	0.004595
antechambers	0.004595
adumbration	0.004586
aleck	0.004581
Algerine	0.004539
arf	0.004532
annos	0.004525
Achan	0.004516
argosies	0.004507
adages	0.004483
Areopagite	0.004474
abominated	0.004469
abusively	0.004429
aboveboard	0.004424
accosts	0.004420
Americanos	0.004420
adulatory	0.004357
alterative	0.004343
accustoms	0.004325
assuredness	0.004225
arnica	0.004225
acrost	0.004213
alb	0.004193
agerelated	0.004184
ariseth	0.004169
angriest	0.004159
arm'd	0.004157
akademischerTexte	0.004144
aur	0.004103
adversus	0.004059
astounds	0.004013
ako	0.004009
aliter	0.003991
Americanness	0.003986
aimer	0.003964
absurdist	0.003960
Adas	0.003948
acter	0.003839
Apennine	0.003811
amie	0.003782
Antaeus	0.003764
agglomerated	0.003747
alwavs	0.003713
accordin	0.003692
alimentation	0.003634
amende	0.003536
arum	0.003399
agit	0.003387
aboutthe	0.003380
antiquarianism	0.003349
appui	0.003304
annua	0.003282
animalcule	0.003230
anywheres	0.003210
aperitif	0.003188
animum	0.003181
aoo	0.003163
ather	0.003138
alread	0.003129
appellative	0.003100
ascribable	0.003012
alao	0.002995
arrowy	0.002994
antihero	0.002990
AXD	0.002968
aniseed	0.002934
aii	0.002889
ato	0.002860
archi	0.002835
Allons	0.002831
Americanize	0.002788
aproned	0.002747
aving	0.002696
armholes	0.002694
assort	0.002687
Anns	0.002682
artem	0.002667
adozen	0.002646
atl	0.002619
ahove	0.002619
aho	0.002592
attuning	0.002588
amenability	0.002582
andby	0.002575
afterthe	0.002563
addle	0.002536
abets	0.002472
abasing	0.002420
acclimatised	0.002420
adminis	0.002402
alfresco	0.002381
appre	0.002377
abso	0.002364
affec	0.002350
ature	0.002184
abetter	0.002128
administra	0.002063
accu	0.002040
allembracing	0.002031
apparentiy	0.002029
authorriousE	0.002002
awing	0.001948
authornousE8	0.001903
aweinspiring	0.001883
