people	369.0
part	226.5
place	189.2
p.	176.0
public	171.1
power	169.3
process	162.2
point	158.4
political	147.6
Press	142.0
possible	125.2
person	123.1
put	119.6
present	116.7
problem	108.8
per	103.5
policy	100.2
period	99.45
particular	98.45
problems	92.12
provide	89.67
position	89.26
party	87.32
pp.	85.25
perhaps	85.18
past	84.74
practice	81.38
program	77.76
personal	77.74
patients	74.36
percent	73.79
production	72.89
project	72.74
performance	71.57
property	70.16
plan	70.09
play	70.02
physical	68.67
private	67.05
population	66.86
probably	66.50
provided	65.99
paper	65.95
poor	61.95
page	61.83
president	61.42
patient	60.26
potential	59.47
particularly	58.96
parents	58.54
p	57.57
price	57.42
product	56.72
purpose	55.18
points	54.93
pressure	53.68
pay	53.34
parts	50.52
products	50.21
positive	49.76
provides	49.29
pain	49.26
presence	49.22
post	48.84
published	48.40
primary	48.05
processes	46.05
politics	45.72
produced	44.50
passed	44.16
programs	44.11
presented	43.49
Paul	43.20
peace	43.05
placed	42.84
police	42.36
popular	42.19
produce	41.26
planning	40.75
phase	40.58
previous	40.35
professional	40.08
parties	39.69
principles	39.57
paid	39.11
protection	39.04
places	39.03
picture	38.08
persons	38.07
principle	37.64
properties	36.67
pattern	35.72
plant	35.19
practices	34.94
prior	33.52
path	33.30
perspective	33.09
pass	33.07
Paris	33.04
policies	32.98
philosophy	32.59
progress	32.19
powerful	32.03
Peter	31.92
patterns	31.69
proposed	31.26
procedure	31.17
park	30.69
piece	30.57
proper	30.23
plans	30.04
prepared	30.01
phone	29.54
played	29.44
performed	29.26
practical	29.13
prevent	29.02
purposes	28.70
please	28.64
perfect	28.57
plants	28.02
powers	27.81
possibility	27.60
papers	27.59
projects	27.34
protein	26.85
pages	26.84
providing	26.56
procedures	26.54
pre	25.10
pretty	24.84
processing	24.58
psychology	24.54
principal	24.54
professor	24.34
playing	24.27
perform	24.13
protect	23.86
previously	23.79
pulled	23.71
psychological	23.46
prices	23.28
passage	23.25
participation	22.40
positions	22.09
participants	21.94
primarily	21.75
pointed	21.64
parameters	21.61
pure	21.59
poverty	21.51
pleasure	21.50
permission	21.19
possibly	21.03
pieces	20.80
parent	20.61
personality	20.22
profit	20.14
publication	20.13
plane	20.10
portion	20.03
plus	19.79
partner	19.77
parallel	19.61
poetry	19.58
prove	19.53
probability	19.32
proved	19.28
prayer	19.22
print	19.06
proceedings	19.04
purchase	19.03
payment	19.00
plate	18.88
provisions	18.81
passing	18.72
percentage	18.67
promise	18.57
port	18.43
prince	18.26
pair	17.95
provision	17.93
pictures	17.61
perceived	17.24
periods	17.15
perception	17.11
permanent	17.10
plays	17.05
properly	16.95
printed	16.92
putting	16.82
proof	16.79
publishing	16.75
prison	16.67
preparation	16.60
pick	16.46
prime	16.37
presentation	16.19
proportion	16.10
plain	16.03
precisely	15.80
picked	15.77
promote	15.74
planned	15.64
painting	15.56
presents	15.28
parliament	15.28
Pacific	15.28
poem	15.24
protocol	15.13
personnel	14.94
players	14.89
producing	14.87
prepare	14.84
partners	14.84
programme	14.82
profile	14.80
panel	14.75
poet	14.69
pull	14.41
phenomenon	14.40
partly	14.23
preferred	14.06
protected	14.05
perfectly	13.97
pro	13.87
paragraph	13.81
pushed	13.75
particles	13.70
possession	13.62
philosophical	13.61
partial	13.59
proteins	13.58
publications	13.56
populations	13.54
promised	13.53
phrase	13.53
player	13.38
prevention	13.35
peak	13.27
Philadelphia	13.20
perspectives	13.08
passion	12.93
punishment	12.87
partnership	12.85
parameter	12.79
pool	12.72
prominent	12.71
payments	12.67
participate	12.66
plot	12.61
peoples	12.52
possibilities	12.44
photo	12.44
physician	12.38
proposal	12.38
pride	12.37
produces	12.35
priest	12.35
plastic	12.23
permitted	11.96
poems	11.89
pregnancy	11.69
pocket	11.62
permit	11.55
paying	11.51
phenomena	11.49
priority	11.41
province	11.35
profits	11.34
push	11.32
potentially	11.30
professionals	11.23
performing	11.13
productivity	11.12
palace	11.07
package	11.06
progressive	11.02
Philip	10.89
painted	10.86
pleased	10.86
programming	10.76
proud	10.75
prisoners	10.72
paint	10.70
promotion	10.66
pray	10.65
pounds	10.59
prefer	10.58
publishers	10.53
pope	10.33
praise	10.28
platform	10.26
precise	10.20
plenty	10.17
profession	10.14
pressed	10.13
physics	10.09
preparing	9.991
particle	9.958
Princeton	9.930
proceed	9.871
Pennsylvania	9.869
pleasant	9.857
preceding	9.855
pale	9.811
possess	9.745
pan	9.737
purchased	9.619
printing	9.477
patent	9.473
passive	9.418
plasma	9.401
puts	9.400
preserve	9.385
privacy	9.368
photographs	9.309
pilot	9.284
pollution	9.268
profound	9.237
publisher	9.135
PA	9.121
personally	9.089
par	9.061
painful	9.026
productive	9.026
pace	9.025
preference	8.982
passes	8.940
possessed	8.917
pH	8.905
pointing	8.841
pursue	8.831
presidential	8.824
pulse	8.808
plaintiff	8.806
photograph	8.735
purely	8.722
preferences	8.721
physically	8.718
planet	8.686
politicians	8.634
predicted	8.623
protest	8.606
programmes	8.601
perceptions	8.563
preliminary	8.541
partially	8.488
preserved	8.487
Pakistan	8.473
pairs	8.463
placing	8.439
promoting	8.429
primitive	8.421
privilege	8.407
pour	8.395
physicians	8.363
phases	8.361
pressures	8.303
peer	8.292
pipe	8.268
portrait	8.233
priests	8.230
pursuit	8.190
prophet	8.145
peculiar	8.114
precious	8.109
proposition	8.107
plates	8.060
paths	8.059
pen	7.979
palm	7.941
pink	7.895
pack	7.861
portfolio	7.841
Polish	7.819
pupils	7.779
pregnant	7.774
pop	7.737
paintings	7.624
proposals	7.619
prospect	7.603
practically	7.594
posterior	7.564
pulmonary	7.526
prize	7.501
provincial	7.500
pp	7.498
Poland	7.492
presumably	7.480
Protestant	7.474
pulling	7.466
pot	7.426
protective	7.368
powder	7.298
passages	7.293
prescribed	7.286
producers	7.278
predict	7.272
pitch	7.209
peripheral	7.197
p.m.	7.182
para	7.179
politically	7.122
providers	7.117
placement	7.095
paradigm	7.090
PC	7.077
pension	7.077
practitioners	7.035
promises	7.029
prayers	7.014
protecting	7.003
promoted	6.987
perceive	6.962
publicly	6.943
preservation	6.928
pound	6.919
probable	6.918
prevented	6.906
parking	6.903
presenting	6.900
paused	6.883
provider	6.858
penalty	6.853
Patrick	6.788
pump	6.782
proceeds	6.751
prediction	6.726
prisoner	6.713
peaceful	6.708
provinces	6.705
Phys	6.670
persistent	6.664
princess	6.648
petition	6.641
psychiatric	6.608
piano	6.580
packet	6.575
patience	6.566
Proc	6.563
proceeded	6.563
poets	6.543
pole	6.528
pursued	6.524
pushing	6.490
packed	6.460
pronounced	6.437
prospects	6.409
panic	6.401
pressing	6.396
problematic	6.388
peers	6.348
producer	6.303
pine	6.300
participant	6.267
physiological	6.232
Plato	6.222
parental	6.205
pause	6.204
prospective	6.190
preface	6.172
pet	6.167
phrases	6.159
philosophers	6.157
Psychiatry	6.157
permits	6.153
preventing	6.127
philosopher	6.122
precision	6.092
parish	6.092
poured	6.049
protocols	6.048
propose	6.045
prejudice	6.032
prosperity	5.979
Pierre	5.976
premises	5.932
presently	5.919
poorly	5.888
parliamentary	5.862
planes	5.850
proceeding	5.846
parks	5.824
priorities	5.819
photos	5.811
passengers	5.809
performances	5.807
promising	5.807
prolonged	5.803
purple	5.755
prevalence	5.739
popularity	5.738
pile	5.716
participating	5.689
privileges	5.687
perfection	5.680
proven	5.679
portions	5.670
pity	5.665
profiles	5.663
positively	5.617
Parker	5.595
poetic	5.574
pays	5.571
projected	5.544
planted	5.528
pin	5.524
ports	5.487
purchasing	5.455
pepper	5.451
pathway	5.435
Philippines	5.392
projection	5.368
peasants	5.355
periodic	5.350
peasant	5.311
Pat	5.286
plains	5.282
posed	5.273
paradise	5.248
passenger	5.239
polymer	5.238
probe	5.217
pricing	5.217
propaganda	5.190
pastor	5.182
pm	5.179
picking	5.175
proportional	5.165
Portuguese	5.159
pit	5.141
Ph.D.	5.133
processed	5.118
prevailing	5.117
prey	5.115
prosecution	5.112
pose	5.103
printer	5.095
purity	5.077
painter	5.051
pi	5.039
prose	5.025
Persian	5.021
photography	5.017
pathways	5.009
Palestine	5.005
patch	4.987
premium	4.943
participated	4.937
poles	4.935
prohibited	4.916
publish	4.901
password	4.894
Porter	4.868
prompt	4.862
preparations	4.854
progression	4.823
prompted	4.796
porch	4.792
Palestinian	4.791
proportions	4.719
packages	4.714
posts	4.694
privileged	4.693
plots	4.685
practiced	4.667
partition	4.660
predominantly	4.650
pearl	4.637
predictions	4.611
processor	4.604
Penguin	4.600
purchases	4.599
pursuing	4.592
presidency	4.563
potatoes	4.555
Phillips	4.541
pupil	4.534
publicity	4.523
profitable	4.497
proliferation	4.482
persuade	4.481
proximity	4.467
prevents	4.447
persuaded	4.441
plaintiffs	4.426
prohibition	4.379
preaching	4.373
prayed	4.369
peaks	4.365
pencil	4.345
peninsula	4.337
pants	4.303
pursuant	4.299
prophets	4.295
panels	4.295
prone	4.281
pains	4.238
po	4.230
passions	4.213
polar	4.205
proclaimed	4.197
pig	4.197
pond	4.182
plantation	4.167
propagation	4.164
practitioner	4.160
permanently	4.160
poison	4.154
Puerto	4.150
promptly	4.124
postwar	4.110
paradox	4.108
passionate	4.097
prescription	4.076
pretend	4.050
professors	4.049
positioned	4.018
Portugal	4.015
papa	4.013
Phil	4.010
partnerships	4.001
pt	3.994
PS	3.993
plausible	3.979
preserving	3.976
providence	3.970
pockets	3.969
positioning	3.965
Powell	3.955
paragraphs	3.949
procedural	3.947
psychologists	3.938
physiology	3.930
pleasures	3.905
posture	3.903
performs	3.893
petroleum	3.892
propositions	3.888
PR	3.882
posted	3.871
plug	3.866
pathology	3.854
pie	3.854
pastoral	3.848
prestige	3.815
praying	3.813
prints	3.808
punished	3.802
prevalent	3.800
payable	3.796
possessions	3.792
pragmatic	3.787
preceded	3.779
postmodern	3.777
packets	3.765
planting	3.763
portrayed	3.744
penetration	3.737
persistence	3.730
presidents	3.674
psychic	3.671
potassium	3.665
psychotherapy	3.644
presumed	3.635
PhD	3.619
privately	3.616
possesses	3.599
prophecy	3.598
Perry	3.589
potent	3.585
plague	3.580
persecution	3.579
portal	3.576
psychologist	3.574
penny	3.572
potato	3.571
Pete	3.570
pottery	3.565
proxy	3.562
productions	3.554
proves	3.538
practicing	3.537
pharmaceutical	3.527
planets	3.527
pipes	3.517
paste	3.503
probabilities	3.502
petty	3.501
princes	3.476
plainly	3.472
phosphate	3.469
pas	3.468
pardon	3.456
premise	3.453
Psalm	3.442
parenting	3.435
penalties	3.429
pioneer	3.428
preacher	3.426
pigs	3.422
parade	3.413
proximal	3.407
packing	3.405
Peru	3.403
polite	3.391
presentations	3.383
parked	3.370
patents	3.368
purse	3.367
predictable	3.365
premature	3.364
projections	3.362
patrol	3.355
precipitation	3.354
punch	3.341
portraits	3.341
perpetual	3.322
prototype	3.320
prostate	3.320
plea	3.320
Pittsburgh	3.301
patches	3.289
praised	3.286
promotes	3.285
patron	3.273
protests	3.273
punish	3.264
pointer	3.264
pad	3.263
profoundly	3.260
procession	3.237
perceptual	3.236
pagan	3.231
prevailed	3.226
plural	3.225
polished	3.222
principally	3.212
proving	3.207
professions	3.206
Palmer	3.194
pub	3.192
pistol	3.181
pilots	3.171
PL	3.169
pending	3.153
packaging	3.141
puzzle	3.120
parallels	3.101
privatization	3.088
preventive	3.071
portable	3.070
pervasive	3.066
pillow	3.058
patronage	3.058
perpendicular	3.034
plateau	3.028
politician	3.028
Patricia	3.024
Pearson	3.016
Prentice	3.011
periodically	3.008
personalities	3.002
performers	2.993
prevail	2.991
precedent	2.987
palms	2.972
pyramid	2.971
pools	2.962
protested	2.957
proposes	2.956
pertinent	2.956
prosecutor	2.947
phones	2.940
puzzled	2.932
por	2.928
pediatric	2.920
PCR	2.911
pertaining	2.896
pixels	2.886
patriarchal	2.877
persuasion	2.876
pleasing	2.872
poll	2.867
preached	2.866
persisted	2.864
polymers	2.861
prairie	2.856
polarization	2.852
placebo	2.850
piety	2.848
pouring	2.841
proclamation	2.832
polity	2.831
persist	2.823
pseudo	2.822
patriotic	2.813
photographer	2.811
peptide	2.803
predicting	2.797
pork	2.792
photographic	2.790
presumption	2.789
pious	2.787
psychoanalysis	2.783
Pedro	2.778
pane	2.770
particulars	2.768
paramount	2.764
poorer	2.760
pots	2.758
platforms	2.758
penetrate	2.754
postoperative	2.748
Peterson	2.747
prostitution	2.746
plaza	2.745
prophetic	2.740
premier	2.733
poses	2.723
precautions	2.713
provoked	2.711
Petersburg	2.706
pelvic	2.701
prisons	2.699
preach	2.696
provisional	2.689
potentials	2.688
Portland	2.674
plotted	2.668
persuasive	2.667
palette	2.666
pilgrimage	2.663
prognosis	2.662
predictive	2.651
profitability	2.642
pulses	2.640
Pierce	2.638
priori	2.638
prosperous	2.635
parted	2.634
Potter	2.629
protects	2.625
partisan	2.623
prominence	2.619
pixel	2.608
powered	2.601
possessing	2.600
procurement	2.592
preferable	2.583
pledge	2.573
pillars	2.571
patrons	2.549
patriotism	2.546
PE	2.541
pitched	2.534
periphery	2.528
progressively	2.511
permitting	2.510
Prof.	2.509
Protestants	2.509
plantations	2.506
prudent	2.504
predominant	2.503
pneumonia	2.502
predecessors	2.502
pretended	2.497
Phoenix	2.491
percentages	2.474
pizza	2.471
P.O.	2.468
purification	2.456
poster	2.454
practised	2.453
painters	2.451
photon	2.448
pluralism	2.440
printers	2.439
proprietary	2.426
poisoning	2.424
participatory	2.421
penis	2.413
preview	2.407
pipeline	2.405
permissions	2.395
pathological	2.395
planners	2.394
pillar	2.390
piles	2.387
pleaded	2.387
pumps	2.386
postal	2.385
Peters	2.384
pulls	2.383
proudly	2.380
policing	2.373
Panama	2.359
prejudices	2.357
policeman	2.354
Patterson	2.348
predicate	2.343
promoter	2.340
penal	2.330
parcel	2.328
proponents	2.323
Putnam	2.322
predecessor	2.312
papal	2.307
pore	2.296
pact	2.290
psychoanalytic	2.287
proofs	2.284
pensions	2.277
PD	2.276
populated	2.270
pins	2.269
psyche	2.252
pumping	2.248
penetrating	2.243
processors	2.241
permissible	2.223
pretending	2.222
polls	2.222
picnic	2.220
permeability	2.220
precursor	2.218
pavement	2.214
psalms	2.209
psychosocial	2.206
protagonist	2.204
pollen	2.200
payroll	2.198
pills	2.197
plunged	2.192
phosphorus	2.190
plaster	2.189
perimeter	2.184
Presbyterian	2.179
presses	2.179
Pradesh	2.179
pulp	2.173
peel	2.173
passport	2.173
pedagogy	2.162
pasture	2.162
principals	2.154
patiently	2.150
piled	2.150
purchaser	2.149
paradigms	2.146
progressed	2.145
pounding	2.144
pleading	2.142
preferably	2.139
poly	2.129
pamphlet	2.123
pilgrims	2.118
Punjab	2.112
Prague	2.112
pioneers	2.110
pesticides	2.089
plight	2.087
Palestinians	2.082
paired	2.080
pharmacy	2.076
peered	2.066
prehistoric	2.059
proton	2.057
prestigious	2.049
pictured	2.048
Penn	2.046
probes	2.045
parity	2.043
paralysis	2.043
picks	2.036
Prussia	2.034
preoccupied	2.031
Physiol	2.030
proverbs	2.029
purified	2.026
porous	2.020
Parsons	2.015
prudence	2.010
paved	2.006
predators	2.003
Philippine	2.002
probation	2.001
presume	1.995
poultry	1.993
punitive	1.989
picturesque	1.989
precedence	1.977
pathogens	1.971
pacing	1.971
persona	1.968
pier	1.967
performer	1.965
powerless	1.962
pituitary	1.960
pornography	1.955
plaque	1.954
platelet	1.954
prohibit	1.953
pitcher	1.950
postcolonial	1.945
pits	1.945
preoccupation	1.943
provoke	1.941
Paula	1.937
parting	1.936
posters	1.930
promotional	1.929
pirates	1.926
pets	1.923
programmed	1.918
proficiency	1.913
Prussian	1.901
predictor	1.900
primer	1.896
preschool	1.896
peril	1.896
Persia	1.893
perennial	1.891
Perkins	1.887
penetrated	1.883
pollutants	1.881
paradoxical	1.880
proposing	1.875
pancreatic	1.874
painfully	1.872
propensity	1.872
Pauline	1.858
Pentagon	1.857
projecting	1.854
Percy	1.852
poorest	1.852
prostitutes	1.851
pill	1.849
parlor	1.847
premiums	1.838
Pitt	1.836
perfume	1.833
petitions	1.826
preachers	1.825
postmodernism	1.820
pictorial	1.818
pursuits	1.813
prefers	1.811
phenomenology	1.803
politely	1.801
Parkinson	1.801
peptides	1.795
paradoxically	1.794
pronoun	1.794
phantom	1.792
priced	1.791
pathetic	1.791
practise	1.789
planetary	1.787
photocopying	1.786
portray	1.784
pest	1.782
pickup	1.782
phenotype	1.781
preclude	1.775
priesthood	1.773
pioneering	1.772
perish	1.771
pedagogical	1.771
prima	1.770
psychiatrist	1.769
protector	1.766
PDF	1.765
pike	1.761
prerequisite	1.755
pasta	1.754
Peggy	1.750
paternal	1.748
predicts	1.742
popped	1.739
passim	1.739
plurality	1.737
Pharaoh	1.731
portrayal	1.729
pinch	1.727
phonological	1.727
petitioner	1.727
primacy	1.726
paints	1.719
propriety	1.717
prizes	1.716
Puritan	1.713
predictors	1.710
parentheses	1.709
pueblo	1.707
provocative	1.705
Preston	1.704
pilgrim	1.701
pines	1.701
pivotal	1.701
pronouns	1.691
parable	1.691
prenatal	1.687
portfolios	1.677
Paulo	1.675
peg	1.673
pony	1.667
pigment	1.664
proprietor	1.663
piercing	1.663
pierced	1.662
Polly	1.661
parasites	1.660
prescribe	1.659
Philippe	1.650
proclaim	1.649
paperwork	1.647
preparatory	1.644
peas	1.642
proactive	1.642
posting	1.641
policymakers	1.640
packs	1.633
persists	1.631
prefix	1.630
prominently	1.630
philosophies	1.630
punishments	1.629
paced	1.626
Pa.	1.621
pal	1.621
pearls	1.620
parole	1.616
pledged	1.613
playground	1.613
powerfully	1.613
psychologically	1.612
photographers	1.612
privy	1.610
patriot	1.610
pulpit	1.610
pg	1.609
predetermined	1.609
preferential	1.608
perceiving	1.605
patted	1.604
Phillip	1.601
Perez	1.597
prescriptions	1.594
poisonous	1.593
poker	1.592
pushes	1.591
phenomenal	1.590
preserves	1.586
Photoshop	1.585
poetics	1.583
precarious	1.568
puppy	1.566
PCs	1.566
patriarch	1.566
ponds	1.562
praises	1.561
perched	1.559
procure	1.554
puberty	1.552
Payne	1.552
polarized	1.552
palaces	1.551
periodicals	1.547
precipitate	1.547
precepts	1.546
plead	1.546
policemen	1.545
pronunciation	1.543
pinned	1.543
professed	1.542
probing	1.535
promotions	1.534
pumped	1.534
playful	1.532
progresses	1.531
prepares	1.531
predicament	1.529
programmers	1.526
Pratt	1.523
poised	1.523
plastics	1.521
programmer	1.519
potency	1.518
periodical	1.513
prologue	1.508
pads	1.505
Pamela	1.504
Poe	1.496
plentiful	1.496
polynomial	1.496
plotting	1.494
photons	1.490
Plymouth	1.490
professionally	1.488
platoon	1.487
polymerase	1.485
populace	1.485
pathogenesis	1.479
punctuation	1.478
ppm	1.477
primordial	1.476
professionalism	1.472
practicable	1.469
palpable	1.469
pelvis	1.467
piston	1.464
planner	1.455
Pb	1.452
precipitated	1.450
polarity	1.450
prompts	1.448
planters	1.447
pens	1.446
perfusion	1.446
psychotic	1.445
primal	1.442
phenomenological	1.442
pantheon	1.440
pancreas	1.440
peeled	1.440
plunge	1.438
parte	1.437
Pediatrics	1.435
Pakistani	1.431
partitioning	1.422
precedes	1.422
pirate	1.421
pamphlets	1.421
preoperative	1.418
perished	1.410
Protestantism	1.409
playwright	1.408
pavilion	1.406
prohibiting	1.404
prohibits	1.403
perfected	1.403
pores	1.403
porcelain	1.398
palate	1.397
pastors	1.397
peering	1.395
predator	1.390
protections	1.387
Platonic	1.386
peculiarly	1.385
packaged	1.385
peach	1.385
parody	1.385
probabilistic	1.383
presupposes	1.381
protracted	1.376
platinum	1.374
petals	1.373
photographed	1.370
Plenum	1.370
pans	1.369
pros	1.368
peanut	1.367
prelude	1.366
poisoned	1.365
precursors	1.363
prevails	1.363
perpetrators	1.362
phosphorylation	1.362
ping	1.361
pitfalls	1.360
punched	1.355
perceives	1.355
putative	1.355
promoters	1.353
preferring	1.351
protons	1.348
pretext	1.344
Pam	1.341
perverse	1.337
passionately	1.335
patterned	1.327
PTSD	1.327
primates	1.327
presided	1.326
pests	1.325
plasticity	1.325
publishes	1.325
peacefully	1.321
prosecutors	1.316
paranoid	1.312
prosper	1.312
pronounce	1.312
precede	1.309
pragmatism	1.308
perseverance	1.307
Picasso	1.307
postponed	1.305
parametric	1.300
procured	1.299
prostitute	1.299
persecuted	1.298
passwords	1.296
plagued	1.295
predicated	1.294
posing	1.294
paddy	1.294
pesticide	1.294
Piper	1.292
protagonists	1.292
PJ	1.291
puppet	1.290
patriarchy	1.285
pillows	1.284
PowerPoint	1.283
payoff	1.281
promulgated	1.281
planar	1.281
precedents	1.281
posterity	1.279
proto	1.278
pounded	1.278
provoking	1.277
peck	1.277
Pascal	1.277
psycho	1.275
priestly	1.275
parasitic	1.275
partitions	1.272
pouch	1.272
profiling	1.267
praxis	1.264
parasite	1.263
plank	1.260
permanence	1.255
PRC	1.243
psychopathology	1.239
populist	1.235
paperback	1.231
postulated	1.225
Poisson	1.223
pastures	1.221
prism	1.217
prophecies	1.217
polymerization	1.215
puzzling	1.215
presiding	1.211
pharmacological	1.207
pivot	1.207
pleasantly	1.207
pigeon	1.205
patio	1.203
prolific	1.201
parishes	1.200
plum	1.200
pessimistic	1.197
philosophic	1.196
p2	1.193
prompting	1.192
prized	1.192
propelled	1.191
physicist	1.191
perpetuate	1.190
pendulum	1.190
pharmaceuticals	1.184
powdered	1.182
Phyllis	1.179
psychosis	1.178
polluted	1.177
parsley	1.173
Paine	1.172
Parisian	1.172
preamble	1.168
paces	1.168
peacekeeping	1.168
Patton	1.168
pregnancies	1.166
peculiarities	1.165
peacock	1.165
proverb	1.165
patriots	1.164
PBS	1.164
prosecuted	1.163
paralyzed	1.162
punishing	1.162
Pablo	1.161
precaution	1.158
portrays	1.155
peasantry	1.154
pudding	1.153
pauses	1.152
Piaget	1.151
peat	1.148
pointers	1.147
Portsmouth	1.147
predicates	1.145
pear	1.145
photosynthesis	1.144
perplexed	1.144
predatory	1.143
polo	1.140
pea	1.140
prowess	1.139
personalized	1.139
PPP	1.137
physiologic	1.136
prop	1.136
paddle	1.131
praising	1.130
Patty	1.129
practising	1.127
perpetually	1.127
profane	1.126
physicists	1.125
purposeful	1.124
Pediatr	1.124
propped	1.123
proprietors	1.122
pathogen	1.121
politeness	1.119
purchasers	1.118
premiere	1.117
peppers	1.117
pyramids	1.115
primate	1.115
ponder	1.115
pleas	1.110
placenta	1.105
plumbing	1.104
prerogative	1.101
Pius	1.098
preexisting	1.097
participates	1.097
palliative	1.097
pausing	1.097
plume	1.093
piers	1.093
Pharmacol	1.093
pooled	1.092
Persians	1.090
psychiatrists	1.090
plucked	1.089
prognostic	1.088
plexus	1.087
puzzles	1.086
Pharisees	1.085
purposely	1.085
pedestrian	1.084
propagated	1.079
pleases	1.079
prohibitions	1.076
piazza	1.076
pleasurable	1.075
petit	1.073
Potomac	1.073
polling	1.072
publicized	1.071
Parry	1.071
protesting	1.070
penance	1.068
pint	1.066
Papua	1.066
pathophysiology	1.065
Phoebe	1.064
partisans	1.064
progesterone	1.061
purge	1.061
progeny	1.060
palsy	1.059
probate	1.059
perilous	1.057
propagate	1.057
prophylaxis	1.056
pondered	1.056
platelets	1.054
polygon	1.052
plasmid	1.051
pharmacology	1.049
panting	1.049
prosecute	1.049
Pathol	1.048
porosity	1.046
phonetic	1.045
perturbation	1.042
provocation	1.041
plunder	1.040
perpetrator	1.039
piping	1.039
proletariat	1.038
prescribing	1.037
pairing	1.035
Passover	1.031
penicillin	1.030
philanthropy	1.029
props	1.029
pigments	1.028
perils	1.027
phoned	1.027
Philo	1.026
pistols	1.026
pigeons	1.023
poignant	1.023
purported	1.021
proclaiming	1.020
prematurely	1.018
pulsed	1.016
proficient	1.016
plump	1.015
postpone	1.015
perch	1.014
pretensions	1.014
prototypes	1.012
petrol	1.009
paraphrase	1.006
poked	1.003
patented	1.003
particulate	1.003
Paolo	0.9989
Pollock	0.9970
paradoxes	0.9944
perpetrated	0.9932
plaques	0.9929
perceptible	0.9928
persistently	0.9921
progressing	0.9917
precluded	0.9915
polymorphism	0.9896
Plutarch	0.9889
pristine	0.9877
pitiful	0.9867
pianist	0.9844
pertains	0.9843
positivism	0.9830
pedal	0.9829
paranoia	0.9821
parietal	0.9802
poetical	0.9799
possessive	0.9797
percutaneous	0.9785
Pasha	0.9783
piracy	0.9761
pitching	0.9742
psi	0.9742
Puritans	0.9712
proportionate	0.9709
Pol	0.9700
posited	0.9690
persuading	0.9689
Prescott	0.9673
postulate	0.9672
parallelism	0.9654
parcels	0.9653
prep	0.9638
parrot	0.9617
privatisation	0.9610
preparedness	0.9605
â€¢	0.9598
pathologic	0.9585
pioneered	0.9580
pew	0.9574
pathogenic	0.9571
prospectus	0.9559
peaked	0.9551
prolong	0.9544
PF	0.9536
Packard	0.9534
popularly	0.9524
Perl	0.9521
Peruvian	0.9518
predominance	0.9495
Praeger	0.9495
patrols	0.9480
pernicious	0.9474
pebbles	0.9457
passively	0.9456
Pluto	0.9452
panorama	0.9443
pointless	0.9419
Polk	0.9418
predictability	0.9375
partake	0.9374
passivity	0.9364
pessimism	0.9351
pertain	0.9341
Ptolemy	0.9329
parochial	0.9327
parson	0.9322
PV	0.9315
pencils	0.9295
Pap	0.9291
paw	0.9268
prescriptive	0.9259
panther	0.9259
planter	0.9243
pooling	0.9235
phylogenetic	0.9222
pathos	0.9215
puff	0.9205
predefined	0.9184
puncture	0.9161
parenthood	0.9156
plough	0.9147
pleural	0.9129
prehistory	0.9109
Pleistocene	0.9068
pastry	0.9065
profess	0.9063
Peirce	0.9049
prodigious	0.9049
pissed	0.9043
pruning	0.9033
padded	0.9014
punk	0.9004
Peking	0.9002
performative	0.8998
papacy	0.8961
punctuated	0.8955
pressured	0.8947
Pilate	0.8932
pronouncements	0.8918
planks	0.8911
parachute	0.8907
Pearce	0.8890
petitioners	0.8886
Pietro	0.8866
percentile	0.8862
Paso	0.8860
pumpkin	0.8840
peanuts	0.8839
precondition	0.8839
postpartum	0.8838
prophylactic	0.8817
Putin	0.8792
polishing	0.8786
parchment	0.8786
Penelope	0.8785
predictably	0.8782
Peabody	0.8775
purest	0.8765
Poole	0.8757
Pareto	0.8751
portals	0.8747
pinched	0.8721
perspiration	0.8714
protruding	0.8704
plethora	0.8699
popping	0.8695
polyethylene	0.8692
powders	0.8691
predisposition	0.8674
preponderance	0.8662
PCI	0.8630
pies	0.8630
postage	0.8626
plow	0.8617
pitches	0.8616
Pliny	0.8610
pretence	0.8603
perceptive	0.8602
Popper	0.8560
pecuniary	0.8553
Patel	0.8521
postcard	0.8515
PHP	0.8498
posits	0.8466
Proust	0.8447
permeated	0.8441
poppy	0.8423
proverbial	0.8409
p53	0.8389
predation	0.8387
Philips	0.8375
peritoneal	0.8335
peaches	0.8306
prejudiced	0.8285
primers	0.8285
PN	0.8275
parliaments	0.8272
paralleled	0.8267
postgraduate	0.8260
pluralistic	0.8251
pedestal	0.8246
Paz	0.8241
parables	0.8211
propagating	0.8204
positional	0.8200
pinpoint	0.8199
propulsion	0.8194
peroxide	0.8191
protesters	0.8175
Perth	0.8168
peek	0.8162
pesos	0.8155
pretense	0.8145
popes	0.8140
paving	0.8134
pops	0.8133
poisons	0.8124
precludes	0.8080
percussion	0.8053
prosecutions	0.8049
penned	0.8048
P.J.	0.8041
PVC	0.8035
phenotypic	0.8033
proclaims	0.8024
propositional	0.8006
PLO	0.7969
prerequisites	0.7961
patterning	0.7961
Python	0.7959
plunging	0.7938
Phelps	0.7933
Petersen	0.7930
pears	0.7922
PSA	0.7881
priming	0.7873
prefrontal	0.7868
philosophically	0.7868
plugged	0.7844
pharmacist	0.7841
pineapple	0.7823
Planck	0.7814
pedigree	0.7806
portraying	0.7775
proportionality	0.7764
Paraguay	0.7742
paws	0.7735
poking	0.7734
Palo	0.7732
pursues	0.7728
panicked	0.7722
policymaking	0.7705
provenance	0.7701
politic	0.7699
perpetuated	0.7699
phased	0.7683
philanthropic	0.7665
Priscilla	0.7657
pagans	0.7653
peculiarity	0.7638
partitioned	0.7638
protease	0.7630
postulates	0.7619
pomp	0.7608
Pont	0.7599
purify	0.7596
picket	0.7592
peeling	0.7589
pic	0.7564
punishable	0.7563
programmatic	0.7562
PAC	0.7556
PCA	0.7553
priceless	0.7537
Palazzo	0.7535
Phi	0.7523
paradigmatic	0.7522
proponent	0.7509
puffed	0.7503
Petri	0.7485
platter	0.7484
predominate	0.7475
pluck	0.7473
Prob	0.7469
proximate	0.7456
pang	0.7456
Paterson	0.7425
parishioners	0.7404
projector	0.7395
pendant	0.7384
permeable	0.7383
principled	0.7374
positivist	0.7362
precinct	0.7358
postures	0.7355
Pretoria	0.7345
Paige	0.7328
pointedly	0.7315
posttraumatic	0.7313
Pty	0.7312
physique	0.7312
plywood	0.7311
propeller	0.7303
prefect	0.7292
podium	0.7292
pageant	0.7291
passports	0.7290
photocopy	0.7280
politique	0.7269
pinnacle	0.7256
possessor	0.7255
Prometheus	0.7236
plugs	0.7224
PDA	0.7224
positron	0.7208
pitted	0.7203
prosthesis	0.7192
populous	0.7187
polio	0.7176
pu	0.7174
pancreatitis	0.7170
perforation	0.7154
phobia	0.7150
popcorn	0.7150
princely	0.7135
proletarian	0.7124
profusion	0.7119
prospered	0.7100
presuppositions	0.7065
Pickering	0.7059
prudential	0.7055
pellets	0.7054
postscript	0.7033
playback	0.7032
pondering	0.7028
processions	0.7012
phenotypes	0.6995
purgatory	0.6988
paternity	0.6987
parlour	0.6987
Palgrave	0.6985
parenteral	0.6976
peut	0.6960
petite	0.6959
padre	0.6956
particularity	0.6939
poke	0.6937
payload	0.6933
projectile	0.6926
pod	0.6918
postcards	0.6911
posit	0.6909
paras	0.6905
puppies	0.6883
ponies	0.6883
Pompey	0.6877
papyrus	0.6862
postmenopausal	0.6858
perturbations	0.6853
pres	0.6848
paganism	0.6843
Pollard	0.6817
Pisa	0.6806
provost	0.6801
probed	0.6797
pall	0.6792
prewar	0.6786
personage	0.6784
personified	0.6781
plenary	0.6781
pussy	0.6778
placid	0.6776
pragmatics	0.6776
pledges	0.6759
projective	0.6757
polypeptide	0.6757
pained	0.6736
phosphatase	0.6731
parti	0.6731
Porto	0.6727
proffered	0.6721
prostrate	0.6718
porters	0.6718
precautionary	0.6703
placements	0.6692
PLC	0.6673
pri	0.6669
Pergamon	0.6664
preposition	0.6662
protectorate	0.6652
pollutant	0.6650
pseudonym	0.6642
plausibility	0.6620
pharmacists	0.6618
perverted	0.6616
pours	0.6602
parades	0.6598
purposefully	0.6558
paucity	0.6555
pedestrians	0.6553
pennies	0.6553
prairies	0.6547
prosecuting	0.6537
partridge	0.6536
pun	0.6529
Panzer	0.6522
progenitor	0.6522
permissive	0.6514
prays	0.6505
plastered	0.6499
polemical	0.6499
prom	0.6495
polygamy	0.6480
Pentecostal	0.6476
powerlessness	0.6475
padding	0.6473
precept	0.6472
pyramidal	0.6471
prerogatives	0.6463
pneumatic	0.6462
pastime	0.6461
perpetuating	0.6460
pubic	0.6439
patriarchs	0.6431
Proctor	0.6428
Pentecost	0.6425
Posner	0.6422
penetrates	0.6420
procuring	0.6420
prick	0.6415
Pritchard	0.6415
publics	0.6409
phytoplankton	0.6408
philosophie	0.6406
pipelines	0.6395
polities	0.6388
Provence	0.6385
presuppose	0.6354
penchant	0.6352
Playboy	0.6351
pee	0.6349
prefecture	0.6343
prod	0.6342
plated	0.6341
pervades	0.6337
perversion	0.6331
phrasing	0.6324
POW	0.6320
PLA	0.6312
primitives	0.6309
perforated	0.6303
participle	0.6300
prejudicial	0.6294
purport	0.6292
prosthetic	0.6291
purged	0.6272
piss	0.6268
playwrights	0.6264
psychometric	0.6259
progressives	0.6258
popularized	0.6255
pence	0.6240
puppets	0.6234
Prasad	0.6231
Pasteur	0.6219
polymeric	0.6215
polemic	0.6205
pungent	0.6190
piling	0.6189
Pulitzer	0.6180
P.A.	0.6180
proportionately	0.6176
psychical	0.6173
plagues	0.6169
p1	0.6162
perinatal	0.6158
playfully	0.6155
pebble	0.6146
prescribes	0.6144
prodigal	0.6139
pluralist	0.6136
porte	0.6126
petitioned	0.6117
Pentium	0.6113
preferentially	0.6108
privatized	0.6100
P.S.	0.6096
panes	0.6092
punching	0.6072
pantry	0.6070
personhood	0.6054
placental	0.6028
postural	0.6022
piecemeal	0.6015
preposterous	0.6007
parsing	0.5997
preoccupations	0.5996
Padua	0.5989
Ponty	0.5979
Pseudomonas	0.5977
pods	0.5964
primeval	0.5960
panoramic	0.5955
pharmacologic	0.5954
panties	0.5953
philology	0.5950
pellet	0.5946
Philippians	0.5935
plundered	0.5930
prioritize	0.5924
pancakes	0.5919
paramilitary	0.5909
peacetime	0.5907
posthumous	0.5882
pacemaker	0.5880
premised	0.5873
pervaded	0.5865
paternalism	0.5864
personification	0.5863
porn	0.5860
pretends	0.5858
phonology	0.5853
polygons	0.5852
pasted	0.5842
personages	0.5842
perjury	0.5840
postnatal	0.5834
Patsy	0.5825
profited	0.5823
penitentiary	0.5820
Presbyterians	0.5810
preconditions	0.5799
plumes	0.5783
positives	0.5781
patting	0.5769
ploy	0.5767
prophesied	0.5756
perplexing	0.5755
polyester	0.5740
Piedmont	0.5735
primo	0.5731
pretreatment	0.5730
profusely	0.5729
primaries	0.5724
photosynthetic	0.5722
perplexity	0.5714
payoffs	0.5713
parched	0.5710
profitably	0.5710
PK	0.5682
programmable	0.5677
perturbed	0.5661
promenade	0.5659
pry	0.5659
procreation	0.5642
Petra	0.5636
preset	0.5635
plagiarism	0.5631
polluting	0.5616
politicized	0.5614
predisposed	0.5611
primed	0.5610
Pullman	0.5610
pompous	0.5605
preterm	0.5599
prostatic	0.5598
passageway	0.5598
pubs	0.5593
purview	0.5592
precincts	0.5574
polis	0.5574
Pharm	0.5573
piped	0.5571
pos	0.5570
pronouncement	0.5568
populism	0.5566
Pasadena	0.5558
provokes	0.5554
painless	0.5530
pajamas	0.5525
pornographic	0.5521
Pvt	0.5517
proxies	0.5516
preside	0.5510
preconceived	0.5509
Psychol	0.5504
Packer	0.5503
plausibly	0.5497
Pater	0.5495
Pinto	0.5495
prefixes	0.5486
propel	0.5485
puddle	0.5453
pail	0.5453
posteriorly	0.5452
persisting	0.5449
pons	0.5446
patched	0.5445
prepaid	0.5442
potentiality	0.5434
palatable	0.5428
paycheck	0.5421
punches	0.5412
Presley	0.5411
Palermo	0.5411
plumage	0.5409
peep	0.5406
Purdue	0.5400
painstaking	0.5398
portrayals	0.5378
pleadings	0.5377
precipice	0.5370
peeked	0.5368
Pythagoras	0.5366
Peng	0.5366
phallic	0.5364
persevere	0.5361
presupposed	0.5356
phenol	0.5355
proviso	0.5349
pitchers	0.5335
Pepsi	0.5334
parabolic	0.5327
P.L.	0.5327
psychosomatic	0.5321
presumes	0.5315
psychodynamic	0.5314
pharmacokinetics	0.5313
pretrial	0.5307
pup	0.5302
poplar	0.5296
POWs	0.5288
pars	0.5287
peri	0.5282
protectors	0.5281
presupposition	0.5276
parenchyma	0.5272
patchwork	0.5268
plowed	0.5267
phrased	0.5264
precipitating	0.5263
pox	0.5259
polyps	0.5258
paternalistic	0.5255
Plotinus	0.5252
Parkway	0.5250
promissory	0.5246
polymorphisms	0.5243
precipitates	0.5238
protectionism	0.5237
prickly	0.5232
phalanx	0.5231
promiscuous	0.5224
persecutions	0.5217
purging	0.5214
paraphernalia	0.5207
phony	0.5204
pulley	0.5197
Polytechnic	0.5193
partiality	0.5187
portico	0.5183
precocious	0.5175
plating	0.5174
pardoned	0.5168
Pedersen	0.5163
pus	0.5162
purports	0.5153
parentage	0.5147
preeminent	0.5132
ply	0.5126
portability	0.5123
predilection	0.5119
PW	0.5114
permeate	0.5106
politico	0.5105
Pushkin	0.5095
pers	0.5079
postmaster	0.5074
prototypical	0.5066
permutations	0.5066
populate	0.5064
Percival	0.5063
plumb	0.5063
psalmist	0.5056
pawn	0.5038
periodontal	0.5035
Pandora	0.5035
prohibitive	0.5009
preemptive	0.5008
priory	0.4974
pharyngeal	0.4973
precipitous	0.4969
Petrarch	0.4965
pathologist	0.4962
pangs	0.4957
permeates	0.4955
peopled	0.4953
prosaic	0.4951
Prog	0.4938
payback	0.4938
palpation	0.4932
parlance	0.4931
paraded	0.4924
Piero	0.4919
Polynesian	0.4917
pickles	0.4914
Patti	0.4908
parapet	0.4899
Pericles	0.4896
Purcell	0.4895
purifying	0.4886
Pak	0.4883
Philistines	0.4883
pastel	0.4882
pursed	0.4873
Priestley	0.4872
perfumes	0.4870
plush	0.4868
priestess	0.4865
proportioned	0.4863
pestilence	0.4860
PCB	0.4859
prolapse	0.4851
perpetuation	0.4850
penitent	0.4850
patently	0.4844
Palmerston	0.4842
polynomials	0.4778
Pembroke	0.4770
pueblos	0.4769
practicality	0.4768
puffs	0.4767
Pompeii	0.4767
proportionally	0.4764
Porta	0.4762
preventative	0.4752
Pere	0.4751
Picard	0.4749
perishable	0.4741
purer	0.4735
Panthers	0.4735
perusal	0.4734
puffing	0.4731
Phoenician	0.4728
Pendleton	0.4728
puck	0.4727
pent	0.4727
pulsing	0.4724
pallor	0.4724
pretentious	0.4720
proscribed	0.4718
poise	0.4718
postmodernity	0.4715
prettiest	0.4714
paltry	0.4713
Parnell	0.4710
purportedly	0.4709
playhouse	0.4707
psoriasis	0.4692
plasmids	0.4691
phonemes	0.4686
potentialities	0.4684
proliferate	0.4684
postmodernist	0.4678
Parma	0.4670
Perseus	0.4668
Puritanism	0.4666
parser	0.4665
P3	0.4661
propounded	0.4659
prolongation	0.4656
physiologically	0.4655
parasympathetic	0.4649
polymorphic	0.4647
P.C.	0.4638
pups	0.4634
Pentateuch	0.4628
pegs	0.4627
princesses	0.4623
pave	0.4616
Paget	0.4614
pharynx	0.4586
petrified	0.4584
providential	0.4579
plaid	0.4572
pervading	0.4572
plowing	0.4571
purposive	0.4556
positing	0.4555
Polanyi	0.4555
plutonium	0.4553
protectionist	0.4549
perfecting	0.4546
provisioning	0.4544
polystyrene	0.4543
Pauli	0.4540
primrose	0.4529
periodicity	0.4525
postman	0.4516
Procter	0.4515
Pinochet	0.4511
peaceable	0.4506
pacifist	0.4491
Potts	0.4470
prodded	0.4464
permutation	0.4464
pursuance	0.4462
Pickett	0.4453
pronouncing	0.4451
peninsular	0.4449
pitied	0.4448
Politburo	0.4446
pandemic	0.4441
paraffin	0.4438
pinning	0.4436
predispose	0.4434
prepositions	0.4430
pero	0.4430
Palais	0.4424
professing	0.4423
patrolling	0.4422
posthumously	0.4421
partisanship	0.4413
picturing	0.4397
pews	0.4397
presumptuous	0.4393
Publ	0.4387
pant	0.4386
prepositional	0.4378
privileging	0.4377
parathyroid	0.4368
Pisces	0.4368
Pollack	0.4367
pals	0.4360
Pythagorean	0.4356
Palma	0.4346
Pieter	0.4342
Pali	0.4340
pensive	0.4338
PCP	0.4331
Potsdam	0.4329
PTA	0.4326
preschoolers	0.4323
productively	0.4320
peremptory	0.4318
PCBs	0.4316
Pereira	0.4314
Prospero	0.4313
pelican	0.4303
Prix	0.4297
ponderous	0.4296
predominates	0.4292
Ph.	0.4291
pursuers	0.4287
patronizing	0.4285
phallus	0.4283
pneumoniae	0.4276
propensities	0.4256
presenter	0.4248
pantomime	0.4245
potters	0.4231
postsynaptic	0.4226
preconceptions	0.4223
postponement	0.4219
persuasively	0.4219
porridge	0.4214
pitting	0.4210
proliferative	0.4208
perpetuity	0.4207
posse	0.4204
PMS	0.4196
postmortem	0.4189
Pinter	0.4189
patchy	0.4187
Punjabi	0.4186
partnering	0.4186
P.R.	0.4180
postsecondary	0.4178
pricked	0.4176
progenitors	0.4172
prying	0.4168
PID	0.4168
patrician	0.4166
Portia	0.4158
Pip	0.4153
plaintive	0.4152
promulgation	0.4152
painstakingly	0.4151
plums	0.4141
protege	0.4138
perchance	0.4129
profuse	0.4126
Pennington	0.4121
pilgrimages	0.4120
pickle	0.4117
piezoelectric	0.4116
pigmentation	0.4113
Pavel	0.4099
Peyton	0.4087
proclamations	0.4079
promiscuity	0.4079
prof	0.4074
predestination	0.4067
Paulus	0.4067
paging	0.4064
postings	0.4054
pate	0.4053
panacea	0.4047
paddling	0.4046
Pemberton	0.4044
Pfeiffer	0.4033
proliferated	0.4029
Pryor	0.4021
Pierson	0.4020
Penrose	0.4016
parrots	0.4014
perfumed	0.4012
Pyrenees	0.4011
presumptive	0.4007
plugging	0.4006
privation	0.4004
prophesy	0.3993
plummeted	0.3989
prosodic	0.3983
palladium	0.3980
philological	0.3980
puffy	0.3975
plantar	0.3970
Perrin	0.3966
publicize	0.3954
preliminaries	0.3953
pathologies	0.3943
plundering	0.3938
pooh	0.3932
pairwise	0.3931
PGA	0.3930
prided	0.3929
pollination	0.3927
Pontiac	0.3924
pavements	0.3924
pediatrician	0.3924
Paley	0.3922
pep	0.3916
paler	0.3915
pensioners	0.3902
phobias	0.3897
portraiture	0.3896
payers	0.3891
photographing	0.3890
Preheat	0.3886
presumptions	0.3881
pejorative	0.3879
phraseology	0.3877
principalities	0.3876
pastries	0.3875
packers	0.3872
proliferating	0.3872
Pell	0.3870
penile	0.3862
propitious	0.3860
predisposing	0.3855
parse	0.3849
papillary	0.3840
Pico	0.3837
P.E.	0.3835
payer	0.3829
penniless	0.3829
preservative	0.3827
plankton	0.3822
penguins	0.3807
pretest	0.3803
phosphates	0.3802
Platt	0.3801
pleads	0.3800
pinching	0.3796
promontory	0.3793
pigmented	0.3783
pecking	0.3781
posturing	0.3771
phoneme	0.3768
preventable	0.3765
Porsche	0.3761
propane	0.3758
ponytail	0.3756
ploughed	0.3749
Plata	0.3749
Pringle	0.3748
patrimony	0.3747
Perot	0.3747
Platte	0.3742
pallet	0.3738
protestations	0.3736
plied	0.3733
paragon	0.3730
ploughing	0.3730
penultimate	0.3727
postoperatively	0.3726
Pavlov	0.3719
Plummer	0.3713
Petrie	0.3709
predominated	0.3709
printout	0.3708
polled	0.3706
Philipp	0.3704
pegged	0.3691
polemics	0.3685
Ponce	0.3685
Pax	0.3685
prelates	0.3678
premodern	0.3677
Pizarro	0.3675
potash	0.3674
pong	0.3662
perfunctory	0.3661
pickets	0.3659
peeping	0.3658
peptic	0.3658
pare	0.3649
purporting	0.3647
pied	0.3647
parenthesis	0.3642
plucking	0.3640
prosocial	0.3634
praiseworthy	0.3631
pharmacies	0.3631
Politik	0.3628
passers	0.3627
potted	0.3625
pallid	0.3618
pyruvate	0.3615
phantoms	0.3614
Platonism	0.3610
payout	0.3607
Parr	0.3606
proteases	0.3604
Philharmonic	0.3598
petal	0.3594
pressurized	0.3591
proprietorship	0.3591
potion	0.3590
pickled	0.3586
prolonging	0.3586
Prozac	0.3585
polypropylene	0.3576
phonics	0.3572
premarital	0.3571
panted	0.3568
Pepys	0.3567
purses	0.3552
prospecting	0.3539
particularities	0.3535
prolactin	0.3535
P.D.	0.3534
plantings	0.3532
pliers	0.3528
Parmenides	0.3527
presuming	0.3527
preemption	0.3524
pulsating	0.3516
personalization	0.3515
PNG	0.3515
Prov	0.3509
phospholipids	0.3507
Pena	0.3506
puddles	0.3497
Plath	0.3495
palpitations	0.3490
pennant	0.3489
phenytoin	0.3489
prostaglandins	0.3488
portage	0.3484
paled	0.3483
phonemic	0.3482
participative	0.3476
proteolytic	0.3472
paddles	0.3472
propagates	0.3468
paddled	0.3465
paralysed	0.3464
precariously	0.3460
porcupine	0.3459
pauper	0.3458
Puebla	0.3455
persecute	0.3455
peritonitis	0.3455
peu	0.3452
prune	0.3449
Pugh	0.3448
pervade	0.3441
Prakash	0.3437
prim	0.3434
professionalization	0.3433
Peterborough	0.3432
phylogeny	0.3431
porches	0.3428
Parrish	0.3424
prioritized	0.3421
penalized	0.3415
pints	0.3415
professes	0.3414
phonograph	0.3413
prodding	0.3409
parliamentarians	0.3403
Pandit	0.3399
Poseidon	0.3399
prototyping	0.3394
playfulness	0.3390
Poincare	0.3385
pharmacokinetic	0.3381
predication	0.3378
plasminogen	0.3375
professorship	0.3374
Paxton	0.3374
phenolic	0.3365
pagoda	0.3358
psychotherapist	0.3352
placate	0.3351
polysaccharides	0.3351
preaches	0.3349
penthouse	0.3345
presynaptic	0.3338
provisionally	0.3338
pacifism	0.3337
Paisley	0.3336
polarisation	0.3332
phage	0.3332
Petrograd	0.3331
pedagogic	0.3327
placeholder	0.3326
phosphorylated	0.3325
Polynesia	0.3322
prettier	0.3318
physiognomy	0.3315
plumber	0.3311
punctual	0.3308
pelagic	0.3307
principe	0.3306
posteriori	0.3305
Psalter	0.3300
picnics	0.3297
puny	0.3294
Pilar	0.3292
Pinus	0.3290
pontiff	0.3285
prostaglandin	0.3283
paddock	0.3271
PDAs	0.3270
psychoanalyst	0.3261
pyre	0.3257
peso	0.3254
plunger	0.3250
persevered	0.3250
pronged	0.3246
punctured	0.3243
pneumothorax	0.3241
patristic	0.3239
Palatine	0.3239
politica	0.3238
principality	0.3237
Patten	0.3233
pianos	0.3228
prudently	0.3227
perks	0.3226
philanthropist	0.3224
pericardial	0.3224
pliable	0.3220
pundits	0.3219
penitence	0.3217
Pershing	0.3211
pacify	0.3211
prednisone	0.3204
prostheses	0.3199
patency	0.3199
pollute	0.3198
Parmesan	0.3193
picker	0.3193
Pensacola	0.3193
Parthenon	0.3187
pheasant	0.3186
partie	0.3186
pampered	0.3182
Parkes	0.3181
preeminence	0.3180
politicization	0.3180
playgrounds	0.3178
peroxidase	0.3175
Prado	0.3173
paraphrasing	0.3167
Piccadilly	0.3166
paramedics	0.3164
plopped	0.3162
prodigy	0.3161
Paleolithic	0.3156
Ptolemaic	0.3154
patrolled	0.3153
purges	0.3149
pacification	0.3148
perfections	0.3147
predominately	0.3146
Presse	0.3139
patronized	0.3137
peeking	0.3134
prefixed	0.3132
philistine	0.3132
Padilla	0.3128
poop	0.3126
payee	0.3124
profanity	0.3123
prisms	0.3116
postponing	0.3116
provident	0.3109
perpetuates	0.3107
panda	0.3106
Pitts	0.3101
plateaus	0.3096
pruned	0.3091
pancake	0.3090
Paracelsus	0.3088
Pinkerton	0.3084
paralleling	0.3084
perennials	0.3084
pari	0.3083
pouches	0.3081
Prussians	0.3081
patria	0.3076
prelate	0.3075
Patrice	0.3075
pharaohs	0.3074
polyurethane	0.3074
pervert	0.3069
pretension	0.3064
peeped	0.3063
Pitman	0.3058
pillage	0.3058
pasts	0.3057
Phoenicians	0.3057
PDS	0.3056
paranormal	0.3054
premonition	0.3054
p0	0.3051
Pease	0.3046
Penang	0.3045
Patna	0.3043
preservatives	0.3032
polarities	0.3031
Parke	0.3030
predestined	0.3030
Pelham	0.3025
prosody	0.3023
Poitiers	0.3023
parodies	0.3020
peppermint	0.3019
partying	0.3017
passe	0.3017
profiled	0.3006
Pfizer	0.3002
procrastination	0.3000
physicality	0.2999
prow	0.2985
Peres	0.2981
peaking	0.2980
poaching	0.2979
P450	0.2975
projectiles	0.2972
partaking	0.2964
pastimes	0.2958
polygonal	0.2956
psychotherapeutic	0.2953
Partido	0.2953
perishing	0.2953
pieced	0.2947
politiques	0.2947
prioritizing	0.2943
pitiable	0.2942
projectors	0.2936
pavilions	0.2936
pitiless	0.2935
phasing	0.2933
Ponte	0.2928
pectoral	0.2928
phagocytosis	0.2927
psychomotor	0.2926
promulgate	0.2924
parabola	0.2923
P.G.	0.2922
plunges	0.2922
photochemical	0.2921
piloted	0.2920
potable	0.2912
pur	0.2907
punishes	0.2906
Pakistanis	0.2905
Philippa	0.2904
Puget	0.2899
pragmatist	0.2897
presides	0.2897
pretender	0.2895
porcine	0.2892
pranks	0.2892
preempted	0.2891
pontifical	0.2889
propelling	0.2888
plebiscite	0.2884
puzzlement	0.2882
pasting	0.2876
persuasions	0.2876
poststructuralist	0.2875
Pune	0.2872
protestors	0.2871
predispositions	0.2870
Pepe	0.2867
Principia	0.2864
pimp	0.2862
premeditated	0.2861
puree	0.2861
peppered	0.2858
personae	0.2857
Phipps	0.2855
PSD	0.2855
psychotropic	0.2852
protruded	0.2851
paperbacks	0.2850
pragmatically	0.2850
pervasiveness	0.2848
perforce	0.2847
pledging	0.2846
Paton	0.2841
parsimonious	0.2836
pylori	0.2832
publicist	0.2830
Pegasus	0.2830
phospholipid	0.2829
parsimony	0.2827
pastoralists	0.2824
Phelan	0.2823
Pallas	0.2823
privations	0.2822
paraphrased	0.2821
protozoa	0.2821
percolation	0.2819
pharmacotherapy	0.2818
proofreading	0.2817
primes	0.2817
pounce	0.2815
Ps.	0.2815
proactively	0.2811
pizzas	0.2805
patenting	0.2796
pounced	0.2792
problematical	0.2791
perversity	0.2790
pewter	0.2789
polypeptides	0.2789
preclinical	0.2787
Proteus	0.2784
pager	0.2781
prioritization	0.2776
Polaroid	0.2773
persevering	0.2771
Persephone	0.2768
Phnom	0.2768
Punta	0.2764
permeation	0.2764
pedantic	0.2763
peripherals	0.2762
Phineas	0.2760
polysaccharide	0.2752
prescient	0.2751
pedals	0.2750
puns	0.2749
porphyry	0.2749
privates	0.2748
parsonage	0.2746
passer	0.2743
perfectionism	0.2742
prefabricated	0.2742
plebeian	0.2739
photocopies	0.2739
Pocahontas	0.2737
prowling	0.2732
Pancho	0.2729
physicochemical	0.2728
piqued	0.2728
psychedelic	0.2728
possessors	0.2728
pronounces	0.2722
Pathfinder	0.2722
protrusion	0.2722
pocketed	0.2722
posh	0.2719
peaceably	0.2718
profligate	0.2716
paupers	0.2713
Pinckney	0.2711
pried	0.2711
platters	0.2710
peritoneum	0.2708
personalize	0.2707
pipette	0.2707
Pharisee	0.2706
pulleys	0.2702
paroxysmal	0.2702
Peregrine	0.2699
Pettigrew	0.2698
Pravda	0.2698
positivity	0.2695
premiered	0.2692
powdery	0.2689
pineal	0.2685
PDP	0.2676
prank	0.2675
parallelogram	0.2674
Petrus	0.2672
Philemon	0.2671
pitying	0.2671
Pinker	0.2670
peacemaking	0.2666
pressuring	0.2659
Pettit	0.2654
Pyle	0.2654
pearly	0.2652
putty	0.2651
parameterized	0.2650
Pia	0.2642
paralytic	0.2640
prong	0.2637
powerhouse	0.2633
parttime	0.2626
paneled	0.2621
P.W.	0.2621
Pindar	0.2615
Puri	0.2608
pantheism	0.2607
Pract	0.2606
Penh	0.2602
phosphoric	0.2600
passersby	0.2599
perineal	0.2598
profiting	0.2591
phenylalanine	0.2590
punctuality	0.2590
privateers	0.2587
palisades	0.2586
pumpkins	0.2585
prefaces	0.2584
Prop.	0.2582
pathologists	0.2577
Patagonia	0.2576
patter	0.2576
paediatric	0.2575
Pomeroy	0.2575
Philippi	0.2574
perioperative	0.2569
prospectively	0.2565
parenthetical	0.2564
particulates	0.2559
Pfeffer	0.2559
plenitude	0.2558
panics	0.2558
P.H.	0.2557
phlegm	0.2556
parasitism	0.2548
Puccini	0.2547
putrid	0.2544
panoply	0.2543
purplish	0.2541
Poona	0.2540
papaya	0.2539
prismatic	0.2535
passable	0.2533
P.K.	0.2533
peerage	0.2530
Pecos	0.2530
phobic	0.2527
palatial	0.2527
pocketbook	0.2526
peruse	0.2523
pathetically	0.2519
pinkish	0.2519
presenters	0.2519
propellant	0.2516
pistons	0.2514
picketing	0.2509
patrilineal	0.2506
propellers	0.2505
progressivism	0.2503
Peron	0.2498
pomegranate	0.2495
petitioning	0.2495
premenstrual	0.2494
Pavia	0.2488
precession	0.2488
paintbrush	0.2486
poignantly	0.2481
preempt	0.2480
presentable	0.2480
probative	0.2478
pertained	0.2478
partook	0.2474
pounder	0.2470
pandemonium	0.2469
poppies	0.2467
plying	0.2462
plodding	0.2461
Pyongyang	0.2459
parlors	0.2458
paralyzing	0.2456
parsed	0.2454
Pittsburg	0.2453
postdoctoral	0.2452
probity	0.2451
playmates	0.2450
palettes	0.2447
Pocock	0.2442
penitential	0.2437
purpura	0.2437
predates	0.2426
prepayment	0.2424
Phu	0.2422
pawns	0.2412
pogroms	0.2409
portentous	0.2408
pardons	0.2407
parading	0.2405
PPS	0.2404
Phaedrus	0.2399
Pohl	0.2399
persuades	0.2397
psychoanalysts	0.2396
Physica	0.2394
personas	0.2394
platitudes	0.2393
pouvoir	0.2390
passageways	0.2386
petticoat	0.2383
Parisians	0.2382
playoffs	0.2381
pith	0.2381
peels	0.2381
Peshawar	0.2381
prostration	0.2380
pastiche	0.2379
propylene	0.2378
Peoria	0.2375
prefaced	0.2374
pleasantries	0.2374
proclivity	0.2373
persecutors	0.2372
Peale	0.2370
petticoats	0.2369
P4	0.2369
Pao	0.2368
psychophysical	0.2368
purulent	0.2366
Pickens	0.2366
precluding	0.2361
platoons	0.2361
polytheism	0.2360
Pacheco	0.2359
Prosser	0.2359
purred	0.2352
perdition	0.2352
Piet	0.2348
predated	0.2346
portly	0.2345
persecuting	0.2344
polygraph	0.2341
polarizing	0.2337
proteomics	0.2337
piloting	0.2335
Pei	0.2333
parameterization	0.2333
Publius	0.2332
Parkin	0.2329
perfectionist	0.2328
permafrost	0.2327
peacekeepers	0.2326
pleura	0.2324
proclivities	0.2323
Psychopharmacology	0.2322
P2P	0.2320
Piatt	0.2320
Philly	0.2320
puritanical	0.2319
pilasters	0.2317
pacified	0.2317
propos	0.2315
petrochemical	0.2315
P.B.	0.2312
Pte	0.2312
prawns	0.2312
paramagnetic	0.2302
polyunsaturated	0.2301
postindustrial	0.2300
pared	0.2299
pats	0.2294
pique	0.2291
pulsation	0.2291
paneling	0.2289
pleated	0.2288
psychotherapists	0.2286
puckered	0.2286
pitfall	0.2285
paratroopers	0.2282
psychoactive	0.2282
pairings	0.2279
poetically	0.2279
Pye	0.2277
panhandle	0.2275
placards	0.2273
precipitously	0.2270
Peloponnesian	0.2267
prearranged	0.2264
propria	0.2262
Purdy	0.2262
presences	0.2260
prettily	0.2260
PQ	0.2258
philanthropists	0.2256
piteous	0.2255
pitifully	0.2254
Pondicherry	0.2251
prostrated	0.2247
Paco	0.2244
polycystic	0.2241
peal	0.2238
pelts	0.2237
parallax	0.2233
pivoted	0.2228
patching	0.2227
pacts	0.2227
polyphonic	0.2226
proudest	0.2226
parasol	0.2225
physiotherapy	0.2224
peddler	0.2223
potentiation	0.2221
protrude	0.2217
paraphrases	0.2215
Presidio	0.2215
profundity	0.2212
Pasternak	0.2212
preformed	0.2211
perversely	0.2210
preyed	0.2209
P.2d	0.2209
perused	0.2206
proximally	0.2205
potions	0.2204
patina	0.2203
potty	0.2203
Perugia	0.2200
propagandists	0.2199
paprika	0.2197
piecewise	0.2196
Pandey	0.2195
pendants	0.2194
petting	0.2193
partnered	0.2187
peddlers	0.2185
pseudonyms	0.2184
Pardo	0.2183
pecan	0.2183
Perm	0.2179
phenyl	0.2178
parodic	0.2174
pheromones	0.2161
pageants	0.2160
pickers	0.2160
papier	0.2158
preceptor	0.2154
parenchymal	0.2148
patronize	0.2147
Pittman	0.2146
particularism	0.2145
Panamanian	0.2144
polarised	0.2144
perilously	0.2144
popish	0.2143
peddling	0.2141
pulpits	0.2141
preprocessing	0.2139
Pointe	0.2138
permanency	0.2137
Paulson	0.2137
Pai	0.2137
polka	0.2136
probationary	0.2136
prospectors	0.2134
programmatically	0.2133
pheasants	0.2130
partakes	0.2128
pariah	0.2127
provocatively	0.2126
Paulist	0.2124
pediment	0.2121
pecans	0.2117
primus	0.2111
Portes	0.2108
protoplasm	0.2108
popery	0.2107
physiologist	0.2107
perineum	0.2106
Paola	0.2103
pursuer	0.2103
pushy	0.2103
perpendicularly	0.2101
psychopathic	0.2099
pithy	0.2097
poodle	0.2095
progressions	0.2092
Penney	0.2090
pis	0.2086
purveyors	0.2084
pageantry	0.2084
proscription	0.2079
partir	0.2078
papillae	0.2077
Poussin	0.2075
playmate	0.2075
propagandist	0.2075
paychecks	0.2070
Pauling	0.2068
paribus	0.2066
pert	0.2065
pelt	0.2064
pagination	0.2062
Purvis	0.2062
prematurity	0.2060
predisposes	0.2059
pounders	0.2054
petulant	0.2054
pallets	0.2053
pails	0.2052
palpably	0.2051
positivistic	0.2051
Perkin	0.2048
Paulette	0.2043
pinnacles	0.2043
palpated	0.2041
padlock	0.2037
peripherally	0.2036
perforations	0.2035
Pausanias	0.2034
pelted	0.2032
panicky	0.2031
Persson	0.2029
propels	0.2028
Peachtree	0.2027
poststructuralism	0.2024
patricians	0.2023
phosphorous	0.2021
Pulaski	0.2021
poached	0.2019
pulverized	0.2019
plotters	0.2019
prowl	0.2017
poplars	0.2016
photocopied	0.2014
prohibitively	0.2013
pliant	0.2012
Pelletier	0.2012
pricey	0.2010
performativity	0.2009
practicalities	0.2007
plaited	0.2002
Pais	0.1996
Paddington	0.1996
Plunkett	0.1995
paralegal	0.1992
punt	0.1989
poring	0.1989
penalize	0.1989
positivists	0.1988
peripheries	0.1987
presbytery	0.1987
precolonial	0.1987
Palau	0.1985
pts	0.1985
pinhole	0.1984
papists	0.1983
poco	0.1982
petted	0.1982
prefigured	0.1979
pout	0.1979
pubis	0.1978
pestle	0.1977
Payton	0.1976
prayerful	0.1973
pheromone	0.1973
pillaged	0.1972
publicizing	0.1971
Perlman	0.1971
proselytizing	0.1971
polyclonal	0.1967
perceptibly	0.1967
Pompidou	0.1964
Parris	0.1964
poachers	0.1957
pikes	0.1956
Provo	0.1955
Palmyra	0.1954
PCC	0.1953
palisade	0.1953
particularistic	0.1952
pulsations	0.1952
pectoris	0.1952
poignancy	0.1949
pimps	0.1948
Priam	0.1946
prosecutorial	0.1944
postulating	0.1940
participles	0.1940
perfidy	0.1939
plainer	0.1937
pontoon	0.1937
patella	0.1935
percentiles	0.1935
psychogenic	0.1934
Pio	0.1933
purring	0.1929
Pontius	0.1925
portent	0.1921
politische	0.1921
painkillers	0.1921
Permian	0.1920
plummet	0.1919
polyp	0.1914
playoff	0.1914
presentment	0.1913
Polaris	0.1912
P.P.	0.1912
phoning	0.1910
prunes	0.1905
physico	0.1905
predate	0.1901
Perce	0.1900
plantain	0.1898
pittance	0.1897
privatize	0.1897
psychoses	0.1893
peacocks	0.1892
psychoanalytical	0.1890
polyphony	0.1887
plows	0.1886
potholes	0.1886
Paulina	0.1884
Pickwick	0.1881
perceiver	0.1880
Palacio	0.1879
psychologic	0.1877
phagocytic	0.1875
pragmatists	0.1873
priestesses	0.1873
preserver	0.1873
punctuate	0.1871
permeating	0.1871
printouts	0.1871
Probleme	0.1870
phonetics	0.1869
parka	0.1869
perked	0.1866
Pima	0.1866
placard	0.1864
preferment	0.1863
Popov	0.1863
purposed	0.1862
photoelectric	0.1862
Pygmalion	0.1861
pinks	0.1861
pirated	0.1861
perestroika	0.1860
plurals	0.1859
perversions	0.1858
perches	0.1856
P.T.	0.1855
psychopath	0.1855
preservice	0.1853
Protagoras	0.1851
phonetically	0.1849
primitivism	0.1849
Ph.D	0.1848
precipices	0.1843
propping	0.1841
plazas	0.1839
plinth	0.1839
pianists	0.1838
px	0.1836
pointy	0.1836
Provencal	0.1835
prefatory	0.1830
postmodernists	0.1829
Pruitt	0.1826
Paulsen	0.1826
perusing	0.1826
predilections	0.1826
parenthetically	0.1825
puddings	0.1825
perceptually	0.1821
potest	0.1819
Pearse	0.1819
pacifists	0.1818
Pritchett	0.1815
protean	0.1813
permittivity	0.1812
prongs	0.1812
privateer	0.1810
phantasy	0.1809
pasty	0.1807
policed	0.1807
perfecdy	0.1806
propter	0.1806
presentiment	0.1805
perpetrate	0.1805
panning	0.1805
perplexities	0.1804
Â£	0.1803
Plessy	0.1792
Pierpont	0.1790
physiologists	0.1790
pinpointed	0.1790
Pascual	0.1790
pecked	0.1788
parley	0.1787
pickups	0.1786
physic	0.1785
Platonists	0.1783
pastes	0.1782
PDR	0.1782
Prevost	0.1781
Paschal	0.1780
phenols	0.1779
Pincus	0.1778
psych	0.1775
parturition	0.1773
plat	0.1773
painterly	0.1773
presentational	0.1770
pesky	0.1770
publick	0.1769
Pauly	0.1767
purr	0.1765
practises	0.1764
peristalsis	0.1764
patrimonial	0.1762
proofing	0.1762
proline	0.1759
plodded	0.1755
pbk.	0.1754
polluters	0.1753
purine	0.1748
Phoenicia	0.1745
Pillsbury	0.1743
parachutes	0.1742
Pham	0.1742
prides	0.1742
pertussis	0.1741
publicists	0.1741
Pomona	0.1740
pled	0.1738
provocations	0.1737
polygamous	0.1735
promptness	0.1734
patties	0.1733
pierces	0.1733
Prem	0.1730
panelists	0.1730
pogrom	0.1730
pedigrees	0.1728
paroxysm	0.1727
Peebles	0.1726
phylum	0.1725
publicised	0.1723
priors	0.1723
pastels	0.1719
putt	0.1718
pacemakers	0.1715
pining	0.1714
psychosexual	0.1713
provable	0.1712
presente	0.1711
pumice	0.1711
piggy	0.1710
pouting	0.1708
possum	0.1704
picky	0.1704
protectively	0.1703
prancing	0.1702
plumbers	0.1697
preindustrial	0.1697
pudgy	0.1694
Paradiso	0.1693
panegyric	0.1692
persuasiveness	0.1691
pedestals	0.1691
paralyze	0.1690
procreative	0.1689
preordained	0.1686
piecing	0.1685
placidly	0.1683
perfused	0.1683
Polybius	0.1678
prolongs	0.1678
processional	0.1678
plaything	0.1677
pyjamas	0.1677
prance	0.1676
potting	0.1675
Parton	0.1674
particularized	0.1670
personne	0.1669
Punic	0.1668
profoundest	0.1667
pathophysiological	0.1665
py	0.1664
pivots	0.1664
plumed	0.1662
peremptorily	0.1661
philosophes	0.1660
putatively	0.1658
purveyor	0.1656
procurator	0.1656
polyvinyl	0.1654
peacemaker	0.1654
prodigies	0.1654
premiers	0.1652
perspectival	0.1650
philosophizing	0.1648
putrefaction	0.1647
propertied	0.1644
pinion	0.1644
portents	0.1644
postcolonialism	0.1643
perspiring	0.1639
personable	0.1638
piglets	0.1638
pretenses	0.1637
peripatetic	0.1636
pidgin	0.1636
popularization	0.1635
pastoralism	0.1634
partakers	0.1634
Parrott	0.1634
persecutor	0.1634
periscope	0.1631
penury	0.1629
purists	0.1628
Pau	0.1628
processual	0.1627
Pape	0.1624
preying	0.1622
posses	0.1621
photovoltaic	0.1617
presaged	0.1616
P.F.	0.1616
Peckham	0.1614
payday	0.1614
Pleiades	0.1612
personalised	0.1612
perennially	0.1610
perk	0.1609
paddies	0.1608
purposeless	0.1605
pensioner	0.1602
Prendergast	0.1602
politischen	0.1600
Prolegomena	0.1598
punks	0.1598
psychopaths	0.1596
panned	0.1596
Pasquale	0.1595
Petr	0.1593
pubertal	0.1593
perfidious	0.1591
Pattison	0.1588
pricking	0.1587
pimples	0.1586
prokaryotes	0.1585
P.N.	0.1581
plaintively	0.1580
peevish	0.1580
Pickford	0.1578
professorial	0.1578
proffer	0.1577
punctures	0.1577
PCM	0.1576
Pilkington	0.1574
paramedic	0.1574
Prichard	0.1573
proprioceptive	0.1572
ponders	0.1570
popularize	0.1570
privatised	0.1568
peyote	0.1567
Pawnee	0.1564
Parnassus	0.1564
proteolysis	0.1564
partridges	0.1557
pessimist	0.1557
paged	0.1551
Plexiglas	0.1550
penumbra	0.1550
presumptively	0.1548
proofread	0.1548
predicaments	0.1547
problemsolving	0.1547
pronunciations	0.1546
promptings	0.1546
pouted	0.1545
perimeters	0.1543
pillaging	0.1540
piously	0.1540
propre	0.1535
Petrov	0.1534
Putney	0.1529
Padma	0.1529
Pinocchio	0.1529
pediatricians	0.1528
punctually	0.1527
prospering	0.1524
previews	0.1522
planking	0.1521
Peeters	0.1517
peacefulness	0.1516
pored	0.1515
parodied	0.1514
Paredes	0.1513
piquant	0.1512
psychophysiological	0.1511
plentifully	0.1510
ploughs	0.1509
plaguing	0.1507
peerless	0.1506
Popkin	0.1504
partes	0.1504
ported	0.1502
paroled	0.1501
powering	0.1500
PFC	0.1499
playroom	0.1499
propranolol	0.1498
Perdue	0.1497
pelting	0.1494
Pequot	0.1494
polyacrylamide	0.1491
pales	0.1490
pullout	0.1490
Prinz	0.1487
pissing	0.1487
piteously	0.1486
pokes	0.1482
Pino	0.1480
printings	0.1478
puerile	0.1475
parotid	0.1474
potencies	0.1474
PSP	0.1472
plummeting	0.1472
prescience	0.1472
perquisites	0.1471
predominating	0.1467
polycarbonate	0.1466
pulsatile	0.1461
privatizing	0.1459
prospector	0.1458
populating	0.1458
pustules	0.1457
panelled	0.1456
prophesying	0.1455
publican	0.1454
previewing	0.1454
pretences	0.1453
perky	0.1450
periodization	0.1450
proteinuria	0.1450
Pappas	0.1450
phenomenally	0.1447
proteges	0.1446
patios	0.1441
playthings	0.1441
plainest	0.1440
poliomyelitis	0.1440
papyri	0.1439
pathologically	0.1439
pleasantness	0.1438
polluter	0.1437
Piscataway	0.1435
prokaryotic	0.1432
pensively	0.1427
paring	0.1427
prophetess	0.1426
puke	0.1425
profligacy	0.1424
plainness	0.1423
pretexts	0.1423
paresis	0.1422
Perrot	0.1422
psyches	0.1421
prowled	0.1421
primogeniture	0.1420
pontificate	0.1418
pleasanter	0.1417
purifies	0.1417
peals	0.1417
penitents	0.1416
pawing	0.1415
pretzels	0.1413
Prev	0.1412
prefects	0.1410
paymaster	0.1409
poultice	0.1409
promulgating	0.1406
pendent	0.1405
penises	0.1405
pedantry	0.1404
polices	0.1402
parkland	0.1401
Peake	0.1400
Padova	0.1400
plantains	0.1398
pretax	0.1396
perishes	0.1396
Puranas	0.1396
Perrault	0.1395
protrudes	0.1394
pollsters	0.1394
politicised	0.1391
pasturage	0.1386
purist	0.1385
publica	0.1384
Parthian	0.1384
Pollak	0.1384
pineapples	0.1382
Pusey	0.1379
proscenium	0.1379
prurient	0.1378
prefectures	0.1377
Perlmutter	0.1373
psychically	0.1373
pantaloons	0.1372
paroxysms	0.1370
prawn	0.1369
peephole	0.1369
pinches	0.1365
Platonist	0.1365
Psychologie	0.1362
prophesies	0.1360
pricks	0.1359
passerby	0.1359
Platz	0.1357
problema	0.1355
phlegmatic	0.1355
provisioned	0.1354
Polynesians	0.1352
Paladin	0.1351
preternatural	0.1350
poncho	0.1346
paean	0.1345
pessimists	0.1343
personifications	0.1342
pericardium	0.1342
pincers	0.1342
Purana	0.1341
Prieto	0.1341
Physik	0.1340
PSC	0.1339
paix	0.1339
pomegranates	0.1339
procreate	0.1338
plusieurs	0.1337
paleontology	0.1337
poder	0.1337
polychrome	0.1337
palmetto	0.1335
Pellegrini	0.1333
practicability	0.1333
personify	0.1332
preponderant	0.1329
Petro	0.1329
panicking	0.1329
presage	0.1329
prise	0.1328
porthole	0.1327
Poirier	0.1327
perverts	0.1326
proprieties	0.1324
phosphorescent	0.1321
propitiate	0.1320
potentate	0.1319
pitchfork	0.1319
pugnacious	0.1317
pagodas	0.1316
Paradis	0.1314
proneness	0.1314
pantheistic	0.1313
pagers	0.1313
pandering	0.1312
peristaltic	0.1312
Pederson	0.1310
pivoting	0.1309
Pellegrino	0.1308
Paderborn	0.1308
patrolman	0.1308
patentable	0.1306
PÃ©rez	0.1304
permissiveness	0.1302
Picador	0.1302
propitiation	0.1299
pruritus	0.1299
pleats	0.1296
Peruvians	0.1296
plotter	0.1295
pestering	0.1295
patroness	0.1294
palmar	0.1293
picaresque	0.1293
pestered	0.1293
penmanship	0.1293
parapets	0.1292
placeholders	0.1289
preeminently	0.1288
pertinence	0.1288
Phoebus	0.1288
pedagogies	0.1287
presupposing	0.1286
psychics	0.1285
potentiate	0.1285
practicum	0.1285
Padgett	0.1281
pickings	0.1279
Prager	0.1279
posttest	0.1278
pubescent	0.1278
Â®	0.1276
protozoan	0.1276
Pontus	0.1276
Pfister	0.1276
precariousness	0.1274
phosphor	0.1274
paves	0.1272
peacemakers	0.1272
perpetration	0.1271
pawed	0.1271
palatal	0.1269
peuple	0.1269
pusher	0.1268
pratique	0.1267
perceivable	0.1266
prophetically	0.1265
pupillary	0.1262
percussive	0.1262
pes	0.1261
Poughkeepsie	0.1258
pommel	0.1258
pronominal	0.1258
plucky	0.1257
panelling	0.1255
pelicans	0.1255
planing	0.1254
piu	0.1253
Pillai	0.1252
polytheistic	0.1249
Peugeot	0.1248
parishioner	0.1248
plenipotentiary	0.1246
problematics	0.1245
pajama	0.1245
patois	0.1243
pygmy	0.1242
presentday	0.1241
protrusions	0.1241
payouts	0.1240
premiership	0.1239
perceptively	0.1238
parried	0.1237
P5	0.1237
plop	0.1236
pretenders	0.1235
pillared	0.1231
prioritise	0.1231
pattem	0.1230
pram	0.1229
pennants	0.1229
Parvati	0.1225
Pharmacia	0.1222
Palacios	0.1221
philologist	0.1221
potentates	0.1219
panache	0.1218
perpetrating	0.1217
â– 	0.1217
portend	0.1215
prefigures	0.1214
pinpointing	0.1212
Plautus	0.1212
panoramas	0.1211
Parana	0.1210
phrenology	0.1210
pom	0.1209
preheated	0.1207
personifies	0.1207
premeditation	0.1203
parochialism	0.1201
profiteering	0.1196
provincialism	0.1196
Pepin	0.1195
pettiness	0.1194
pectin	0.1193
polyglot	0.1192
paleness	0.1190
parquet	0.1189
pranced	0.1188
premenopausal	0.1188
problematize	0.1187
piratical	0.1187
Passos	0.1186
P.V.	0.1185
parce	0.1181
pastas	0.1181
prodigiously	0.1180
palliation	0.1180
photosensitive	0.1177
plebeians	0.1175
policyholders	0.1173
patronising	0.1171
phagocytes	0.1170
Ï€	0.1169
peons	0.1168
possessiveness	0.1168
Provincetown	0.1167
parliamentarian	0.1167
petered	0.1166
Puma	0.1163
pined	0.1160
plies	0.1159
printable	0.1158
Phaidon	0.1158
paramour	0.1157
proscriptions	0.1156
pervasively	0.1155
preconception	0.1154
Phrygian	0.1154
proinflammatory	0.1153
postulation	0.1153
ple	0.1152
palimpsest	0.1149
poli	0.1146
Perrier	0.1146
pedagogue	0.1144
portmanteau	0.1144
Prins	0.1141
predawn	0.1141
Pythagoreans	0.1135
prattle	0.1135
premieres	0.1134
profaned	0.1133
patronised	0.1130
Petronius	0.1124
petrochemicals	0.1123
Parthians	0.1122
procrastinate	0.1120
Prada	0.1118
proscribe	0.1117
pilings	0.1116
Popeye	0.1114
peroxidation	0.1113
Philos	0.1113
pedaling	0.1113
pigtail	0.1112
Puente	0.1112
puis	0.1111
plait	0.1109
popularizing	0.1107
porpoises	0.1107
professionalized	0.1106
pinpoints	0.1106
polarizations	0.1104
Pentecostals	0.1103
Pauls	0.1102
PCT	0.1102
puede	0.1101
parler	0.1100
penciled	0.1100
payloads	0.1100
pharmacologically	0.1099
phantasm	0.1098
perfectibility	0.1097
publique	0.1095
provincials	0.1092
phenomenologically	0.1092
PPI	0.1091
poacher	0.1091
phalanges	0.1090
poetess	0.1090
Parkman	0.1089
Paternoster	0.1086
propound	0.1085
papered	0.1084
Pimlico	0.1084
putter	0.1083
placer	0.1082
picnicking	0.1082
periosteum	0.1080
punctilious	0.1078
petits	0.1077
prideful	0.1077
partaken	0.1077
pendulous	0.1075
plastering	0.1073
pansies	0.1070
proletarians	0.1070
prepackaged	0.1069
painlessly	0.1066
partway	0.1066
postsurgical	0.1066
pigtails	0.1065
p.3	0.1064
pris	0.1062
planed	0.1062
procedurally	0.1061
Pippa	0.1060
proprioception	0.1060
pylons	0.1058
problematized	0.1058
plunked	0.1057
penknife	0.1057
playtime	0.1055
premonitions	0.1052
Patmos	0.1049
payrolls	0.1049
pillowcase	0.1048
paunch	0.1046
prouder	0.1045
Portman	0.1045
p.2	0.1044
pummeled	0.1043
picketed	0.1043
Pearlman	0.1041
Pippin	0.1041
presto	0.1040
procures	0.1040
purgative	0.1038
papilloma	0.1038
pampering	0.1038
Plon	0.1038
populists	0.1037
pacifying	0.1036
preoperatively	0.1036
percolating	0.1036
peo	0.1034
ploys	0.1034
puncturing	0.1033
profanation	0.1032
peddled	0.1031
providentially	0.1031
panty	0.1030
Piotr	0.1029
Prov.	0.1028
Prakashan	0.1027
pluses	0.1027
pacifier	0.1027
popularised	0.1027
preverbal	0.1026
plaudits	0.1025
plaint	0.1024
proofreader	0.1022
pinky	0.1022
professedly	0.1021
purgation	0.1020
pocketing	0.1020
presendy	0.1019
presidencies	0.1018
peddle	0.1017
pillory	0.1016
primum	0.1015
pawned	0.1015
Pina	0.1014
primly	0.1014
Partha	0.1014
prudish	0.1013
pseudonymous	0.1013
palates	0.1013
porque	0.1011
punctuating	0.1011
pleurisy	0.1009
protuberance	0.1008
plasters	0.1007
postmarked	0.1007
perching	0.1007
Piraeus	0.1007
postmark	0.1003
Perle	0.1002
perplex	0.1000
predating	0.09998
prerecorded	0.09994
prodigality	0.09984
potpourri	0.09979
Presbyterianism	0.09954
psychologies	0.09912
purples	0.09875
passionless	0.09853
preening	0.09841
protÃ©gÃ©	0.09837
Promethean	0.09817
proximately	0.09803
placated	0.09795
Potemkin	0.09794
pullover	0.09785
politicisation	0.09781
putsch	0.09777
pastorate	0.09776
pushers	0.09775
pockmarked	0.09773
penetrations	0.09768
papist	0.09763
propagandistic	0.09754
Phaedo	0.09747
perdu	0.09735
philologists	0.09706
precipitately	0.09693
pestilential	0.09675
poisonings	0.09660
polysemy	0.09655
pleasantest	0.09635
P.I.	0.09630
phosphorescence	0.09610
pester	0.09587
poi	0.09571
penning	0.09557
prenuptial	0.09545
pickpockets	0.09533
photocopier	0.09532
petulance	0.09528
perturb	0.09526
pretreated	0.09523
politicking	0.09522
piggyback	0.09511
Presidente	0.09509
plaits	0.09495
p.4	0.09494
peroration	0.09486
PAH	0.09446
paramilitaries	0.09445
pictographs	0.09423
Palladian	0.09421
Pollux	0.09418
Palatinate	0.09413
promiscuously	0.09409
prettiness	0.09402
Phil.	0.09394
puller	0.09383
poolside	0.09376
perfects	0.09374
pinions	0.09373
palanquin	0.09335
pickling	0.09325
penetrative	0.09316
pander	0.09314
passeth	0.09311
pleasantry	0.09296
ProQuest	0.09296
prendre	0.09287
perforating	0.09282
peed	0.09276
pollinated	0.09270
Pott	0.09244
preparer	0.09228
polythene	0.09220
penalizing	0.09214
pensee	0.09205
percents	0.09189
postprandial	0.09187
Pavlovian	0.09159
peonies	0.09142
pistachio	0.09138
prioritised	0.09117
Plessis	0.09104
pomposity	0.09092
percolate	0.09086
precocity	0.09080
polarize	0.09079
portends	0.09066
pug	0.09061
Posen	0.09052
Pharma	0.09052
preprogrammed	0.09045
prospers	0.09044
persistency	0.09038
palpate	0.09037
Phillipe	0.09037
Pearsall	0.09030
Pliocene	0.09027
Phan	0.09006
politicos	0.08997
publicans	0.08981
Polytechnique	0.08977
Pilates	0.08964
prickled	0.08943
pilfering	0.08932
pincer	0.08928
prayerfully	0.08927
Poesie	0.08924
porting	0.08909
prerevolutionary	0.08887
paraplegia	0.08880
Palme	0.08879
Pickard	0.08855
platitude	0.08854
personalizing	0.08852
photogenic	0.08850
polymorphous	0.08842
Posey	0.08837
poorhouse	0.08831
predicative	0.08821
PMA	0.08817
Penner	0.08799
penances	0.08795
Plowman	0.08791
pepperoni	0.08788
pundit	0.08780
preoccupy	0.08777
pamper	0.08773
puja	0.08770
polymerized	0.08750
prespecified	0.08731
preestablished	0.08718
protectiveness	0.08716
Pieta	0.08703
puss	0.08675
pedaled	0.08666
parsnips	0.08665
particularist	0.08665
Pym	0.08657
portholes	0.08654
palmed	0.08640
perspicuous	0.08618
peppercorns	0.08614
preselected	0.08612
pinball	0.08591
pardonable	0.08575
Pierrot	0.08565
pathognomonic	0.08555
perspicacity	0.08542
Polonius	0.08538
prothrombin	0.08525
piecework	0.08522
Phrygia	0.08513
permissibility	0.08508
principes	0.08508
podcasts	0.08498
protestation	0.08492
poo	0.08488
â„¢	0.08486
Parkhurst	0.08485
posi	0.08465
propitiated	0.08460
promptitude	0.08458
post-9/11	0.08456
policewoman	0.08445
portant	0.08429
Pty.	0.08425
placating	0.08424
Peet	0.08424
philosophize	0.08418
prominences	0.08398
proselytes	0.08395
pedagogically	0.08392
plumped	0.08368
pleadingly	0.08363
proboscis	0.08356
parasols	0.08349
polyvalent	0.08290
pansy	0.08283
phenotypically	0.08277
prefigure	0.08277
pantyhose	0.08270
pursing	0.08250
plucks	0.08239
postindependence	0.08230
preys	0.08228
purser	0.08213
polycyclic	0.08198
phylogenetically	0.08189
PricewaterhouseCoopers	0.08180
Parekh	0.08179
pegging	0.08175
peppery	0.08173
playin	0.08172
preschooler	0.08142
pampas	0.08130
prostituted	0.08120
puppeteer	0.08120
Â»	0.08119
pictorially	0.08115
pp.1	0.08100
prognoses	0.08083
pany	0.08083
preprinted	0.08047
problematizes	0.08033
powwow	0.08015
Peltier	0.07995
pronto	0.07992
paparazzi	0.07987
portended	0.07977
proffering	0.07956
policymaker	0.07948
porno	0.07945
preconscious	0.07944
prepped	0.07936
pickpocket	0.07931
paling	0.07922
promenades	0.07918
pimple	0.07917
parachuted	0.07917
problematically	0.07914
Permanente	0.07904
Papadopoulos	0.07894
pianoforte	0.07884
pasteurized	0.07877
paperless	0.07867
parodying	0.07854
pardoning	0.07849
painkiller	0.07828
pylon	0.07823
pedant	0.07813
partied	0.07812
plagiarized	0.07811
peon	0.07805
proffers	0.07803
Pamplona	0.07795
profiteers	0.07792
partout	0.07775
Pfaff	0.07774
planetarium	0.07773
plod	0.07773
punning	0.07768
perjured	0.07768
peeing	0.07757
pyrotechnics	0.07736
pattering	0.07735
professorships	0.07732
propinquity	0.07725
phoney	0.07719
pasteboard	0.07716
preload	0.07712
previewed	0.07710
prioritizes	0.07705
parses	0.07691
pips	0.07672
paterfamilias	0.07671
phantasmagoria	0.07654
petulantly	0.07638
popup	0.07633
pocketknife	0.07631
pulpy	0.07630
phantasms	0.07627
Pabst	0.07610
pothole	0.07596
paddocks	0.07590
pealed	0.07576
pilloried	0.07565
publicise	0.07560
pebbly	0.07558
prin	0.07540
peuvent	0.07536
proselytize	0.07532
pertinently	0.07530
prude	0.07525
pallbearers	0.07525
perspire	0.07524
placebos	0.07521
Panchsheel	0.07510
palpitating	0.07504
preplanned	0.07503
paraplegic	0.07496
potently	0.07488
premonitory	0.07472
percolated	0.07460
propounding	0.07453
Parisi	0.07445
preadolescent	0.07442
ploughman	0.07430
palpitation	0.07428
Pekin	0.07425
physiotherapist	0.07422
productiveness	0.07421
preempts	0.07395
postpones	0.07383
Patil	0.07359
premisses	0.07343
pathbreaking	0.07332
puissance	0.07330
purebred	0.07323
Â«	0.07312
pepsin	0.07297
pilfered	0.07293
preciousness	0.07278
Pimentel	0.07275
Pomerania	0.07239
Proclus	0.07232
Paoli	0.07221
pression	0.07205
precis	0.07195
phospholipase	0.07194
protuberances	0.07189
piercings	0.07186
Perceval	0.07179
pamphleteer	0.07170
propulsive	0.07169
pompously	0.07164
playpen	0.07160
plumbed	0.07159
politicize	0.07141
percepts	0.07129
paleontologist	0.07123
Prot	0.07096
pleasingly	0.07087
pariahs	0.07077
Paxil	0.07065
paperweight	0.07043
prolix	0.07041
paralysing	0.07030
parlours	0.07011
pocked	0.07010
padlocked	0.07004
presages	0.07003
papery	0.07001
pastureland	0.06998
proverbially	0.06991
pauperism	0.06991
preservers	0.06990
porcupines	0.06989
Pisano	0.06979
protester	0.06963
picturesquely	0.06931
perverting	0.06919
prevarication	0.06919
paratrooper	0.06918
pathogenicity	0.06912
parceled	0.06911
peninsulas	0.06900
podcast	0.06888
pushover	0.06879
Purim	0.06862
pedophile	0.06858
physiques	0.06821
PTR	0.06819
Pagano	0.06811
perfunctorily	0.06787
poesy	0.06779
propriÃ©tÃ©	0.06773
pieties	0.06763
palest	0.06744
psychopathological	0.06719
presbyter	0.06718
pities	0.06716
prickle	0.06714
paradigmatically	0.06714
Phew	0.06708
picturesqueness	0.06701
prac	0.06699
pedophilia	0.06678
phenobarbital	0.06677
preteen	0.06673
porpoise	0.06644
pollutes	0.06638
penalised	0.06638
Perron	0.06633
permettant	0.06632
pouncing	0.06619
prognostications	0.06616
Plantagenet	0.06613
provocateur	0.06610
Padstow	0.06607
ponderously	0.06606
pathophysiologic	0.06595
prognostication	0.06584
penalizes	0.06579
pita	0.06566
paralyzes	0.06565
provisos	0.06559
plainclothes	0.06544
pawnbroker	0.06534
prissy	0.06532
pontoons	0.06530
photographically	0.06507
palliate	0.06502
populates	0.06499
paralyse	0.06490
pucker	0.06486
personifying	0.06483
polishes	0.06480
Panza	0.06476
pejoratively	0.06469
parle	0.06463
Patricio	0.06460
prised	0.06458
Perspektiven	0.06445
promo	0.06443
pretzel	0.06413
Pahlavi	0.06402
protectorates	0.06399
patrolmen	0.06399
punto	0.06368
perturbing	0.06364
pares	0.06363
proscribing	0.06363
perse	0.06352
pillowcases	0.06340
p.5	0.06338
P6	0.06326
prods	0.06326
prudery	0.06323
pillbox	0.06311
pardy	0.06294
primroses	0.06292
parchments	0.06270
polycrystalline	0.06269
purloined	0.06266
privÃ©e	0.06257
pawnshop	0.06250
pygmies	0.06245
Preuss	0.06240
politicizing	0.06239
procrastinating	0.06235
pocketbooks	0.06232
pixie	0.06224
prepubescent	0.06223
porticoes	0.06223
Pascale	0.06220
proconsul	0.06216
Palmas	0.06207
paragons	0.06189
peregrinations	0.06185
Poznan	0.06185
philandering	0.06171
peeps	0.06168
pedophiles	0.06163
prolifically	0.06157
publishable	0.06153
purifier	0.06144
poach	0.06143
prefiguring	0.06142
partem	0.06132
purposefulness	0.06123
predetermine	0.06113
Ï†	0.06112
Playa	0.06108
parlayed	0.06094
pencilled	0.06080
Patrimoine	0.06077
pense	0.06043
Pfeifer	0.06028
prostrating	0.06027
Parra	0.06015
pentameter	0.06007
pigsty	0.05996
Phidias	0.05988
princeps	0.05972
preludes	0.05953
parlous	0.05952
pinprick	0.05951
polymath	0.05949
Pentland	0.05947
PKI	0.05929
PlayStation	0.05918
Picayune	0.05897
parricide	0.05871
peeved	0.05868
prioritising	0.05862
potluck	0.05860
parmi	0.05853
problematizing	0.05849
Poulsen	0.05841
P.O.Box	0.05816
pon	0.05811
PrenticeHall	0.05804
prejudge	0.05803
prickles	0.05796
postrevolutionary	0.05794
principio	0.05788
positionality	0.05783
pyrophosphate	0.05777
pertinacity	0.05766
promontories	0.05749
prefacing	0.05727
phial	0.05723
p.1	0.05714
parasitical	0.05707
peeks	0.05691
perseveres	0.05670
premiÃ¨re	0.05649
prompter	0.05619
populi	0.05618
profounder	0.05616
Powhatan	0.05615
paternalist	0.05596
preempting	0.05545
proliferates	0.05542
pummeling	0.05536
parentis	0.05535
propounds	0.05534
prospectuses	0.05518
padres	0.05516
palaver	0.05509
Peralta	0.05502
percept	0.05500
palsied	0.05485
partaker	0.05474
Pyrrhic	0.05474
perspicacious	0.05472
plunderers	0.05462
PhDs	0.05451
Popham	0.05446
Pollyanna	0.05442
produc	0.05436
prig	0.05434
propagator	0.05432
pseudoscientific	0.05431
publier	0.05425
prickling	0.05417
pestilent	0.05407
privies	0.05398
pealing	0.05380
parakeet	0.05374
prankster	0.05363
pinkie	0.05353
paned	0.05340
prosaically	0.05334
prÃªter	0.05293
polemicist	0.05282
preexistent	0.05268
Poon	0.05266
pretentiousness	0.05264
perforate	0.05263
piglet	0.05253
pyridine	0.05252
punctuates	0.05247
Pshaw	0.05246
Ph.D.s	0.05245
pock	0.05243
pantomimes	0.05226
provocateurs	0.05218
polymorphonuclear	0.05208
PHS	0.05206
potentiates	0.05190
PMLA	0.05182
punters	0.05180
preliminarily	0.05171
prepossessing	0.05164
Potosi	0.05138
Poindexter	0.05120
proposer	0.05116
possessively	0.05108
peppering	0.05095
presaging	0.05079
powerhouses	0.05078
pantsuit	0.05072
peopling	0.05063
particulier	0.05052
Pennsylvanian	0.05049
Prato	0.05042
protÃ¨ge	0.05041
Payson	0.05005
poof	0.05002
preternaturally	0.04997
plein	0.04995
perceptiveness	0.04989
pureed	0.04984
Panchayat	0.04967
prohibitory	0.04966
p.6	0.04959
purdah	0.04958
profitless	0.04940
plover	0.04936
puissant	0.04934
pitchforks	0.04920
processus	0.04918
pungency	0.04917
proteomic	0.04917
pedagogues	0.04911
Pendennis	0.04909
pecks	0.04908
preschools	0.04894
pitilessly	0.04860
puttin	0.04856
propitiatory	0.04849
peradventure	0.04826
Polak	0.04824
puttering	0.04821
perspicuity	0.04821
p.7	0.04815
particu	0.04811
Picts	0.04807
petunias	0.04804
passant	0.04795
pinioned	0.04785
peine	0.04784
pummel	0.04782
Prentiss	0.04764
Probst	0.04758
phaeton	0.04739
pisses	0.04736
plutocracy	0.04726
projet	0.04725
preparative	0.04720
profes	0.04713
possi	0.04712
presbyters	0.04711
preemptively	0.04704
parachuting	0.04695
pebbled	0.04686
Phillis	0.04685
profiler	0.04683
puking	0.04669
plopping	0.04662
poultices	0.04630
parvenu	0.04626
proslavery	0.04625
param	0.04602
pirouette	0.04599
parlay	0.04596
potbellied	0.04579
prosthetics	0.04573
plummets	0.04560
Picardy	0.04552
Panasonic	0.04548
prejudicing	0.04545
Pharos	0.04539
pollster	0.04537
pathless	0.04520
puckering	0.04498
Pradhan	0.04492
Parsifal	0.04489
Pacifica	0.04479
paracetamol	0.04470
peevishly	0.04458
plighted	0.04419
polychlorinated	0.04403
Pratap	0.04377
parcelled	0.04359
Paganini	0.04340
proces	0.04335
plaisir	0.04318
preened	0.04315
placidity	0.04304
pressurised	0.04287
pleasurably	0.04261
pulsate	0.04252
prioritisation	0.04250
pleader	0.04225
poodles	0.04220
photocopiers	0.04163
periwinkle	0.04159
pinpricks	0.04153
permanganate	0.04146
propagators	0.04142
pseudoscience	0.04141
Pompadour	0.04125
proselyte	0.04113
purposively	0.04113
pillowed	0.04113
Palumbo	0.04110
pyrimidine	0.04108
Philander	0.04068
PMT	0.04067
pipers	0.04063
Preece	0.04059
pusillanimous	0.04053
Pascoe	0.04050
publico	0.04028
pattered	0.04022
pigeonhole	0.04013
Perera	0.04011
pyres	0.04001
pellucid	0.03997
proprio	0.03992
plenteous	0.03991
piquancy	0.03988
patentee	0.03984
playbook	0.03978
psyched	0.03977
pedlar	0.03971
pullers	0.03952
prattling	0.03945
punchy	0.03931
pessimistically	0.03912
paintwork	0.03906
pediments	0.03899
percolates	0.03898
pizzeria	0.03893
prorated	0.03893
provender	0.03888
Plasmodium	0.03887
pietistic	0.03874
promulgates	0.03868
pizzazz	0.03868
Pancras	0.03859
Parham	0.03858
paintbrushes	0.03858
presciently	0.03841
pastured	0.03833
prepping	0.03831
probabilistically	0.03827
PST	0.03818
popula	0.03817
pendency	0.03811
proteinase	0.03795
phy	0.03780
Porfirio	0.03774
parroting	0.03765
pottage	0.03765
PMI	0.03745
pesto	0.03731
pinging	0.03720
polycentric	0.03717
proscribes	0.03716
p.l	0.03716
PhotoDisc	0.03692
pincushion	0.03688
preachy	0.03679
personnes	0.03678
pointlessly	0.03674
pharmacopoeia	0.03660
pigeonholed	0.03659
playwriting	0.03658
pel	0.03655
partings	0.03643
Programa	0.03633
Payot	0.03629
prius	0.03626
proprietorships	0.03596
pandemics	0.03585
Penzance	0.03568
passÃ©	0.03562
penetrable	0.03557
Pyrrhus	0.03549
pliability	0.03538
privity	0.03533
partum	0.03526
presque	0.03509
patronise	0.03508
psy	0.03508
preppy	0.03505
perp	0.03503
Ptolemies	0.03496
PUF	0.03492
poore	0.03491
Pieper	0.03464
pneumococcal	0.03454
penetrance	0.03437
Parsi	0.03408
Pelosi	0.03408
peony	0.03404
Persepolis	0.03399
Princesse	0.03397
penurious	0.03392
propositioned	0.03388
palfrey	0.03376
pulverize	0.03363
pouty	0.03350
patronymic	0.03349
prolixity	0.03322
Pathak	0.03318
perverseness	0.03310
Potiphar	0.03277
pasteurization	0.03276
profanities	0.03275
Poggio	0.03265
partic	0.03264
paeans	0.03259
Polycarp	0.03257
polemically	0.03253
pocus	0.03251
pantries	0.03241
proselytism	0.03232
pityingly	0.03229
p.8	0.03225
puked	0.03220
prehensile	0.03216
pinstripe	0.03215
Purkinje	0.03208
preposterously	0.03179
piercingly	0.03172
progressiveness	0.03166
PRA	0.03165
Pisani	0.03160
primitiveness	0.03159
panegyrics	0.03155
pupa	0.03152
p.9	0.03149
purveyed	0.03140
padlocks	0.03125
protectress	0.03121
Petre	0.03112
procrastinated	0.03112
patronizingly	0.03112
Pera	0.03112
pedants	0.03109
postern	0.03106
paunchy	0.03102
phantasies	0.03093
pyrite	0.03085
persimmon	0.03074
prevision	0.03061
patriotically	0.03047
Philosophia	0.03021
prosperously	0.03012
pensioned	0.02992
pinnace	0.02991
pedicure	0.02990
paternally	0.02978
plete	0.02975
pyrotechnic	0.02969
Pitkin	0.02968
protractor	0.02961
paleontologists	0.02955
pertinacious	0.02951
prattled	0.02942
Pomfret	0.02940
pointlessness	0.02937
priestcraft	0.02924
presentiments	0.02922
pinafore	0.02921
praetor	0.02921
premiss	0.02921
posttreatment	0.02917
phthisis	0.02908
psychotherapies	0.02907
prion	0.02900
pletely	0.02894
Perdita	0.02894
prepossessions	0.02882
proteinaceous	0.02880
penitentiaries	0.02834
partygoers	0.02833
prowls	0.02832
Prynne	0.02828
parrying	0.02811
photodiode	0.02801
protegee	0.02799
pendulums	0.02796
proofed	0.02795
poled	0.02791
possibles	0.02784
peachy	0.02783
philosophique	0.02769
protuberant	0.02761
pass'd	0.02740
pollinate	0.02711
pulsated	0.02709
pone	0.02708
pleasuring	0.02702
popu	0.02687
peur	0.02681
percha	0.02674
prizefighter	0.02671
peccadilloes	0.02670
Prat	0.02654
paroles	0.02650
pourrait	0.02637
Paik	0.02628
psychoanalytically	0.02618
Poppins	0.02607
prompdy	0.02604
pected	0.02596
p.m	0.02588
procurable	0.02585
Piedmontese	0.02579
particularize	0.02579
Pacha	0.02576
passably	0.02565
puddled	0.02562
pica	0.02561
plateaux	0.02549
prophylactically	0.02548
prenatally	0.02544
Patroclus	0.02534
Phila	0.02531
pourquoi	0.02529
playable	0.02524
pistachios	0.02519
papilla	0.02504
popularise	0.02497
pooch	0.02494
peared	0.02483
paradises	0.02480
pugnacity	0.02477
politi	0.02470
pimply	0.02467
potentiated	0.02467
palings	0.02466
parroted	0.02463
Paducah	0.02445
Proudhon	0.02444
Perelman	0.02438
preceeding	0.02433
phe	0.02427
preloaded	0.02426
pickaxe	0.02418
pyrites	0.02414
priggish	0.02406
plaiting	0.02402
poser	0.02399
pasturing	0.02390
privateering	0.02377
positiveness	0.02374
Prout	0.02371
pho	0.02367
pinstriped	0.02364
pened	0.02361
Philadelphians	0.02357
Parlement	0.02353
planked	0.02352
portcullis	0.02345
pistil	0.02345
promenading	0.02343
Parishad	0.02343
pusillanimity	0.02342
penser	0.02340
prate	0.02339
pilfer	0.02327
pandered	0.02312
plateful	0.02311
peroxides	0.02293
preen	0.02293
pinged	0.02292
perfectionists	0.02289
PubMed	0.02284
phonic	0.02283
pamphleteers	0.02281
pleaser	0.02280
purty	0.02274
plumpness	0.02273
pneumonitis	0.02266
pince	0.02253
Palaeolithic	0.02249
pigmy	0.02246
pollutions	0.02241
Pressman	0.02237
Popsicle	0.02225
Pestalozzi	0.02193
pÃ¨re	0.02183
Populus	0.02176
Pineda	0.02166
PPD	0.02154
prostituting	0.02150
Pernambuco	0.02148
Pella	0.02144
ponchos	0.02143
pimping	0.02136
populaire	0.02130
palmy	0.02130
plunk	0.02122
professionalize	0.02119
Prunus	0.02119
ppb	0.02115
plenipotentiaries	0.02110
piccolo	0.02102
phantasmagoric	0.02082
Playfair	0.02073
privet	0.02072
potsherds	0.02063
Ponsonby	0.02063
Psychophysiology	0.02061
Penobscot	0.02045
presumptuously	0.02038
photostat	0.02036
Proserpine	0.02028
panaceas	0.02015
praetorian	0.02013
Procopius	0.02011
Perugino	0.01993
postilion	0.01980
pithily	0.01971
perseveringly	0.01966
Palestrina	0.01959
PTT	0.01957
plex	0.01956
Pitti	0.01949
plebs	0.01923
permis	0.01921
parly	0.01914
putrefying	0.01904
panniers	0.01901
psalmody	0.01896
pirating	0.01887
Pelagius	0.01878
Pitcairn	0.01874
prophetical	0.01872
physi	0.01870
piastres	0.01870
paradisiacal	0.01860
Perthshire	0.01854
proprietress	0.01853
Picton	0.01848
pyloric	0.01848
Penfield	0.01843
preponderating	0.01842
playacting	0.01841
psychodynamics	0.01840
parterre	0.01839
Pennell	0.01830
Paulinus	0.01829
Parthia	0.01823
Plantin	0.01819
participial	0.01811
pervious	0.01807
Passy	0.01806
PKC	0.01806
publio	0.01806
prosy	0.01803
Pateman	0.01800
piebald	0.01795
Palladio	0.01793
piazzas	0.01793
perquisite	0.01791
powdering	0.01790
palliatives	0.01786
plovers	0.01785
petites	0.01783
puir	0.01777
pedlars	0.01772
primetime	0.01771
perpendiculars	0.01768
ploughshare	0.01767
porticos	0.01764
pitchy	0.01762
perivascular	0.01761
Pacifico	0.01759
poisoner	0.01756
prows	0.01752
psychoeducational	0.01732
Poitou	0.01711
Peleus	0.01711
pugilist	0.01711
persecutes	0.01691
palled	0.01682
Pittsfield	0.01677
principales	0.01671
Pinkney	0.01670
parries	0.01669
Peleg	0.01660
paracrine	0.01654
prithee	0.01648
plaints	0.01640
provokingly	0.01639
pensÃ©e	0.01628
prowler	0.01626
peevishness	0.01615
protract	0.01612
Phillipson	0.01610
pickerel	0.01605
pestiferous	0.01597
Pulteney	0.01596
possums	0.01595
puerperal	0.01588
pericarditis	0.01588
posies	0.01583
pooped	0.01582
postmasters	0.01575
passu	0.01568
philanderer	0.01557
Palos	0.01551
Peloponnesus	0.01549
Piacenza	0.01547
pickin	0.01542
postoffice	0.01540
primi	0.01524
Paraclete	0.01517
Purgatorio	0.01511
plash	0.01508
Partington	0.01507
pomps	0.01498
pleasandy	0.01495
Penrith	0.01493
perplexes	0.01490
pickaxes	0.01490
pratiques	0.01487
poste	0.01485
purblind	0.01483
prorogued	0.01471
Puy	0.01469
potentia	0.01463
Pharisaic	0.01458
Publikum	0.01458
possit	0.01451
precociously	0.01450
pnt	0.01449
preambles	0.01446
ptarmigan	0.01441
preoccupies	0.01430
Publikation	0.01419
podge	0.01416
proportionably	0.01412
pretty7	0.01411
poniard	0.01404
precipitant	0.01400
preachings	0.01382
poohed	0.01375
purrs	0.01375
patrie	0.01371
peculation	0.01369
pulverizing	0.01367
pergola	0.01362
Popolo	0.01360
parallelograms	0.01356
pottering	0.01354
primitively	0.01351
PayPal	0.01350
pistoles	0.01344
pistils	0.01335
pertinaciously	0.01331
Pontifex	0.01330
parkas	0.01325
proctors	0.01324
portentously	0.01324
playfellow	0.01321
peonage	0.01321
purgatives	0.01317
probationers	0.01316
plutocrats	0.01314
purlieus	0.01313
party7	0.01312
pettishly	0.01308
Peele	0.01305
paralyses	0.01301
Prideaux	0.01293
Pollio	0.01293
pura	0.01282
purpurea	0.01282
Pontchartrain	0.01282
prebendary	0.01279
Polyphemus	0.01276
poky	0.01274
pitiably	0.01274
pleaseth	0.01271
peaty	0.01271
privily	0.01269
Poetica	0.01265
Praxiteles	0.01260
parching	0.01256
polysemic	0.01254
pauvre	0.01254
protoplasmic	0.01254
plats	0.01251
prepossession	0.01251
pontiffs	0.01247
patiendy	0.01243
Penna	0.01238
Plainfield	0.01238
passiveness	0.01236
promotive	0.01229
punctiliously	0.01227
PL6	0.01226
perfectness	0.01224
Prater	0.01221
potations	0.01220
Â°	0.01219
Pelagian	0.01218
probationer	0.01215
Peary	0.01214
Parsee	0.01214
pard	0.01207
paymasters	0.01199
Pyramus	0.01190
PLoS	0.01190
Pompeian	0.01183
Patagonian	0.01183
providences	0.01183
proach	0.01181
Pennsylvanians	0.01176
protectionists	0.01175
prating	0.01175
pelisse	0.01173
preferments	0.01170
perspired	0.01166
Pembrokeshire	0.01165
publicising	0.01164
perfumery	0.01162
peristyle	0.01162
polenta	0.01157
precentor	0.01149
Passmore	0.01148
pow'r	0.01146
pardner	0.01137
plained	0.01137
pullets	0.01135
philosophe	0.01133
Paphos	0.01133
preconcerted	0.01133
patentees	0.01132
pieds	0.01132
playhouses	0.01130
proceedeth	0.01127
produit	0.01127
prologues	0.01121
perfor	0.01113
portioned	0.01109
parterres	0.01105
physiotherapists	0.01102
pikemen	0.01094
Pisgah	0.01090
Pythian	0.01089
profanely	0.01088
possunt	0.01087
pleasured	0.01083
Pervez	0.01083
Passaic	0.01083
proportionable	0.01083
perambulator	0.01081
Pneumocystis	0.01078
plethoric	0.01077
proportioning	0.01067
precipitancy	0.01065
Poulton	0.01064
piquet	0.01063
paddlers	0.01062
prorogation	0.01050
Pythias	0.01049
prepossessed	0.01048
periwig	0.01047
poling	0.01047
preceptors	0.01046
personate	0.01046
putteth	0.01045
preponderate	0.01039
partici	0.01037
prest	0.01032
postponements	0.01031
profaneness	0.01030
playgoers	0.01028
prefixing	0.01025
pelf	0.01016
potteries	0.01012
pillion	0.01007
Plantes	0.01005
pinhead	0.01004
portages	0.01001
plaids	0.009982
profaning	0.009976
pag	0.009964
purposing	0.009942
predicable	0.009906
Portobello	0.009888
primaeval	0.009888
pupae	0.009886
Pomeranian	0.009881
posy	0.009879
phosphodiesterase	0.009857
pulseless	0.009856
pigmies	0.009836
pentagonal	0.009793
Pacino	0.009771
pennons	0.009753
Parsees	0.009733
peerages	0.009661
professionalisation	0.009648
Philologie	0.009576
Plattform	0.009567
puisse	0.009558
poising	0.009545
plana	0.009522
pawning	0.009520
Parian	0.009513
purgatorial	0.009504
Parisienne	0.009500
pilotage	0.009481
provincia	0.009450
pigeonholes	0.009448
postillion	0.009443
Petersburgh	0.009380
pabulum	0.009343
pugilistic	0.009324
pastorals	0.009280
Persius	0.009248
pref	0.009196
plication	0.009165
Pentonville	0.009165
parsnip	0.009151
ploughmen	0.009136
potius	0.009129
Plantagenets	0.009125
payed	0.009093
pennyworth	0.009084
personated	0.009084
phials	0.009060
populo	0.009051
partialities	0.009028
peats	0.009017
postilions	0.009010
Pusan	0.009008
petrel	0.008959
prÃ¤sentieren	0.008907
partizans	0.008797
pleaders	0.008763
pantomimic	0.008745
phyla	0.008671
proficiently	0.008667
Perigord	0.008635
play'd	0.008611
pestilences	0.008588
prelacy	0.008573
pontificating	0.008530
permanendy	0.008474
prostrations	0.008442
Picot	0.008408
prisoned	0.008406
pennon	0.008402
priesthoods	0.008391
Pharsalia	0.008386
phosphatases	0.008377
placarded	0.008343
plena	0.008334
phlox	0.008285
prolongations	0.008276
ploughshares	0.008245
phosphatidylinositol	0.008171
PARC	0.008164
plashing	0.008162
predeceased	0.008128
piracies	0.008103
Pleasantville	0.008083
producible	0.008052
politest	0.008047
poltroon	0.007996
pocketful	0.007996
prognostics	0.007978
papering	0.007971
Pathan	0.007966
prussic	0.007960
platted	0.007948
purifications	0.007915
pings	0.007913
pulping	0.007892
Papuan	0.007857
placet	0.007836
pluralities	0.007834
plaoe	0.007829
participator	0.007814
propitiating	0.007814
plasm	0.007800
pliancy	0.007776
personation	0.007771
pollinating	0.007735
portieres	0.007715
porcelains	0.007697
p'raps	0.007686
Postfach	0.007672
phrenological	0.007630
pdfs	0.007619
personam	0.007616
pietism	0.007607
presumable	0.007605
playfellows	0.007554
Pharoah	0.007502
punctilio	0.007482
Perspect	0.007470
predestinated	0.007461
PAOB	0.007437
premising	0.007428
participators	0.007407
Philadelphian	0.007392
pics	0.007369
payin	0.007353
precedency	0.007336
ponderable	0.007331
penitently	0.007325
punts	0.007306
periphrasis	0.007297
pigskin	0.007282
prowlers	0.007252
ployed	0.007243
pulverised	0.007232
parings	0.007223
pates	0.007206
perjure	0.007178
persimmons	0.007160
purling	0.007151
Philomel	0.007140
pasties	0.007118
pullet	0.007114
Pelion	0.007111
portiere	0.007107
pretentions	0.007075
pinafores	0.007062
personalty	0.007057
penman	0.007053
prefab	0.007028
pensiveness	0.007026
portmanteaus	0.007017
plaee	0.007004
pyridoxine	0.007003
parallelisms	0.006999
parakeets	0.006990
prospected	0.006986
partizan	0.006974
Pharisaism	0.006907
procurer	0.006884
prayeth	0.006882
prandial	0.006846
pantheist	0.006822
protÃ©gÃ©s	0.006819
palls	0.006815
posset	0.006808
percipient	0.006797
preexistence	0.006768
plutocratic	0.006766
pertly	0.006761
palliated	0.006750
palanquins	0.006727
plasterer	0.006725
primera	0.006705
phantasmal	0.006701
prÃ¨s	0.006665
phylacteries	0.006658
postmen	0.006656
Penates	0.006656
pawnbrokers	0.006638
prepubertal	0.006637
Poictiers	0.006617
pureness	0.006591
Prabhu	0.006590
philanthropies	0.006573
purchasable	0.006568
prodigals	0.006563
potestas	0.006510
presentments	0.006467
ped	0.006463
preventives	0.006449
pated	0.006373
Platon	0.006362
Puffin	0.006362
personating	0.006357
prosecutes	0.006344
p.21	0.006335
plunderer	0.006334
promenaded	0.006317
puddling	0.006314
potuit	0.006310
petard	0.006303
preoccupying	0.006303
palely	0.006288
preciseness	0.006263
plagiarist	0.006252
peelings	0.006252
pussies	0.006242
pluribus	0.006238
pecuniarily	0.006148
prevaricate	0.006146
puncher	0.006139
phrenologist	0.006132
polysyllabic	0.006108
passel	0.006097
parleying	0.006096
placable	0.006077
predetermination	0.006070
pestles	0.006065
petrifaction	0.006052
painfulness	0.006049
prejudicially	0.006047
pourtrayed	0.006020
pleas'd	0.006018
publichouse	0.005986
pounces	0.005977
profiteth	0.005957
palsies	0.005951
physiognomies	0.005946
perience	0.005933
plowshares	0.005892
poisoners	0.005854
persiflage	0.005850
physiognomist	0.005843
pressingly	0.005838
perambulations	0.005789
pettish	0.005782
palpitated	0.005782
perforin	0.005776
priding	0.005776
palming	0.005773
patriae	0.005771
perambulating	0.005756
Pelikan	0.005738
preponderates	0.005722
principium	0.005713
pother	0.005697
Pisan	0.005697
palmistry	0.005695
pullin	0.005684
prognosticate	0.005661
promenaders	0.005655
preproduction	0.005648
plods	0.005643
prizing	0.005601
pettifogging	0.005594
picnickers	0.005589
petrifying	0.005582
phalanxes	0.005491
putrefy	0.005486
prie	0.005459
perambulation	0.005457
papas	0.005445
prostrates	0.005443
plasterers	0.005439
property7	0.005432
plumper	0.005414
poeta	0.005414
plagiarizing	0.005351
profligates	0.005342
pattens	0.005340
puling	0.005327
physicals	0.005313
premixed	0.005293
perishables	0.005288
perjurer	0.005243
Peto	0.005221
pragmatical	0.005215
phonographs	0.005194
plaine	0.005154
pu2zled	0.005145
pluming	0.005136
prognosticated	0.005136
plumping	0.005122
Procrustean	0.005109
preconfigured	0.005084
puer	0.005068
pugilists	0.005059
Pullen	0.005042
pomatum	0.005035
prejudged	0.005035
perfumer	0.005012
princi	0.004986
proprietorial	0.004985
portending	0.004965
perplexedly	0.004963
piques	0.004947
primness	0.004945
povertystricken	0.004931
pupilage	0.004905
perfuming	0.004876
portance	0.004869
paining	0.004860
perversities	0.004858
peuples	0.004831
philosophise	0.004828
ponytails	0.004826
parvenus	0.004822
potbelly	0.004793
Poh	0.004792
prigs	0.004790
pointblank	0.004790
prevaricated	0.004777
propres	0.004766
pokers	0.004756
pigheaded	0.004739
puerilities	0.004730
parens	0.004720
philosophized	0.004716
puerility	0.004707
palliating	0.004685
purloin	0.004680
prodigally	0.004667
paramours	0.004638
presi	0.004637
pulsates	0.004633
pluckily	0.004622
plunders	0.004608
podgy	0.004602
Â©	0.004597
postea	0.004586
pertness	0.004568
pedantically	0.004564
permcoordinator@wiley.com	0.004546
piggledy	0.004541
preponderated	0.004530
pottered	0.004528
phiz	0.004523
poseur	0.004503
pamby	0.004485
partis	0.004483
pirouetted	0.004480
Pyrenean	0.004471
pianissimo	0.004456
pailful	0.004447
pirouetting	0.004429
protectingly	0.004429
platitudinous	0.004371
Phalaris	0.004348
pharisaical	0.004335
perking	0.004326
properest	0.004321
pockethandkerchief	0.004314
pecially	0.004312
perfectiy	0.004303
prising	0.004298
politer	0.004245
Pish	0.004242
poorness	0.004220
particularise	0.004213
partibus	0.004204
prises	0.004184
poena	0.004180
preciously	0.004096
Physiologie	0.004079
peruses	0.004041
publie	0.004004
possest	0.004004
prend	0.003908
persuader	0.003906
plaice	0.003872
peeler	0.003791
participations	0.003760
Pontine	0.003663
punting	0.003582
pasa	0.003526
physio	0.003513
puce	0.003509
pecker	0.003491
polisher	0.003450
parabolas	0.003435
pomade	0.003428
plotline	0.003380
philosophising	0.003304
pacem	0.003300
paranoiac	0.003295
prayin	0.003250
passin	0.003237
purpling	0.003225
pannier	0.003208
preplanning	0.003181
pinewood	0.003133
pene	0.003122
palisaded	0.003120
polecat	0.003116
pyjama	0.003019
partof	0.003015
pouts	0.003006
pud	0.003003
PAGB	0.002947
pect	0.002931
proselytising	0.002920
purpled	0.002914
plinths	0.002903
punisher	0.002849
parboiled	0.002831
propor	0.002822
panders	0.002736
preachin	0.002730
pire	0.002725
peepers	0.002723
pokey	0.002700
piney	0.002671
perisheth	0.002655
prizewinning	0.002610
PAOE	0.002581
proj	0.002564
pearled	0.002548
popularizer	0.002537
pries	0.002409
pitter	0.002409
palpitate	0.002400
pirouettes	0.002373
parch	0.002364
panegyrist	0.002359
plumy	0.002359
pinked	0.002321
polloi	0.002305
people.1	0.002292
plights	0.002227
panicstricken	0.002206
provi	0.002180
prepense	0.002159
protracting	0.002137
philoso	0.002123
pearance	0.002103
patters	0.002103
pean	0.002099
purloining	0.002094
proba	0.002065
preand	0.002061
priate	0.002056
petrify	0.002032
prevaricating	0.002025
perpetrates	0.001987
