be	2123
by	1967
but	1280
been	683.6
between	372.5
because	346.3
before	289.2
both	280.2
being	277.3
back	263.8
based	145.2
book	133.2
business	130.3
body	129.9
b	124.4
best	123.1
become	122.2
better	117.7
black	103.4
became	92.33
began	87.50
B.	75.05
believe	73.17
behind	70.82
blood	68.86
brought	67.95
building	67.18
British	66.88
big	64.74
books	64.65
beyond	59.91
below	57.80
basis	57.55
behavior	56.38
basic	54.15
beginning	53.92
bring	52.30
box	51.53
bank	49.43
bad	48.54
board	47.75
becomes	43.93
base	41.61
built	41.28
bed	41.24
born	40.09
boy	40.04
blue	38.63
begin	38.30
brother	37.59
bit	37.49
brown	36.21
brain	35.50
benefits	35.39
bill	33.77
balance	33.27
beautiful	32.82
benefit	32.25
believed	32.23
battle	29.06
boys	28.99
break	28.83
bottom	28.74
birth	28.72
baby	28.12
build	27.85
background	27.57
bar	27.22
bodies	26.94
belief	26.27
Britain	26.11
buy	25.58
becoming	25.15
block	24.91
bear	24.42
broad	23.61
bound	23.04
broken	22.95
brief	22.94
bone	21.72
beauty	21.29
band	21.13
begins	20.66
behaviour	20.22
Boston	20.16
banks	19.89
ball	19.83
breath	19.70
Bible	19.65
besides	19.32
bridge	19.22
buildings	19.01
button	18.87
boat	18.86
beliefs	18.27
bright	18.06
biological	17.87
budget	17.44
border	17.24
beings	16.59
bay	16.48
brothers	16.38
branch	16.36
Bush	16.13
beneath	16.12
beside	16.12
birds	15.96
broke	15.86
bond	15.79
binding	15.72
bringing	15.56
beach	15.23
bought	15.18
breast	15.06
boundaries	14.68
billion	14.43
begun	14.35
Berlin	14.30
bird	14.07
bread	13.66
bag	13.33
bell	13.25
boundary	13.18
busy	13.16
beat	13.15
brings	13.13
bearing	13.09
bishop	13.01
bus	12.79
bonds	12.66
blind	12.48
blocks	12.38
burning	12.32
behaviors	11.98
branches	11.96
breaking	11.95
burden	11.91
Bob	11.88
Ben	11.83
brand	11.81
businesses	11.72
belong	11.37
behavioral	10.91
briefly	10.90
breakfast	10.83
beam	10.79
behalf	10.61
Bureau	10.58
bones	10.57
buried	10.39
breathing	10.09
blow	9.942
blacks	9.903
barely	9.767
bottle	9.559
biblical	9.419
buying	9.332
bias	9.274
broader	9.177
beer	9.131
believes	9.118
bedroom	9.084
bent	8.950
biology	8.942
boxes	8.753
belonging	8.715
blame	8.684
bare	8.601
burned	8.417
bowl	8.383
blessed	8.362
bars	8.323
bacteria	8.307
barriers	8.182
banking	8.132
bits	8.043
burst	8.026
bulk	8.009
balanced	7.831
brilliant	7.775
Barbara	7.746
borders	7.745
Brazil	7.720
Berkeley	7.711
blank	7.696
bitter	7.677
Benjamin	7.632
belongs	7.592
bigger	7.573
barrier	7.564
bills	7.547
bow	7.516
badly	7.444
bears	7.408
bands	7.385
bull	7.378
boats	7.330
bath	7.277
beneficial	7.247
biggest	7.242
boss	7.219
burn	7.204
buyer	7.165
belt	7.141
bases	7.136
basin	7.134
belonged	7.112
boards	7.109
brush	7.099
bleeding	7.030
baseball	6.954
Baker	6.928
basically	6.851
bold	6.796
butter	6.779
beloved	6.637
Billy	6.615
breaks	6.603
bore	6.576
Bulletin	6.510
Baltimore	6.471
backward	6.429
broadcast	6.411
Bruce	6.394
babies	6.334
bid	6.331
buffer	6.329
battery	6.319
binary	6.318
birthday	6.304
brave	6.275
Brian	6.273
breach	6.242
bet	6.204
believing	6.196
backed	6.133
biography	6.097
bibliography	6.050
blessing	6.018
bathroom	6.007
bloody	5.997
bomb	5.992
brick	5.954
Buddhist	5.899
beds	5.840
Bernard	5.839
boots	5.752
bench	5.728
Butler	5.599
bags	5.589
bride	5.584
bodily	5.490
bacterial	5.432
BC	5.419
borne	5.400
behave	5.330
burns	5.323
breeding	5.305
Buddha	5.283
browser	5.249
bass	5.190
beans	5.175
broadly	5.162
blade	5.118
bronze	5.105
Biol	5.095
buttons	5.093
bin	5.054
bargaining	5.050
bind	4.975
beating	4.947
breakdown	4.924
bend	4.923
burial	4.896
beta	4.892
bankruptcy	4.875
Beijing	4.874
beast	4.869
balls	4.860
bridges	4.842
bacon	4.835
battles	4.826
breathe	4.824
basket	4.786
bilateral	4.769
baseline	4.745
Buddhism	4.676
bite	4.651
borrowed	4.633
buffalo	4.629
Barry	4.603
beaten	4.599
beef	4.524
broadcasting	4.493
believers	4.491
breasts	4.465
blanket	4.459
bunch	4.446
Baptist	4.417
bladder	4.398
brigade	4.376
buyers	4.374
Belgium	4.373
bishops	4.366
ban	4.362
bother	4.283
bandwidth	4.249
boom	4.227
belly	4.222
bending	4.188
B.C.	4.182
blocked	4.167
backup	4.154
brass	4.152
barn	4.151
bullet	4.147
breeze	4.147
boot	4.144
blues	4.002
bottles	3.999
blew	3.924
barrel	3.915
blown	3.901
battalion	3.892
balancing	3.892
blend	3.888
bark	3.878
beard	3.869
bat	3.831
bis	3.804
basement	3.798
bloom	3.790
blocking	3.761
Blackwell	3.745
behold	3.742
beams	3.742
Betty	3.732
baptism	3.722
beg	3.720
basketball	3.703
booth	3.691
Burke	3.691
Baron	3.688
Bennett	3.662
bless	3.651
boiling	3.651
backs	3.650
blowing	3.647
Bobby	3.644
bean	3.642
bureaucracy	3.620
backgrounds	3.587
Brooks	3.586
bourgeois	3.584
burnt	3.564
benign	3.546
brains	3.531
bundle	3.505
bombing	3.492
breed	3.488
bowel	3.477
borrow	3.462
brethren	3.458
Bengal	3.444
bye	3.440
bowed	3.434
bounds	3.428
bureaucratic	3.421
broker	3.406
buck	3.391
blast	3.386
Beth	3.382
Blake	3.371
beads	3.329
brow	3.329
borrowing	3.317
boulder	3.311
blessings	3.294
brands	3.281
ba	3.279
beginnings	3.271
brutal	3.259
bubble	3.248
bargain	3.229
Blair	3.206
backing	3.177
bonding	3.171
bounded	3.170
blamed	3.170
Brussels	3.130
basal	3.127
bombs	3.094
batch	3.091
balloon	3.087
beneficiary	3.084
begged	3.052
builds	3.034
Brooklyn	3.033
bike	3.027
Bailey	3.020
bells	3.020
betrayed	3.019
Broadway	3.015
Br	3.011
Brazilian	3.007
beneficiaries	2.996
baking	2.989
beasts	2.984
bored	2.969
boring	2.941
blows	2.932
bee	2.901
benefited	2.892
breadth	2.867
batteries	2.865
banner	2.863
Berry	2.857
budgets	2.857
Birmingham	2.843
Bradley	2.826
Beck	2.809
BP	2.792
bonus	2.778
basics	2.772
Bombay	2.772
Barnes	2.766
balances	2.752
bushes	2.743
biopsy	2.735
bullets	2.730
Bangladesh	2.722
bucket	2.711
beautifully	2.707
boost	2.706
bo	2.690
biodiversity	2.685
buddy	2.682
breathed	2.682
backwards	2.681
bolt	2.669
BBC	2.666
bi	2.657
Basil	2.656
bothered	2.644
brushed	2.642
bliss	2.641
Burton	2.636
behavioural	2.621
biased	2.589
bachelor	2.581
boil	2.577
bilingual	2.558
butt	2.554
baked	2.550
biographical	2.549
bipolar	2.548
boyfriend	2.524
beats	2.520
boiled	2.517
blades	2.493
blond	2.493
Baldwin	2.491
buses	2.489
banned	2.481
biochemical	2.479
battlefield	2.474
believer	2.469
bicycle	2.466
boarding	2.466
bees	2.453
brightness	2.430
bang	2.417
bizarre	2.417
bitch	2.415
biomass	2.414
bypass	2.412
bud	2.399
Byron	2.386
bidding	2.383
Bristol	2.380
builder	2.378
bytes	2.370
blunt	2.353
brook	2.349
Byzantine	2.346
bosom	2.335
binds	2.334
blankets	2.330
Bosnia	2.329
bury	2.320
bitterness	2.318
biotechnology	2.311
burdens	2.305
bitterly	2.302
bricks	2.288
bred	2.286
brotherhood	2.278
births	2.273
builders	2.270
Baltic	2.255
beaches	2.244
Bryan	2.241
blurred	2.240
begging	2.230
barber	2.221
brace	2.220
battered	2.209
ballot	2.206
blindness	2.190
bile	2.183
barracks	2.178
bastard	2.169
bubbles	2.168
butterfly	2.164
ballet	2.163
bathing	2.161
boolean	2.160
Becker	2.152
Belgian	2.140
brake	2.131
Burma	2.130
barren	2.130
Brunswick	2.128
banana	2.116
behaved	2.114
bug	2.110
Barcelona	2.084
behaviours	2.073
barred	2.072
betrayal	2.064
baggage	2.064
bankers	2.062
balcony	2.062
Belle	2.059
bestowed	2.040
benchmark	2.030
beacon	2.029
bamboo	2.027
Barrett	2.025
backbone	2.012
blockade	2.006
barley	2.004
bald	2.003
brightly	2.002
Boulevard	2.002
bulb	2.000
Babylon	1.986
Baghdad	1.984
Bloomington	1.977
biases	1.971
Brad	1.957
baptized	1.945
breakthrough	1.944
Boyd	1.940
Beverly	1.938
benevolent	1.935
banker	1.932
bake	1.921
blonde	1.921
businessmen	1.919
blended	1.919
barrels	1.919
brackets	1.911
Bulgaria	1.910
billions	1.903
brokers	1.899
boldly	1.895
buys	1.879
bondage	1.877
bugs	1.875
Berger	1.871
Buchanan	1.864
bony	1.861
baths	1.858
Benedict	1.853
Bach	1.842
blending	1.839
bolts	1.839
BiblioBazaar	1.830
bowls	1.825
Buenos	1.820
Barker	1.814
baskets	1.806
Bruno	1.798
brandy	1.794
BL	1.785
Barton	1.768
byte	1.764
banquet	1.751
bio	1.748
butcher	1.745
blinked	1.742
Bois	1.733
biting	1.727
bids	1.723
Berg	1.720
backdrop	1.714
bloc	1.711
Browning	1.706
Benson	1.700
bust	1.699
Beethoven	1.693
brighter	1.687
boast	1.684
Beatrice	1.683
belts	1.682
bearings	1.681
businessman	1.675
biographies	1.669
bail	1.667
brute	1.665
bonded	1.665
Bernstein	1.662
browse	1.661
betray	1.651
bv	1.649
boiler	1.648
bait	1.643
bearer	1.643
BS	1.639
berries	1.639
biomedical	1.635
bundles	1.635
bluff	1.630
bursting	1.629
birch	1.625
Brady	1.624
backyard	1.620
Bates	1.618
bourgeoisie	1.616
blackness	1.614
beforehand	1.602
bedside	1.598
Bryant	1.594
bombers	1.594
bureaucrats	1.583
bout	1.575
Budapest	1.572
beaver	1.561
billing	1.559
bows	1.552
biochemistry	1.550
bursts	1.550
Bradford	1.547
bleak	1.538
beware	1.536
budgeting	1.536
babe	1.532
buzz	1.524
bei	1.523
bibliographical	1.523
bien	1.520
Belfast	1.508
blossom	1.508
blazing	1.508
breeds	1.506
basins	1.506
brink	1.502
boarded	1.499
briefing	1.493
bewildered	1.491
beverages	1.488
Barth	1.487
belongings	1.483
bites	1.477
Baxter	1.468
boxing	1.467
baroque	1.467
Bolivia	1.464
bowling	1.461
botanical	1.459
bullying	1.453
bucks	1.452
brutality	1.451
Biochem	1.449
Bangkok	1.446
branching	1.445
blinded	1.443
bead	1.443
blur	1.443
buds	1.440
beheld	1.439
boasted	1.436
badge	1.435
bats	1.432
Bourdieu	1.431
butterflies	1.429
Boyle	1.428
Brandon	1.421
burger	1.419
Bonnie	1.415
benevolence	1.405
Browne	1.401
bosses	1.401
bridging	1.399
benches	1.395
brushing	1.387
boredom	1.386
broadcasts	1.386
broadband	1.384
Bedford	1.381
banished	1.379
Brooke	1.376
blossoms	1.368
bedrooms	1.368
brittle	1.366
bomber	1.362
Brenda	1.360
blaze	1.353
Basel	1.353
Bologna	1.349
Brahman	1.346
borderline	1.344
Boris	1.343
Bert	1.342
budgetary	1.341
Balkans	1.339
borrower	1.337
behaving	1.337
browsers	1.324
Barney	1.324
boycott	1.324
biologically	1.323
Buckingham	1.314
bananas	1.313
bankrupt	1.311
blouse	1.302
bade	1.302
blaming	1.302
breaths	1.296
Bd	1.290
brakes	1.287
bunker	1.280
Brennan	1.277
bravery	1.276
brushes	1.274
baton	1.273
bracket	1.272
Becky	1.269
bump	1.261
blueprint	1.259
Bartlett	1.256
brigadier	1.254
Babylonian	1.254
bathed	1.253
Baba	1.252
blush	1.252
Bonaparte	1.249
bland	1.248
Brewer	1.246
Bauer	1.245
bounty	1.245
beverage	1.244
Bayesian	1.242
broadening	1.241
barking	1.238
bounced	1.235
borough	1.235
bulbs	1.235
brows	1.231
Burr	1.228
bounce	1.220
Beckett	1.216
Burgess	1.209
brochure	1.209
bully	1.207
bulls	1.204
Benny	1.201
beggar	1.201
Barnett	1.200
bookstore	1.197
Basque	1.196
barbarians	1.191
Briggs	1.190
bona	1.185
battalions	1.183
breathless	1.179
broth	1.176
ballad	1.175
bon	1.175
Bonn	1.170
bruised	1.164
binder	1.159
banners	1.155
bom	1.155
bolted	1.153
BT	1.151
Brent	1.149
biologists	1.146
biscuits	1.140
batter	1.138
Bowen	1.137
behaves	1.134
bedding	1.129
brisk	1.126
Barr	1.125
BCE	1.124
Betsy	1.119
booklet	1.116
blockers	1.116
Bella	1.115
blindly	1.115
bovine	1.106
bouncing	1.105
brewing	1.103
bonnet	1.103
browsing	1.101
Beirut	1.100
Balkan	1.098
Bulgarian	1.097
Beatles	1.095
bleed	1.095
botany	1.095
branded	1.094
Blanche	1.092
Brett	1.092
broaden	1.091
Buddhists	1.090
brokerage	1.089
Botswana	1.089
bothering	1.087
bearers	1.086
Bragg	1.086
beauties	1.086
beetle	1.085
blends	1.084
branding	1.083
biographer	1.082
Bismarck	1.081
bends	1.081
Bart	1.080
blinking	1.079
Brill	1.079
bordered	1.077
Bethlehem	1.076
bj	1.075
broadened	1.073
boulders	1.072
Brock	1.071
bearded	1.069
brilliance	1.065
Breton	1.064
Boone	1.063
bestow	1.062
broom	1.062
brilliantly	1.060
bowing	1.059
burdened	1.052
burials	1.050
boon	1.044
Bentley	1.042
beers	1.038
buffers	1.038
bombardment	1.035
Brighton	1.031
bourbon	1.027
booked	1.026
betting	1.022
bunk	1.020
Boeing	1.018
borrowers	1.018
bravely	1.015
brightest	1.013
bottoms	1.013
briefcase	1.013
Bertrand	1.013
Barlow	1.012
bedtime	1.011
Bengali	1.011
Benton	1.009
Baptists	1.005
bakery	1.005
boundless	1.002
Boer	1.001
Bihar	1.001
barrow	0.9980
Bolton	0.9967
booming	0.9918
bordering	0.9894
Braun	0.9888
burner	0.9882
blinding	0.9874
ballads	0.9871
burgeoning	0.9861
birthplace	0.9837
blasted	0.9834
beset	0.9827
breastfeeding	0.9807
boxer	0.9780
barge	0.9779
burgundy	0.9740
blot	0.9730
B.A.	0.9691
blink	0.9687
Bloch	0.9685
Buckley	0.9682
blushed	0.9675
bays	0.9662
barked	0.9629
besieged	0.9624
balloons	0.9607
buttocks	0.9605
buckets	0.9605
beetles	0.9538
brigades	0.9530
bitten	0.9523
bodied	0.9512
beamed	0.9511
boyhood	0.9505
Bowman	0.9497
bribe	0.9483
brig	0.9466
bouquet	0.9447
beggars	0.9389
backpack	0.9384
bidder	0.9374
barbarous	0.9353
Barthes	0.9345
bulky	0.9338
benchmarks	0.9338
barbarian	0.9336
banning	0.9310
Belgrade	0.9303
Brandt	0.9259
bard	0.9256
backlash	0.9254
Bessie	0.9238
Bali	0.9235
Burlington	0.9205
Bridget	0.9196
bisexual	0.9192
bribery	0.9185
Burt	0.9179
buildup	0.9144
ballistic	0.9128
Bakhtin	0.9123
Baden	0.9105
barons	0.9090
bra	0.9080
breaches	0.9071
Bolshevik	0.9065
beau	0.9063
bounding	0.9054
Byrne	0.9051
Bentham	0.9045
Brahma	0.9014
bolster	0.8974
buddies	0.8955
barbed	0.8942
burying	0.8936
briskly	0.8921
bruises	0.8917
Bosnian	0.8908
baffled	0.8889
blatant	0.8880
ballroom	0.8870
Bordeaux	0.8870
Bronx	0.8864
Brecht	0.8860
Burmese	0.8828
bandage	0.8827
Brookings	0.8815
Barbados	0.8814
bedrock	0.8805
bowels	0.8794
Bender	0.8784
barefoot	0.8773
blanks	0.8769
bloodstream	0.8766
bunny	0.8761
bombed	0.8758
blackened	0.8733
bridegroom	0.8730
broadcasters	0.8728
Bern	0.8723
bumped	0.8720
boasts	0.8717
blurring	0.8707
blurted	0.8695
Barnard	0.8694
benchmarking	0.8688
budding	0.8686
Belmont	0.8649
bloodshed	0.8631
brochures	0.8625
brooding	0.8624
barbecue	0.8604
Bohemia	0.8603
boar	0.8601
bonuses	0.8601
barter	0.8598
bathe	0.8540
brood	0.8526
buffet	0.8496
brutally	0.8482
bullshit	0.8477
bets	0.8462
bluntly	0.8450
blinds	0.8437
Bernie	0.8432
buckle	0.8429
branched	0.8428
barrage	0.8407
booking	0.8389
beak	0.8385
blooms	0.8385
Brittany	0.8363
bicycles	0.8357
batting	0.8356
blooming	0.8333
braced	0.8330
B2	0.8323
bohemian	0.8319
Byrd	0.8304
Berman	0.8295
billed	0.8270
bereavement	0.8244
Bowers	0.8219
blooded	0.8217
benzene	0.8213
buzzing	0.8206
bartender	0.8199
banging	0.8190
broadest	0.8178
boldness	0.8175
Bartholomew	0.8168
briefs	0.8160
breached	0.8139
Bavaria	0.8135
blog	0.8111
bacterium	0.8109
bottled	0.8107
BMI	0.8089
bog	0.8081
bumps	0.8065
blacksmith	0.8042
Blanc	0.8016
beech	0.8013
bulge	0.7995
breakup	0.7978
bacillus	0.7970
Boca	0.7970
Bermuda	0.7951
bulging	0.7947
Biophys	0.7945
Bertha	0.7943
bandits	0.7937
burrows	0.7935
biliary	0.7934
Beaumont	0.7914
bathrooms	0.7908
bumper	0.7867
Brutus	0.7838
bastards	0.7838
ballots	0.7815
bikes	0.7806
Bess	0.7801
bombings	0.7800
binoculars	0.7784
bum	0.7757
brainstorming	0.7745
breakers	0.7740
begs	0.7733
Burroughs	0.7713
BB	0.7713
benefiting	0.7709
battling	0.7691
bower	0.7660
BM	0.7623
beckoned	0.7610
Belize	0.7578
Britons	0.7564
Brewster	0.7553
Beecher	0.7546
basilica	0.7536
beginner	0.7535
beaming	0.7512
basing	0.7510
bazaar	0.7506
bison	0.7498
Basingstoke	0.7497
barring	0.7482
bicarbonate	0.7479
bribes	0.7476
bronchial	0.7470
bubbling	0.7447
Brigham	0.7425
Boswell	0.7419
bu	0.7400
brightened	0.7388
bullock	0.7379
BN	0.7378
brew	0.7359
broccoli	0.7351
beginners	0.7340
bustling	0.7335
bifurcation	0.7329
Bolsheviks	0.7324
banged	0.7318
blight	0.7318
bracing	0.7315
breaker	0.7310
binomial	0.7305
Boyer	0.7291
Baird	0.7276
Bahamas	0.7271
boomers	0.7270
bridal	0.7268
brevity	0.7259
bureaucracies	0.7247
Bel	0.7217
bales	0.7205
bundled	0.7196
β	0.7191
bins	0.7191
bibliographic	0.7177
Balfour	0.7159
braces	0.7151
bran	0.7122
Booker	0.7089
Blvd	0.7083
Burnett	0.7080
Blackburn	0.7077
barbarism	0.7071
biscuit	0.7066
burglary	0.7065
biosphere	0.7061
binge	0.7055
bk	0.7029
Bantam	0.7013
barns	0.6980
Bryce	0.6963
breeders	0.6939
biosynthesis	0.6934
bridle	0.6934
bas	0.6925
Bangalore	0.6914
blazed	0.6912
Bancroft	0.6899
Bose	0.6893
Brisbane	0.6890
bracelet	0.6885
bustle	0.6882
betraying	0.6874
barbaric	0.6869
buggy	0.6861
Bohr	0.6848
B.C.E.	0.6844
bono	0.6836
Blanchard	0.6836
benefactor	0.6827
BMW	0.6819
booty	0.6807
bandages	0.6807
budge	0.6801
Bergen	0.6799
belligerent	0.6786
Bethesda	0.6785
bequeathed	0.6774
Blum	0.6730
Billie	0.6721
brim	0.6714
Baudelaire	0.6710
butch	0.6706
backups	0.6698
boils	0.6698
blushing	0.6696
Billings	0.6674
Bergman	0.6665
Bowie	0.6660
bled	0.6654
blasting	0.6652
Brendan	0.6648
Bergson	0.6620
Benin	0.6619
blasphemy	0.6598
biologist	0.6585
buff	0.6576
brainstem	0.6572
Baruch	0.6565
Ballard	0.6559
bouts	0.6554
Bravo	0.6518
booths	0.6517
bewilderment	0.6506
boughs	0.6505
boron	0.6490
boasting	0.6482
Brenner	0.6477
breeches	0.6477
Beauvoir	0.6469
Byzantium	0.6465
blackmail	0.6463
busily	0.6450
browns	0.6446
bewildering	0.6433
burdensome	0.6427
blackboard	0.6415
Brahmin	0.6412
barium	0.6398
butts	0.6363
Babel	0.6361
Bertram	0.6361
Bray	0.6350
Blaine	0.6326
breathtaking	0.6315
bereaved	0.6311
batches	0.6281
Butterworth	0.6279
boosting	0.6279
Barclay	0.6273
brides	0.6265
Belarus	0.6251
burgers	0.6232
Borneo	0.6231
braid	0.6227
boyish	0.6210
badger	0.6191
bluish	0.6190
Bauman	0.6188
Belinda	0.6187
Bosch	0.6186
Baptiste	0.6124
biologic	0.6122
Bethany	0.6118
booster	0.6115
betrays	0.6109
boilers	0.6104
boosted	0.6103
Barbie	0.6103
brewery	0.6092
berth	0.6085
beige	0.6075
Bingham	0.6071
beet	0.6062
Bibles	0.6047
Bowles	0.6046
bale	0.6046
bungalow	0.6024
Buster	0.6022
Bros.	0.6015
blasts	0.6011
Brahms	0.5993
Baudrillard	0.5991
Burnham	0.5984
Bernhard	0.5982
Bing	0.5980
Barron	0.5975
breathes	0.5966
buoyant	0.5939
Buren	0.5939
bun	0.5924
bronchitis	0.5907
begotten	0.5905
Baum	0.5900
bolus	0.5896
bathtub	0.5870
Brody	0.5863
B.R.	0.5863
buckling	0.5858
braided	0.5826
Balzac	0.5826
Bede	0.5819
bottleneck	0.5815
Berne	0.5802
boo	0.5802
benzodiazepines	0.5760
bigotry	0.5751
bellowed	0.5748
burrow	0.5738
Bourne	0.5736
backseat	0.5728
Bradshaw	0.5704
buoyancy	0.5702
biotech	0.5677
bereft	0.5674
brunt	0.5670
ber	0.5669
beneficent	0.5663
bureaus	0.5660
Boers	0.5652
balconies	0.5639
bellows	0.5638
bulimia	0.5635
Beaufort	0.5614
bilingualism	0.5604
banded	0.5599
breezes	0.5592
bookstores	0.5583
burnout	0.5582
Bantu	0.5581
blunder	0.5581
bidders	0.5579
briefed	0.5578
bleached	0.5571
billboard	0.5561
Borges	0.5556
bayonet	0.5555
booze	0.5549
bodyguard	0.5530
Bey	0.5530
banish	0.5528
boisterous	0.5522
bromide	0.5520
Blackstone	0.5518
blogs	0.5508
B.S.	0.5503
ballast	0.5503
blockage	0.5489
Bavarian	0.5489
bequest	0.5465
Benito	0.5449
Baal	0.5444
Boltzmann	0.5444
bracelets	0.5443
Bernardo	0.5442
bruise	0.5423
blissful	0.5390
Brunner	0.5388
budgeted	0.5381
boxed	0.5376
Brahmins	0.5370
B.J.	0.5362
battleship	0.5359
banal	0.5344
battering	0.5340
bushy	0.5337
biopsies	0.5330
Beatty	0.5319
brazen	0.5318
believable	0.5308
bushels	0.5292
biceps	0.5291
braves	0.5283
Berkshire	0.5276
busted	0.5265
backstage	0.5263
backside	0.5254
Brunei	0.5250
Barnabas	0.5242
brine	0.5242
battled	0.5236
badges	0.5230
B12	0.5221
boomed	0.5219
bandit	0.5210
Bayes	0.5209
Benedictine	0.5200
banishment	0.5181
balm	0.5180
basalt	0.5179
barb	0.5173
blender	0.5169
boating	0.5167
B1	0.5167
barrio	0.5152
bargains	0.5130
blizzard	0.5130
Boas	0.5127
bogus	0.5127
bombarded	0.5124
BW	0.5120
Bayer	0.5101
bioethics	0.5098
bruising	0.5091
Busch	0.5089
blossomed	0.5088
bobbing	0.5083
Bluetooth	0.5074
barometer	0.5074
barges	0.5065
Bal	0.5065
bingo	0.5055
birthdays	0.5053
Bea	0.5039
Bhutan	0.5037
bulletins	0.5036
Bremen	0.5032
Brandeis	0.5032
brothel	0.5030
Bhabha	0.5025
bibliographies	0.5024
backwardness	0.5015
bypassed	0.4996
burly	0.4987
Barak	0.4986
beatings	0.4985
Bataille	0.4982
bleaching	0.4980
borrows	0.4978
bioavailability	0.4977
buzzed	0.4972
breakthroughs	0.4966
booksellers	0.4961
bystanders	0.4948
borrowings	0.4944
busied	0.4944
biennial	0.4930
bindings	0.4928
bluffs	0.4926
buffered	0.4926
Bradbury	0.4924
Bretton	0.4924
Bronte	0.4894
baptismal	0.4891
bolstered	0.4887
bumping	0.4884
Blackwood	0.4880
bloated	0.4876
befall	0.4866
Belknap	0.4864
bene	0.4862
Bai	0.4859
belated	0.4850
breeder	0.4830
bunches	0.4827
braking	0.4824
beseech	0.4818
bot	0.4815
buffering	0.4810
bans	0.4806
blisters	0.4797
buckled	0.4780
bullies	0.4779
Brandenburg	0.4773
bookkeeping	0.4771
Bethel	0.4765
Bandura	0.4760
Bain	0.4758
borderlands	0.4755
Britannica	0.4748
birthright	0.4737
bayonets	0.4735
Buber	0.4729
blankly	0.4707
beards	0.4707
Bundy	0.4707
bilirubin	0.4707
Bahrain	0.4695
betrothed	0.4679
Bertie	0.4671
bastion	0.4669
breads	0.4651
biographers	0.4650
biotic	0.4646
Beaux	0.4646
betterment	0.4644
brainstorm	0.4644
Bucharest	0.4642
buttoned	0.4637
blatantly	0.4631
Baer	0.4618
brownish	0.4618
bane	0.4613
Barre	0.4608
beaded	0.4604
Bolivar	0.4598
Bennet	0.4593
Bassett	0.4579
brachial	0.4577
behest	0.4575
bookseller	0.4571
betwixt	0.4570
Blanco	0.4570
Brasil	0.4562
burglar	0.4546
Bruner	0.4543
Bayard	0.4534
bitmap	0.4532
Bedouin	0.4528
Bonner	0.4521
Banco	0.4519
Bunyan	0.4507
Ballantine	0.4507
befriended	0.4501
bode	0.4497
bylaws	0.4493
bullied	0.4488
bravado	0.4480
beheaded	0.4473
Boyce	0.4472
B6	0.4467
Bonhoeffer	0.4457
bellow	0.4456
Bahia	0.4449
breakdowns	0.4444
Burundi	0.4442
bayou	0.4436
BG	0.4433
bellies	0.4427
bleach	0.4424
Berliner	0.4423
Benz	0.4421
bridged	0.4417
bolder	0.4415
breakage	0.4413
bothers	0.4406
BSA	0.4403
browned	0.4393
bared	0.4378
blames	0.4378
bootstrap	0.4376
benediction	0.4373
Baja	0.4371
Bernardino	0.4363
bypassing	0.4358
Britannia	0.4339
brotherly	0.4337
barrister	0.4335
bradycardia	0.4326
Beale	0.4325
bash	0.4320
blocker	0.4320
Batavia	0.4314
Benjamins	0.4303
banter	0.4284
bushel	0.4278
bough	0.4277
Butte	0.4270
beleaguered	0.4252
babes	0.4246
bulwark	0.4240
breathlessly	0.4222
blameless	0.4205
Bellamy	0.4200
Bari	0.4198
Bloomfield	0.4190
baggy	0.4188
bidirectional	0.4188
buccal	0.4181
Brit	0.4179
Brodie	0.4176
Burnside	0.4175
Batman	0.4172
boyfriends	0.4165
Bateson	0.4163
Buddhas	0.4149
blossoming	0.4123
bunting	0.4113
bookshop	0.4109
breech	0.4104
Balthasar	0.4099
battleships	0.4094
Biblioteca	0.4089
Barnum	0.4088
bountiful	0.4085
bobbed	0.4082
burlesque	0.4071
blocs	0.4057
Babylonia	0.4055
Biddle	0.4053
Bello	0.4051
Bibliotheque	0.4051
Bowlby	0.4048
bro	0.4047
Bogota	0.4039
bangs	0.4035
Bernice	0.4034
broadside	0.4034
Beauchamp	0.4032
babbling	0.4027
Budd	0.4020
Bahadur	0.4018
brimming	0.4005
bygone	0.4003
beneficence	0.4001
bor	0.3999
brothels	0.3999
BF	0.3991
Barrie	0.3986
bandaged	0.3985
Brant	0.3983
beaker	0.3979
brewed	0.3972
bachelors	0.3970
bottlenecks	0.3969
butchers	0.3967
banked	0.3960
Baylor	0.3959
busiest	0.3954
braids	0.3947
broadcaster	0.3944
blitz	0.3942
biophysical	0.3941
befallen	0.3940
beckoning	0.3926
Beverley	0.3913
billboards	0.3908
Baroness	0.3907
baring	0.3903
bribed	0.3901
blueprints	0.3898
blah	0.3897
benefactors	0.3894
Bianca	0.3891
Buick	0.3883
blotting	0.3883
Boniface	0.3879
bargained	0.3873
bailiff	0.3867
B2B	0.3861
buttress	0.3858
bodyguards	0.3852
beets	0.3848
Barbour	0.3846
Burkina	0.3843
bowler	0.3842
Beowulf	0.3841
bilayer	0.3832
Bernoulli	0.3829
Borden	0.3819
blotted	0.3817
Bacchus	0.3816
Beauregard	0.3814
boroughs	0.3813
Britton	0.3808
banding	0.3802
bottomless	0.3798
BSE	0.3798
botanist	0.3798
bunkers	0.3786
brighten	0.3782
Boccaccio	0.3778
bilaterally	0.3776
Biotechnol	0.3772
Bobbie	0.3771
bonfire	0.3769
battlefields	0.3768
Butterfield	0.3768
Balinese	0.3767
Barrington	0.3754
bookcase	0.3749
bakers	0.3741
Brazilians	0.3737
birthing	0.3734
Behav	0.3732
Branson	0.3730
Burney	0.3723
Bruges	0.3721
Bering	0.3717
brag	0.3717
brutes	0.3713
Bloomsbury	0.3705
blunders	0.3701
bullion	0.3701
B3	0.3698
Bryson	0.3689
bogged	0.3680
burners	0.3678
binaries	0.3672
belles	0.3666
Burnet	0.3661
businesslike	0.3651
billiard	0.3650
boutique	0.3641
blockbuster	0.3631
Bernadette	0.3626
biodegradable	0.3625
bras	0.3624
Boucher	0.3622
bestows	0.3620
barricade	0.3613
banquets	0.3611
Blount	0.3608
biofeedback	0.3606
blazer	0.3604
barricades	0.3587
Boise	0.3584
baffling	0.3582
Brookes	0.3579
bureaucrat	0.3572
beholder	0.3570
befell	0.3560
bums	0.3559
Bowden	0.3554
burnished	0.3550
bumpy	0.3545
bravest	0.3538
broached	0.3538
belied	0.3533
boarders	0.3529
briefings	0.3529
Bolivian	0.3520
Brezhnev	0.3520
Bock	0.3516
blistering	0.3514
bacilli	0.3513
bystander	0.3506
blasphemous	0.3505
bloodless	0.3501
Blaise	0.3498
buoy	0.3497
Banda	0.3494
bestselling	0.3480
Bund	0.3475
battleground	0.3474
bragging	0.3462
bristles	0.3460
Beagle	0.3458
brooch	0.3458
bottomed	0.3457
bracken	0.3452
Benn	0.3451
bodice	0.3446
Bela	0.3446
bivariate	0.3446
Baines	0.3438
BH	0.3433
bogs	0.3431
Bigelow	0.3431
Brest	0.3425
booklets	0.3423
Babcock	0.3419
blister	0.3419
Babylonians	0.3410
baritone	0.3409
Berber	0.3409
breakfasts	0.3407
befitting	0.3402
blunted	0.3398
Beattie	0.3393
bookmark	0.3390
bestowing	0.3387
bemused	0.3386
biking	0.3384
brimmed	0.3382
Buxton	0.3378
Breen	0.3378
businesspeople	0.3376
Brownian	0.3373
Battista	0.3366
Bonaventure	0.3364
Belgians	0.3359
Bastille	0.3356
bedchamber	0.3355
Borg	0.3351
Boulogne	0.3350
breasted	0.3349
Bette	0.3349
beavers	0.3341
Braddock	0.3335
Bernal	0.3333
Bateman	0.3329
blest	0.3321
bipartisan	0.3319
Bao	0.3318
bioinformatics	0.3305
Brice	0.3304
Boethius	0.3303
booms	0.3295
barrios	0.3294
blurry	0.3294
binders	0.3294
biomechanical	0.3290
beholding	0.3286
binocular	0.3286
bikini	0.3285
Bohm	0.3275
Berkowitz	0.3272
Benoit	0.3270
bristling	0.3268
biometric	0.3265
boomer	0.3260
blackberry	0.3255
B.M.	0.3254
byproduct	0.3252
billowing	0.3249
barks	0.3249
busts	0.3249
brilliancy	0.3246
belatedly	0.3242
boxers	0.3238
balked	0.3238
bickering	0.3233
BMP	0.3232
Burgoyne	0.3228
bracketed	0.3226
Braille	0.3211
Blau	0.3208
Braithwaite	0.3208
banjo	0.3200
Batista	0.3195
bein	0.3195
bloomed	0.3193
B.P.	0.3192
Blackie	0.3190
brownie	0.3190
breakout	0.3189
Buell	0.3185
bestseller	0.3181
bearable	0.3180
Barkley	0.3179
barrows	0.3171
Beveridge	0.3169
boreal	0.3166
Bellevue	0.3155
buttered	0.3151
bedded	0.3148
Becket	0.3146
backers	0.3144
bubbled	0.3141
brackish	0.3141
bloke	0.3136
booted	0.3132
Breslau	0.3116
butchered	0.3113
blindfolded	0.3112
brunette	0.3099
Bogart	0.3097
blemish	0.3097
Bromley	0.3090
breadwinner	0.3090
Beryl	0.3082
backlog	0.3081
Bodleian	0.3081
Berwick	0.3076
Bianchi	0.3075
bugle	0.3073
Banerjee	0.3072
bloodthirsty	0.3071
bios	0.3066
brandishing	0.3054
babble	0.3051
Brahmans	0.3051
betrothal	0.3048
Bourke	0.3046
Broca	0.3043
bunks	0.3041
B.V.	0.3041
blessedness	0.3037
boardwalk	0.3036
baseman	0.3031
Bangor	0.3030
BAC	0.3028
boycotts	0.3028
blighted	0.3024
Brookfield	0.3011
biota	0.3008
Britt	0.3008
batted	0.3004
buffaloes	0.3000
Buch	0.2997
Bronson	0.2995
Bram	0.2992
ballpark	0.2992
bur	0.2990
bookshelves	0.2978
brash	0.2975
Babbitt	0.2974
Basle	0.2972
Bryn	0.2968
Bos	0.2964
buns	0.2961
Buena	0.2952
Brentano	0.2949
Britten	0.2949
batde	0.2948
blaring	0.2946
baronet	0.2945
basking	0.2943
bookmarks	0.2940
brawl	0.2937
Bolshevism	0.2931
bonanza	0.2928
bulldog	0.2925
bloodied	0.2923
buoyed	0.2921
bristled	0.2920
blackout	0.2917
Bedeutung	0.2910
blanched	0.2910
blueberry	0.2904
Bhopal	0.2904
Beckman	0.2900
burghers	0.2897
Biggs	0.2889
Basra	0.2888
bewitched	0.2885
bequests	0.2880
battlements	0.2878
buckles	0.2878
bleachers	0.2877
Bauhaus	0.2875
Bremer	0.2872
bam	0.2867
Basu	0.2861
Burch	0.2860
Bratislava	0.2859
bunched	0.2855
Brownsville	0.2854
Brigitte	0.2849
beep	0.2845
bragged	0.2841
Bennington	0.2839
Betts	0.2836
Beatrix	0.2830
baptize	0.2824
brocade	0.2822
bounces	0.2812
Boggs	0.2809
baiting	0.2807
Beckwith	0.2801
Binghamton	0.2799
barbiturates	0.2793
Bret	0.2786
Bainbridge	0.2784
blurs	0.2782
Bevan	0.2782
Bellini	0.2778
buttressed	0.2776
Bernhardt	0.2773
balmy	0.2771
Blumenthal	0.2767
Broughton	0.2764
bellied	0.2764
Byrnes	0.2762
bitches	0.2761
backcountry	0.2755
bookkeeper	0.2755
balding	0.2753
Boland	0.2749
blower	0.2748
Baillie	0.2746
Buss	0.2741
bulkhead	0.2739
brat	0.2739
blouses	0.2738
Bouchard	0.2736
blueberries	0.2734
Blanca	0.2731
Babu	0.2731
Barbary	0.2726
bellowing	0.2717
brunch	0.2715
Bellingham	0.2707
billows	0.2700
Beyer	0.2696
Bakker	0.2691
B.L.	0.2690
Boaz	0.2688
buzzer	0.2687
Byers	0.2685
Briton	0.2684
burrowing	0.2683
bittersweet	0.2681
bandwagon	0.2677
beholden	0.2674
beget	0.2673
Bloomberg	0.2673
baboons	0.2671
brewers	0.2667
beacons	0.2658
beastly	0.2656
Bev	0.2654
buttermilk	0.2652
barbarity	0.2649
Bosworth	0.2647
Bushnell	0.2645
breaching	0.2645
Beasley	0.2644
Buchan	0.2643
boosters	0.2642
blithely	0.2642
Benares	0.2637
Bodhisattva	0.2636
B.D.	0.2629
Bergmann	0.2628
Benedetto	0.2625
Berkley	0.2625
bronchi	0.2623
baccalaureate	0.2621
buyout	0.2621
Bulgarians	0.2615
Bok	0.2611
botulinum	0.2610
Bldg	0.2610
belligerents	0.2602
Bharat	0.2602
bouquets	0.2598
Breuer	0.2596
beaks	0.2595
blob	0.2592
Baku	0.2585
boutiques	0.2585
Botanic	0.2583
Braxton	0.2582
Burbank	0.2582
breezy	0.2578
Buffett	0.2571
boned	0.2570
backwater	0.2569
biomarkers	0.2560
Baumann	0.2558
Brando	0.2555
besought	0.2552
bulbous	0.2552
Bannister	0.2546
butyl	0.2543
bondholders	0.2542
Bethune	0.2541
Bilbao	0.2539
bungalows	0.2534
bidden	0.2532
BMJ	0.2530
baptised	0.2526
Bakr	0.2526
briefest	0.2525
bards	0.2523
brutish	0.2522
Bernd	0.2522
bloodshot	0.2522
belted	0.2504
Bathsheba	0.2504
broiler	0.2503
basilar	0.2499
billet	0.2497
B4	0.2496
Bayley	0.2494
boulevards	0.2494
buttresses	0.2492
buckskin	0.2489
Biomed	0.2488
busting	0.2487
bishopric	0.2487
bastions	0.2486
Bruxelles	0.2479
bagged	0.2473
Bhattacharya	0.2472
befriend	0.2472
Burgos	0.2463
behaviorism	0.2458
Bah	0.2457
bashing	0.2454
belies	0.2453
Beresford	0.2452
bitumen	0.2443
bookshelf	0.2443
bristle	0.2443
B.B.	0.2441
Bruckner	0.2439
blesses	0.2435
Boulton	0.2434
bestial	0.2432
brooded	0.2430
bookings	0.2430
Bate	0.2429
begets	0.2427
brightening	0.2427
Bathurst	0.2423
bathrobe	0.2422
ble	0.2420
bulged	0.2419
bora	0.2408
Burckhardt	0.2408
Buford	0.2405
Bork	0.2400
Basques	0.2395
bleeds	0.2381
bier	0.2379
Bab	0.2377
Borgia	0.2369
burglars	0.2364
blissfully	0.2360
Buckner	0.2359
boatman	0.2359
barrack	0.2355
Bly	0.2353
bask	0.2352
biotin	0.2352
Blythe	0.2352
bigoted	0.2351
Buckland	0.2350
Boardman	0.2349
bonne	0.2348
Bettina	0.2346
babysitter	0.2344
boatmen	0.2343
blackbird	0.2343
brickwork	0.2329
bores	0.2328
baselines	0.2328
broadens	0.2327
balustrade	0.2320
Beit	0.2318
Brabant	0.2317
Brodsky	0.2315
boardroom	0.2309
Brinkley	0.2305
bifida	0.2300
blemishes	0.2297
baptisms	0.2292
boa	0.2291
byproducts	0.2289
baited	0.2288
Bautista	0.2286
Beulah	0.2286
Butterworths	0.2285
Braden	0.2284
Bergin	0.2279
Bader	0.2278
Brun	0.2274
Burg	0.2272
bailed	0.2271
brigands	0.2271
bronzes	0.2265
bonny	0.2265
Bhagavad	0.2264
Bangladeshi	0.2263
booby	0.2261
bequeath	0.2258
Breyer	0.2256
Bissau	0.2254
brownies	0.2248
Bessel	0.2243
Beal	0.2237
badness	0.2231
Bjorn	0.2230
bluegrass	0.2223
Brougham	0.2219
botanists	0.2218
boastful	0.2215
balsam	0.2215
bankruptcies	0.2213
Bobo	0.2210
bitterest	0.2209
Byzantines	0.2209
Beitrag	0.2206
broiled	0.2205
Beni	0.2205
baboon	0.2205
bundling	0.2204
brusque	0.2196
Bolingbroke	0.2194
boldest	0.2194
Banff	0.2193
Brownell	0.2192
bide	0.2188
Brouwer	0.2184
Burman	0.2182
Bridgeport	0.2182
Braudel	0.2181
bothersome	0.2180
bottling	0.2175
bespoke	0.2168
botched	0.2164
belittle	0.2163
boldface	0.2163
bromine	0.2161
betel	0.2159
breakpoint	0.2157
Barbarossa	0.2157
Bahr	0.2154
BBB	0.2154
Bernini	0.2153
biker	0.2153
Balaam	0.2152
Beitrage	0.2151
Burrell	0.2149
boosts	0.2148
B.E.	0.2146
banality	0.2145
Beardsley	0.2142
bloating	0.2140
Bullard	0.2133
Broome	0.2132
bawdy	0.2131
Bayreuth	0.2130
blackberries	0.2128
Bradstreet	0.2127
basements	0.2127
bustled	0.2127
buffeted	0.2121
bosoms	0.2117
bubbly	0.2116
biracial	0.2116
buoys	0.2114
bifurcated	0.2113
bimodal	0.2113
Bornstein	0.2108
Blackman	0.2104
blazes	0.2103
bikers	0.2101
Broderick	0.2099
boudoir	0.2099
brimstone	0.2090
billiards	0.2090
Brower	0.2089
Bobbs	0.2086
bashful	0.2086
berths	0.2086
barest	0.2082
Beebe	0.2081
Buffy	0.2079
Binet	0.2078
Brigid	0.2077
backwoods	0.2062
Belcher	0.2061
beseeching	0.2059
bounties	0.2058
bismuth	0.2058
bicentennial	0.2056
blackjack	0.2054
Bunsen	0.2053
befits	0.2052
byes	0.2051
bedlam	0.2048
Buffon	0.2047
Bild	0.2046
bouillon	0.2046
backfired	0.2044
Bridgeman	0.2041
BJP	0.2039
biasing	0.2037
blacked	0.2037
BCG	0.2036
balled	0.2032
Bodin	0.2032
blistered	0.2031
broach	0.2024
Barnaby	0.2020
bonfires	0.2020
Brescia	0.2017
burlap	0.2017
Barclays	0.2017
bucked	0.2016
Bros	0.2014
barbs	0.2007
B5	0.2006
bulwarks	0.2005
bonnets	0.2004
beehive	0.2003
Bushman	0.2002
Bachman	0.2000
Baumgartner	0.1997
baseless	0.1997
Busby	0.1996
Bight	0.1996
Brits	0.1995
Boehm	0.1991
behaviorally	0.1990
brusquely	0.1986
biometrics	0.1986
Botticelli	0.1983
backfire	0.1982
B7	0.1979
blots	0.1977
blandly	0.1971
Bibliothek	0.1971
Bala	0.1971
barreled	0.1971
Bubba	0.1969
borderland	0.1968
breakwater	0.1967
bronzed	0.1967
batten	0.1965
Belvedere	0.1965
boycotted	0.1965
bulldozer	0.1964
bucking	0.1961
baffle	0.1959
bullocks	0.1957
Blume	0.1956
billionaire	0.1954
buttock	0.1950
butchery	0.1948
blacksmiths	0.1947
Bharati	0.1946
Birnbaum	0.1946
breakaway	0.1943
Barnet	0.1942
bagel	0.1941
Bowery	0.1941
Bagley	0.1940
bypasses	0.1937
Briscoe	0.1932
bazaars	0.1930
backpacks	0.1929
Bourbons	0.1928
benefitted	0.1928
backer	0.1926
bnt	0.1926
Bridgewater	0.1926
bedclothes	0.1924
babysitting	0.1921
Beaulieu	0.1921
braved	0.1920
beaucoup	0.1919
blared	0.1916
Burleigh	0.1915
Bachmann	0.1913
bowled	0.1910
brambles	0.1909
belli	0.1907
blindfold	0.1904
Berthold	0.1904
baleful	0.1904
Brzezinski	0.1902
Bildung	0.1901
busier	0.1900
barrenness	0.1899
Brie	0.1897
Boynton	0.1894
bulleted	0.1894
broods	0.1890
bedridden	0.1890
Berlioz	0.1890
breastplate	0.1889
bullish	0.1887
B.G.	0.1886
Beaton	0.1885
Baroda	0.1885
biosynthetic	0.1885
beguiled	0.1883
benighted	0.1881
belie	0.1877
Bristow	0.1874
Burley	0.1872
balk	0.1869
Bonneville	0.1868
bladed	0.1868
blanketed	0.1868
Bartley	0.1868
bridesmaids	0.1866
Bartolomeo	0.1866
boneless	0.1862
banknotes	0.1862
biphasic	0.1861
Bushmen	0.1859
beckons	0.1858
brained	0.1858
bucolic	0.1857
basso	0.1855
besieging	0.1853
bemoaned	0.1850
bugged	0.1849
Bellah	0.1847
berated	0.1846
Bozeman	0.1844
ballets	0.1843
bathhouse	0.1843
blackest	0.1843
busing	0.1842
ballerina	0.1841
Brophy	0.1838
Bodley	0.1837
bulges	0.1837
beguiling	0.1835
blundered	0.1831
brooms	0.1831
brandished	0.1830
bolting	0.1829
Beatriz	0.1827
blacker	0.1826
bookcases	0.1823
barbers	0.1822
bracketing	0.1821
baldness	0.1820
bossy	0.1818
briefer	0.1818
biogenic	0.1816
Buckinghamshire	0.1816
bicultural	0.1815
bisexuality	0.1815
Berk	0.1812
Betz	0.1812
braver	0.1811
Balliol	0.1809
Bowker	0.1809
Barrymore	0.1806
Bashir	0.1806
boardinghouse	0.1803
blundering	0.1798
Beispiel	0.1796
bolstering	0.1795
bookshops	0.1794
bewitching	0.1793
blubber	0.1793
Bibliotheca	0.1792
bedspread	0.1792
blobs	0.1791
blotches	0.1790
Ballinger	0.1787
bridgehead	0.1787
Banque	0.1786
Balboa	0.1783
buckwheat	0.1783
Brasilia	0.1782
beauteous	0.1781
betters	0.1779
billets	0.1778
Berle	0.1777
B.H.	0.1772
bituminous	0.1772
B.K.	0.1771
Ballantyne	0.1768
barnyard	0.1766
bloodstained	0.1764
Bibliothèque	0.1762
barbershop	0.1762
beim	0.1762
breathlessness	0.1761
barristers	0.1760
Boyne	0.1759
Bartolome	0.1756
baseness	0.1753
bawling	0.1751
Blakely	0.1749
Benning	0.1746
barefooted	0.1743
blockages	0.1742
Behrens	0.1740
Brinton	0.1738
Blackmore	0.1737
beret	0.1736
bivouac	0.1735
bugger	0.1734
bagels	0.1732
bedraggled	0.1728
buzzard	0.1726
Beecham	0.1722
Bandung	0.1720
bombshell	0.1719
bribing	0.1717
blushes	0.1713
Blenheim	0.1712
Bui	0.1710
Burgundian	0.1710
burrowed	0.1708
Blackfriars	0.1706
Bowes	0.1706
Borland	0.1704
breakfasted	0.1702
bulldozers	0.1702
Beckmann	0.1699
Blois	0.1699
bluster	0.1696
behaviorist	0.1696
Bosco	0.1694
biomechanics	0.1686
B.F.	0.1685
Bergh	0.1685
bellicose	0.1685
beneficially	0.1684
bandwidths	0.1684
banishing	0.1683
banister	0.1682
baits	0.1681
bluffing	0.1676
blackish	0.1675
bombard	0.1675
boggling	0.1673
baffles	0.1673
bevy	0.1672
bookish	0.1667
bloods	0.1662
Bynum	0.1660
bugging	0.1654
Blanton	0.1654
bartered	0.1650
boarder	0.1650
Blyth	0.1649
bicycling	0.1648
Besant	0.1646
bipartite	0.1645
Beauvais	0.1639
begat	0.1639
Behar	0.1637
benzodiazepine	0.1637
Bovary	0.1637
barometric	0.1635
breweries	0.1631
brooches	0.1630
Breckenridge	0.1630
belching	0.1628
brainwashing	0.1626
baptizing	0.1625
Buchenwald	0.1623
beeswax	0.1617
Bharatiya	0.1614
barricaded	0.1610
beatitude	0.1608
butchering	0.1608
brawny	0.1607
Baca	0.1607
blinks	0.1604
batters	0.1603
breather	0.1602
Bronco	0.1601
Botha	0.1599
bakeries	0.1599
bangles	0.1598
bubonic	0.1596
beryllium	0.1595
benthic	0.1594
Billington	0.1591
beckon	0.1586
Bergstrom	0.1586
boogie	0.1586
Boden	0.1583
Braunschweig	0.1577
Berndt	0.1575
beholds	0.1573
bailiffs	0.1570
butted	0.1568
Brubaker	0.1568
Bericht	0.1564
Baur	0.1563
brotherhoods	0.1560
bevel	0.1560
Balch	0.1557
boars	0.1557
Barbra	0.1554
Batchelor	0.1551
Bechtel	0.1550
boll	0.1549
blowers	0.1549
Bulwer	0.1548
beached	0.1545
buries	0.1544
Buller	0.1544
blockaded	0.1539
behooves	0.1535
burgesses	0.1535
Broadbent	0.1534
Bligh	0.1534
brainchild	0.1532
bloodiest	0.1530
bib	0.1530
barman	0.1530
B.W.	0.1529
Blumberg	0.1529
billowed	0.1528
bombarding	0.1525
beater	0.1524
bedstead	0.1524
Belleville	0.1519
B.2	0.1519
brokered	0.1519
backyards	0.1517
Baskin	0.1517
boatswain	0.1516
burnings	0.1515
bauxite	0.1514
brazenly	0.1513
bulletproof	0.1512
Bergeron	0.1511
butane	0.1510
bird's	0.1510
Belgique	0.1509
Bhatia	0.1508
birthrate	0.1505
bailout	0.1502
bleary	0.1500
buttery	0.1500
Bianco	0.1497
belfry	0.1496
biweekly	0.1495
Bute	0.1492
bestiality	0.1489
bistro	0.1489
Bedouins	0.1485
Baumeister	0.1482
broadsides	0.1482
bloodline	0.1481
bartering	0.1479
beachhead	0.1479
Blackpool	0.1479
burglaries	0.1476
Bendix	0.1474
baser	0.1474
Berners	0.1472
Bogdan	0.1472
bicameral	0.1465
bawled	0.1465
blameworthy	0.1464
Bonham	0.1464
blithe	0.1462
Blom	0.1461
Brookline	0.1459
barnacles	0.1456
bespeaks	0.1454
Barone	0.1450
Briefe	0.1450
bioactive	0.1450
Bretagne	0.1449
brushwood	0.1443
blogging	0.1441
befuddled	0.1438
Bournemouth	0.1437
biomolecules	0.1435
bouncer	0.1434
beatific	0.1433
boobs	0.1433
browsed	0.1432
buffs	0.1429
Begriff	0.1429
bladders	0.1427
Bouvier	0.1425
beading	0.1419
blip	0.1417
Benet	0.1412
belittled	0.1410
basked	0.1407
blurt	0.1407
botulism	0.1407
betook	0.1407
believeth	0.1406
bilious	0.1405
Burk	0.1401
Bostonians	0.1400
beaters	0.1399
backtrack	0.1399
bacteriology	0.1389
blackouts	0.1388
BIA	0.1388
beheading	0.1387
bisected	0.1382
boathouse	0.1381
breakneck	0.1381
Brentwood	0.1379
businesswoman	0.1378
blackbirds	0.1378
belittling	0.1377
bedecked	0.1375
brazier	0.1374
brainwashed	0.1374
Barbier	0.1373
bleating	0.1373
Bayle	0.1373
B.N.	0.1370
Burdett	0.1369
Burlingame	0.1369
beautify	0.1368
Bertolt	0.1366
boomerang	0.1365
Bohn	0.1364
beefy	0.1364
Boleyn	0.1363
Begum	0.1363
booting	0.1360
Bowdoin	0.1350
bagging	0.1346
Blackfoot	0.1345
bandanna	0.1344
biblically	0.1343
biomedicine	0.1343
berserk	0.1342
besotted	0.1338
berets	0.1336
Biochim	0.1336
begot	0.1335
Bir	0.1333
backdoor	0.1331
Bratton	0.1328
betrayals	0.1327
buxom	0.1327
bloodletting	0.1326
Belton	0.1325
buttonhole	0.1325
backtracking	0.1325
Braque	0.1324
backbones	0.1322
brushstrokes	0.1322
BMC	0.1321
Blatt	0.1320
beady	0.1319
Bazar	0.1318
Breckinridge	0.1317
buffoon	0.1315
bioterrorism	0.1313
birches	0.1311
bailing	0.1311
Bataan	0.1311
Backus	0.1311
Bucher	0.1309
Brownlee	0.1309
balsamic	0.1308
banditry	0.1303
bloggers	0.1302
burthen	0.1302
Britney	0.1301
brokenness	0.1299
birthed	0.1299
besiege	0.1298
bombastic	0.1298
banyan	0.1298
Bakersfield	0.1296
Bambi	0.1296
Berbers	0.1290
B.T.	0.1290
Beckham	0.1289
biplane	0.1288
barbecued	0.1288
bacteriological	0.1287
Bedfordshire	0.1286
bigots	0.1285
boxcar	0.1283
beguile	0.1281
Breda	0.1279
BSc	0.1273
ballooning	0.1273
brutalized	0.1273
ballpoint	0.1271
backache	0.1271
beachfront	0.1269
bumpers	0.1267
blacken	0.1266
bashed	0.1265
brownstone	0.1264
Bally	0.1264
Baez	0.1264
brawling	0.1263
Biscay	0.1260
Broder	0.1259
bod	0.1259
Bartels	0.1256
besetting	0.1256
bigot	0.1253
beakers	0.1253
bethought	0.1253
boggy	0.1250
butting	0.1249
bandstand	0.1249
Barbosa	0.1248
bamboos	0.1246
Bamberg	0.1242
businessperson	0.1239
basaltic	0.1236
breathy	0.1235
brawls	0.1234
Budweiser	0.1234
beveled	0.1228
Barros	0.1227
burdening	0.1226
bartenders	0.1224
bigamy	0.1224
bigness	0.1216
Biophysics	0.1214
belched	0.1213
byways	0.1212
babbled	0.1210
behemoth	0.1208
Boni	0.1208
braked	0.1205
baronial	0.1204
bonum	0.1200
brokering	0.1200
bronchus	0.1199
Batsford	0.1198
Baskerville	0.1197
Biswas	0.1196
brats	0.1196
Burge	0.1195
Beziehungen	0.1193
boreholes	0.1193
baneful	0.1189
blondes	0.1188
backwash	0.1185
Brixton	0.1184
Bettmann	0.1183
Beretta	0.1181
Bysshe	0.1181
balloting	0.1179
busses	0.1178
bohemians	0.1178
bettering	0.1177
bespectacled	0.1176
bureaucratization	0.1176
Bielefeld	0.1174
belligerence	0.1173
bridles	0.1172
bathes	0.1172
beeper	0.1170
befalls	0.1167
beeline	0.1167
Bax	0.1166
breastbone	0.1166
benefices	0.1166
bridesmaid	0.1164
blandishments	0.1163
bumbling	0.1163
bespeak	0.1161
BCD	0.1160
bull's	0.1160
barmaid	0.1159
breastfeed	0.1159
bulkheads	0.1157
biz	0.1157
Brittain	0.1156
Brno	0.1154
briar	0.1151
bemoan	0.1151
Blundell	0.1149
Bagdad	0.1149
Berkman	0.1145
bouncy	0.1144
Bayonne	0.1143
banc	0.1142
blurb	0.1142
biotechnological	0.1140
Behrman	0.1140
billeted	0.1140
backsliding	0.1139
blokes	0.1138
boaters	0.1135
barged	0.1135
begetting	0.1133
Bucknell	0.1132
bareheaded	0.1130
birdsong	0.1130
Brokaw	0.1129
Bhagwati	0.1129
blockades	0.1128
biding	0.1126
Bueno	0.1125
benignly	0.1125
Bengalis	0.1125
buggies	0.1125
Bremner	0.1124
bunnies	0.1123
bloodbath	0.1123
Bara	0.1122
BLS	0.1122
bathers	0.1121
blustery	0.1120
bactericidal	0.1118
banqueting	0.1117
Berenson	0.1116
besiegers	0.1114
busyness	0.1114
Berra	0.1111
befitted	0.1110
breadcrumbs	0.1110
beeped	0.1109
barroom	0.1109
Bosphorus	0.1108
Bloor	0.1108
blustering	0.1108
blotter	0.1108
bandleader	0.1107
Berghahn	0.1107
berating	0.1106
backhand	0.1106
buttoning	0.1106
Bridger	0.1105
bestowal	0.1105
boorish	0.1104
backpackers	0.1100
bested	0.1100
brogue	0.1100
bemoaning	0.1099
blizzards	0.1099
bantering	0.1099
blinders	0.1098
Bastian	0.1098
betrayer	0.1097
bogey	0.1096
bettered	0.1095
bluntness	0.1095
backpacking	0.1094
basest	0.1092
bandied	0.1090
Berenice	0.1089
Blavatsky	0.1089
brawn	0.1088
buyouts	0.1084
breadwinners	0.1083
blackening	0.1083
blankness	0.1081
Braga	0.1079
bramble	0.1076
Bioscience	0.1075
blocky	0.1074
blockading	0.1074
bungled	0.1073
baying	0.1073
begrudge	0.1073
Bloomingdale	0.1070
Blumer	0.1068
broomstick	0.1066
brightens	0.1065
Bibi	0.1064
bagpipes	0.1064
buzzards	0.1063
birthmark	0.1062
Bernier	0.1062
Bochum	0.1058
bestsellers	0.1054
bimonthly	0.1053
Bulmer	0.1053
berate	0.1052
ballistics	0.1050
Bennis	0.1047
bunkhouse	0.1046
burrs	0.1042
barbecues	0.1042
Bhavan	0.1041
blanch	0.1040
Benelux	0.1040
bloodlines	0.1038
B8	0.1036
bolsters	0.1036
bricklayer	0.1035
Blakemore	0.1034
blowout	0.1034
bers	0.1033
bridled	0.1032
beeps	0.1030
Becher	0.1030
bugles	0.1030
beardless	0.1030
byline	0.1027
blackmailing	0.1026
bristly	0.1026
bric	0.1024
braiding	0.1023
booed	0.1022
Baran	0.1020
bricolage	0.1018
bravura	0.1018
Bougainville	0.1018
Bundestag	0.1018
Bengt	0.1017
blacklisted	0.1017
Bartram	0.1017
Bhatt	0.1015
behaviorists	0.1013
buts	0.1012
broiling	0.1011
Bollinger	0.1011
Bookman	0.1009
Boydell	0.1007
Bischoff	0.1006
byword	0.1006
Bosnians	0.1006
backdrops	0.1004
Bergamo	0.1003
blackmailed	0.1002
breakpoints	0.1002
beautification	0.1002
blaspheme	0.1000
Beelzebub	0.1000
Bissell	0.09986
Brassey	0.09980
badgers	0.09970
Bodmin	0.09955
baldly	0.09946
Brandes	0.09945
Burchell	0.09926
bringeth	0.09918
borderless	0.09917
ballooned	0.09912
Beatitudes	0.09890
B.3	0.09883
blare	0.09868
Bighorn	0.09838
brittleness	0.09836
bombast	0.09827
burgh	0.09826
Bruns	0.09802
Burkhardt	0.09799
blasphemies	0.09776
bellum	0.09773
bloodstains	0.09772
bulldozed	0.09737
boycotting	0.09723
builded	0.09719
Baumgarten	0.09716
Babington	0.09709
bleu	0.09672
brutalities	0.09646
bended	0.09619
brevis	0.09616
bedfellows	0.09611
buffets	0.09574
Berryman	0.09570
broadsheet	0.09561
blacktop	0.09539
benevolently	0.09537
bleakness	0.09534
Bembo	0.09505
braving	0.09504
blase	0.09502
bootleg	0.09499
blacklist	0.09497
Britishness	0.09497
Blandford	0.09492
Basset	0.09480
biochemist	0.09473
batons	0.09470
boxcars	0.09459
beautified	0.09453
brigand	0.09452
Babbage	0.09449
bloomers	0.09448
buzzword	0.09416
bodywork	0.09371
brac	0.09349
beeping	0.09343
backbreaking	0.09318
blunting	0.09299
befriending	0.09271
breezed	0.09265
beiden	0.09253
Bhakti	0.09240
bringer	0.09233
bility	0.09223
binges	0.09193
Birgit	0.09187
bombardments	0.09174
bestknown	0.09146
buccaneers	0.09128
britches	0.09112
Bronislaw	0.09096
briars	0.09090
bungee	0.09083
barque	0.09070
backwaters	0.09069
boilerplate	0.09062
Busse	0.09058
B.1	0.08969
bleakly	0.08945
briefcases	0.08925
billow	0.08909
Birkbeck	0.08879
bungling	0.08869
brassy	0.08856
bygones	0.08855
borax	0.08848
Biosciences	0.08844
Barack	0.08819
Berge	0.08811
becalmed	0.08786
borehole	0.08746
Braziller	0.08734
bounteous	0.08713
Bunn	0.08689
brainless	0.08678
Berlusconi	0.08675
Benner	0.08667
Bak	0.08656
Burstein	0.08624
barreling	0.08595
boxy	0.08592
Barrera	0.08576
Barro	0.08571
brainer	0.08565
bathwater	0.08565
bathtubs	0.08559
Barret	0.08549
belch	0.08526
bim	0.08515
bluer	0.08507
beadle	0.08499
biannual	0.08480
baubles	0.08467
betake	0.08463
Bakke	0.08441
bedroll	0.08433
Biloxi	0.08414
Bruin	0.08414
bunching	0.08377
braggart	0.08361
Bonita	0.08340
Banbury	0.08330
baseballs	0.08321
balustrades	0.08311
Braverman	0.08310
bilge	0.08307
bricklayers	0.08304
bougainvillea	0.08290
borealis	0.08288
biochemically	0.08283
Bains	0.08275
Birkhauser	0.08272
biomarker	0.08254
Barra	0.08241
billable	0.08240
BNP	0.08233
Benedictines	0.08228
Brainerd	0.08227
Buchner	0.08227
blackguard	0.08208
bizarrely	0.08208
Berta	0.08178
Berichte	0.08178
Bilder	0.08163
bated	0.08163
broil	0.08159
B0	0.08145
Begley	0.08140
Bothwell	0.08123
B.C	0.08113
Baptista	0.08113
browed	0.08106
blitzkrieg	0.08099
Bemerkungen	0.08095
Boulanger	0.08060
burgher	0.08044
brews	0.08041
biphenyls	0.08034
backroom	0.08030
BBS	0.08028
bankrupted	0.08028
breathtakingly	0.08007
billionaires	0.08005
belting	0.07996
believability	0.07989
bandaging	0.07956
Boileau	0.07935
bedeviled	0.07932
blotchy	0.07930
brokenhearted	0.07918
berm	0.07904
bandana	0.07898
bowstring	0.07877
beaked	0.07876
blanked	0.07866
bootstrapping	0.07858
blackface	0.07857
Behr	0.07855
bloodhound	0.07814
Bruton	0.07802
busi	0.07802
breakeven	0.07760
Brion	0.07754
biopsychosocial	0.07754
bream	0.07735
badgered	0.07734
barrages	0.07733
boundedness	0.07731
Blodgett	0.07730
bakes	0.07726
bop	0.07717
Betsey	0.07712
blackand	0.07708
buzzwords	0.07707
basting	0.07696
Beltway	0.07664
Barstow	0.07648
Bollywood	0.07648
betokened	0.07646
buggers	0.07641
Bast	0.07637
Barthelemy	0.07631
Buda	0.07630
blessedly	0.07627
bisects	0.07619
beseeched	0.07604
Burkitt	0.07586
Briand	0.07573
Bickel	0.07565
brainy	0.07542
Bullen	0.07540
beeches	0.07521
backhanded	0.07521
basses	0.07505
Belanger	0.07501
burgeoned	0.07486
beautifying	0.07466
Baraka	0.07453
bodes	0.07449
banisters	0.07443
buffeting	0.07432
braying	0.07431
banshee	0.07428
Bustamante	0.07409
brassiere	0.07356
bishoprics	0.07334
beholders	0.07332
burp	0.07296
busying	0.07272
bafflement	0.07272
betimes	0.07272
Biennale	0.07271
badgering	0.07260
bong	0.07257
Brauer	0.07237
builtin	0.07223
buckshot	0.07212
Bruni	0.07200
begone	0.07200
Birkenhead	0.07198
bitchy	0.07193
babysit	0.07185
benefactions	0.07182
blacking	0.07177
buffoonery	0.07160
Bondi	0.07145
bisecting	0.07141
broadcloth	0.07138
bikinis	0.07132
babysitters	0.07128
Battersea	0.07120
befriends	0.07110
backtracked	0.07109
barrelled	0.07084
brainpower	0.07081
bobs	0.07051
Brownlow	0.07046
blinkered	0.07041
betweens	0.07032
boded	0.07014
bandpass	0.07013
bathhouses	0.07010
basely	0.07005
baloney	0.07005
Bellman	0.06989
blustered	0.06984
Boles	0.06983
Botox	0.06963
Bonilla	0.06948
Bagh	0.06937
boos	0.06932
Booklist	0.06897
behoves	0.06896
banishes	0.06890
basketry	0.06889
boardrooms	0.06888
Bazin	0.06885
Benedetti	0.06873
bloodhounds	0.06858
beehives	0.06833
budged	0.06812
bodiless	0.06804
barbeque	0.06801
Bossuet	0.06800
babyhood	0.06788
Bertelsmann	0.06783
benefice	0.06780
bumpkin	0.06764
bifocals	0.06756
barging	0.06756
busybody	0.06755
bole	0.06743
begrudgingly	0.06737
Bettelheim	0.06726
Berner	0.06715
blotch	0.06708
boor	0.06696
Brereton	0.06695
blurting	0.06690
besonderer	0.06673
Brookhaven	0.06668
birdie	0.06643
Baddeley	0.06642
billowy	0.06639
brotherin	0.06634
barometers	0.06634
bonhomie	0.06633
broaching	0.06624
backhoe	0.06606
Bingen	0.06606
bawl	0.06606
Baluchistan	0.06597
Berrett	0.06595
blanketing	0.06590
bareback	0.06560
bodv	0.06553
bootleggers	0.06548
Buckminster	0.06545
biofuels	0.06537
blockbusters	0.06520
Burdick	0.06494
bouse	0.06493
bided	0.06482
bowsprit	0.06472
backlit	0.06463
buttercups	0.06461
bulimic	0.06457
bemoans	0.06455
briny	0.06454
Bostonian	0.06435
buttressing	0.06424
bij	0.06412
birdlike	0.06374
bouncers	0.06368
boob	0.06355
blips	0.06352
Belo	0.06341
brocaded	0.06326
beadwork	0.06317
bootstraps	0.06293
benumbed	0.06293
blindingly	0.06288
blockhead	0.06284
boatload	0.06279
benignity	0.06243
BusinessWeek	0.06243
blackboards	0.06233
bitching	0.06228
bequeathing	0.06222
Brogan	0.06214
Britannic	0.06198
Biltmore	0.06185
bewail	0.06182
Beall	0.06177
beggarly	0.06138
Brazos	0.06136
Bernardi	0.06129
blasphemed	0.06114
blotched	0.06109
bludgeoned	0.06109
backboard	0.06103
Buonaparte	0.06100
breakable	0.06094
B9	0.06091
bemusement	0.06042
bifurcations	0.06039
bureaucratized	0.06020
benignant	0.06010
Broglie	0.06004
blindsided	0.05995
Beckford	0.05994
bicep	0.05991
Baynes	0.05986
Ballou	0.05956
Bau	0.05945
bivouacked	0.05942
bogeyman	0.05927
Bundesrepublik	0.05922
belongingness	0.05916
buffed	0.05900
bicyclists	0.05891
Burks	0.05871
belying	0.05864
badminton	0.05826
blandness	0.05824
Brundtland	0.05805
birthrates	0.05803
ballgame	0.05802
backgammon	0.05796
breastworks	0.05793
bookkeepers	0.05785
bleaker	0.05780
Bhat	0.05777
Bahama	0.05770
Bunge	0.05765
bureaux	0.05754
beggary	0.05753
Beaconsfield	0.05722
brocades	0.05717
Blackwater	0.05711
bummed	0.05708
Baily	0.05697
Bledsoe	0.05680
belligerently	0.05678
bigwigs	0.05674
bewailed	0.05664
brooked	0.05664
brainstormed	0.05659
buckler	0.05635
ballrooms	0.05627
bondsman	0.05626
Brandywine	0.05625
benedictions	0.05622
beetroot	0.05617
Bowyer	0.05616
blazers	0.05578
bedevilled	0.05558
Berglund	0.05547
busters	0.05535
bedspreads	0.05523
breathable	0.05516
bulkier	0.05514
Bonjour	0.05499
blubbering	0.05499
bullhorn	0.05495
bedpost	0.05481
Bartsch	0.05481
Blacksburg	0.05456
befit	0.05444
burritos	0.05444
battlegrounds	0.05428
Balthazar	0.05421
bipedal	0.05415
brokenly	0.05407
betide	0.05405
BCC	0.05400
borderlines	0.05370
blasphemer	0.05368
baa	0.05341
bedsheets	0.05327
behemoths	0.05327
broadsheets	0.05319
blogger	0.05307
bloat	0.05302
byway	0.05289
buffoons	0.05288
Burnaby	0.05287
Biafra	0.05281
Blok	0.05278
bordello	0.05275
bons	0.05269
brims	0.05266
burrito	0.05241
Brahe	0.05234
bludgeon	0.05218
banalities	0.05211
benefitting	0.05209
billfold	0.05208
bythe	0.05191
bedevil	0.05191
broadcasted	0.05165
Bolger	0.05158
bankroll	0.05155
ballplayer	0.05147
blurts	0.05138
budded	0.05133
Begg	0.05111
bejeweled	0.05106
Bjork	0.05100
bleat	0.05096
buzzes	0.05086
Bellagio	0.05077
BBQ	0.05069
Bennie	0.05048
beanbag	0.05048
boons	0.05040
backend	0.05036
baize	0.05035
bruit	0.05034
biodiesel	0.05023
backsides	0.05019
booties	0.05010
bused	0.04997
bps	0.04992
barbarities	0.04980
Burford	0.04972
boric	0.04968
baseboard	0.04940
Bayly	0.04936
Bingley	0.04927
bewailing	0.04922
Bruch	0.04918
Britishers	0.04916
braised	0.04909
baguette	0.04906
bauble	0.04878
battlefront	0.04876
bricked	0.04852
bureaucratically	0.04814
barstool	0.04804
blueness	0.04795
bugbear	0.04784
Benvenuto	0.04758
beefed	0.04747
berates	0.04740
banns	0.04735
blanching	0.04715
beaut	0.04712
bumblebee	0.04701
belabor	0.04687
brandish	0.04676
bobbin	0.04671
Behn	0.04662
blowup	0.04649
Bierce	0.04646
Bhutto	0.04642
Bamford	0.04641
bimbo	0.04635
brushwork	0.04634
bulking	0.04631
betokens	0.04627
boisterously	0.04623
Biddy	0.04613
Binns	0.04600
Bedell	0.04600
baste	0.04593
Bewegung	0.04591
breve	0.04578
bookends	0.04578
bewilder	0.04567
bumble	0.04558
benchmarked	0.04532
Bourges	0.04519
bossed	0.04512
blaspheming	0.04506
bondsmen	0.04474
Bridgman	0.04473
Barnwell	0.04452
bandy	0.04447
burro	0.04446
Batson	0.04440
Balakrishnan	0.04432
Belial	0.04429
bashfulness	0.04429
Bentinck	0.04424
bleakest	0.04416
bicker	0.04407
breviary	0.04406
Baconian	0.04389
bookie	0.04354
blinkers	0.04348
Beek	0.04330
banditti	0.04328
Blick	0.04309
Brunet	0.04308
bugler	0.04306
bling	0.04304
Bessemer	0.04303
Broadview	0.04272
Benham	0.04265
Berks	0.04249
bete	0.04240
blemished	0.04237
berthed	0.04232
backfires	0.04228
Beiträge	0.04223
Brito	0.04223
bares	0.04217
bloodcurdling	0.04215
burped	0.04208
Brompton	0.04202
Basile	0.04179
Barratt	0.04171
BCS	0.04171
boxwood	0.04160
Baugh	0.04157
batik	0.04148
blackmailer	0.04137
Biographie	0.04135
braggadocio	0.04114
bewitch	0.04113
B.Sc.	0.04112
butlers	0.04102
bounden	0.04101
browbeat	0.04098
bossing	0.04095
bipolarity	0.04087
brags	0.04077
breakfasting	0.04072
brushy	0.04058
breastplates	0.04052
BFI	0.04041
B.4	0.04040
benefaction	0.04039
balsa	0.04038
Borghese	0.04031
Barksdale	0.04024
Bretons	0.04019
beefsteak	0.04014
Burne	0.04010
birdcage	0.04002
bummer	0.03997
bookworm	0.03980
buccaneer	0.03962
botde	0.03923
busboy	0.03919
Bolognese	0.03899
Brien	0.03897
blighting	0.03866
Bithynia	0.03858
bloodlust	0.03847
Bae	0.03831
bacteriophage	0.03829
Bourse	0.03828
bes	0.03828
bailiwick	0.03827
bountifully	0.03823
BMWs	0.03821
Brumaire	0.03813
bisect	0.03808
bluest	0.03801
Bogle	0.03773
bagpipe	0.03770
bantered	0.03738
broadbased	0.03738
bonkers	0.03737
barony	0.03710
Batt	0.03682
Boorstin	0.03673
backslash	0.03672
behead	0.03670
bowmen	0.03667
betoken	0.03667
baud	0.03666
Brooker	0.03653
bedsteads	0.03651
bareness	0.03648
baling	0.03640
Bidwell	0.03620
blunts	0.03616
beautician	0.03602
bitters	0.03601
benefactress	0.03599
Bayeux	0.03594
butternut	0.03593
bioengineering	0.03593
Badr	0.03563
Belshazzar	0.03555
besmirched	0.03551
brevet	0.03544
Buckeye	0.03532
Blondel	0.03513
brigandage	0.03511
bluffed	0.03511
Brahmaputra	0.03496
Brackett	0.03490
blazoned	0.03478
barbiturate	0.03469
brouhaha	0.03464
backbiting	0.03437
buttering	0.03426
brasses	0.03419
bystep	0.03407
Baffin	0.03394
bung	0.03394
bestir	0.03393
borer	0.03389
Bhargava	0.03383
brutalizing	0.03380
breezily	0.03355
bulked	0.03329
barbarously	0.03328
boggles	0.03322
buttonholes	0.03320
besoin	0.03301
Beersheba	0.03297
begrudged	0.03283
bluebells	0.03278
Byng	0.03276
bleated	0.03274
broadsword	0.03254
Bungay	0.03233
bearskin	0.03233
barefaced	0.03206
bethink	0.03205
bathos	0.03203
brandnew	0.03198
bodybuilding	0.03197
Buchgesellschaft	0.03194
befalling	0.03187
bedcovers	0.03176
Beltran	0.03167
bloomer	0.03164
boozy	0.03152
breastwork	0.03133
booing	0.03115
backstop	0.03114
Borgo	0.03113
bitty	0.03109
Buhler	0.03107
Bion	0.03098
baulked	0.03073
brashness	0.03067
Battaglia	0.03065
belittles	0.03059
burping	0.03057
bankrolled	0.03056
Brin	0.03055
blockhouse	0.03053
bullfight	0.03051
boyishly	0.03025
behoved	0.02993
breakups	0.02987
bussed	0.02982
Bol	0.02981
bootlegging	0.02979
balling	0.02977
butterscotch	0.02971
Bahn	0.02966
Benhabib	0.02951
Buchholz	0.02946
Belloc	0.02946
Berea	0.02939
Berl	0.02936
breadbasket	0.02929
Byronic	0.02920
babyish	0.02918
behinds	0.02916
bulrushes	0.02915
bairn	0.02900
bassoon	0.02899
bitmaps	0.02887
Birney	0.02878
Biosci	0.02876
Bluebeard	0.02870
buder	0.02866
Burghley	0.02854
Bourget	0.02840
Benno	0.02831
Brainard	0.02790
Beitrdge	0.02787
Broward	0.02777
braziers	0.02763
busybodies	0.02757
Biosystems	0.02742
bickered	0.02723
bodybuilder	0.02693
balks	0.02689
bedbugs	0.02683
Bachrach	0.02678
barnacle	0.02651
Bertin	0.02628
bashfully	0.02623
Barbadoes	0.02619
bave	0.02618
besets	0.02612
belladonna	0.02592
brigantine	0.02592
Barbieri	0.02582
Blatter	0.02569
beareth	0.02544
bayoneted	0.02529
buttercup	0.02516
bluebird	0.02516
Bokhara	0.02506
bearish	0.02493
Baedeker	0.02492
BASF	0.02490
Boman	0.02483
Bascom	0.02465
briers	0.02459
brimful	0.02458
Blucher	0.02448
Baikal	0.02447
brakeman	0.02445
biped	0.02438
Brehm	0.02428
blowed	0.02428
Beaumarchais	0.02426
bisexuals	0.02416
badinage	0.02415
Biddies	0.02408
Bruck	0.02407
burnish	0.02405
bairns	0.02403
Benitez	0.02399
Bosporus	0.02379
biofuel	0.02371
bloodier	0.02361
Berthier	0.02333
becomingly	0.02332
brisket	0.02328
booke	0.02325
benzoic	0.02301
Bannerman	0.02297
Baier	0.02293
bivalve	0.02282
beseechingly	0.02279
budging	0.02259
Bourdon	0.02254
burgomaster	0.02243
blackguards	0.02237
Basse	0.02232
Beekman	0.02206
blasphemers	0.02199
Bernadotte	0.02181
blab	0.02180
butyric	0.02179
Bourgogne	0.02171
bootlegger	0.02169
Bagehot	0.02164
blogosphere	0.02162
blowpipe	0.02159
Bellerophon	0.02149
boastfully	0.02134
bibliografische	0.02124
bul	0.02110
Bache	0.02107
betaken	0.02106
Biron	0.02098
bucketful	0.02087
bedsheet	0.02082
baled	0.02076
bangle	0.02063
Bunce	0.02058
Burmah	0.02048
battlement	0.02037
Barnsley	0.02027
botch	0.02010
Beza	0.01997
bine	0.01996
Brampton	0.01988
Barras	0.01988
burnishing	0.01986
Beate	0.01983
biochemists	0.01978
battened	0.01968
bibliophile	0.01966
bamboozled	0.01948
Bailie	0.01938
bonbons	0.01932
Belisarius	0.01930
ballerinas	0.01927
Bartle	0.01922
Brough	0.01920
Bachelard	0.01900
Barabbas	0.01898
bifurcate	0.01896
brayed	0.01883
Britisher	0.01874
Bailly	0.01867
Balearic	0.01863
batdes	0.01859
Batty	0.01853
Barberini	0.01851
Burgundians	0.01848
broadness	0.01839
breastfed	0.01832
begrudging	0.01822
Bowring	0.01810
bouses	0.01796
Bellarmine	0.01789
bickerings	0.01786
barcode	0.01786
Binney	0.01785
bivalves	0.01778
Bowditch	0.01777
Behring	0.01768
brier	0.01766
Bhaskar	0.01753
bronchioles	0.01753
betcha	0.01751
begrimed	0.01749
billionth	0.01749
bosh	0.01747
Barham	0.01738
buckboard	0.01729
busload	0.01707
broils	0.01707
Bixby	0.01695
bromides	0.01692
banknote	0.01690
Bordo	0.01681
Banquo	0.01673
Bavarians	0.01673
Breck	0.01672
brandies	0.01667
Brahmanism	0.01648
Bosanquet	0.01634
beetling	0.01631
Bridewell	0.01630
Buccleuch	0.01628
Blackfeet	0.01622
beatified	0.01610
blights	0.01609
betrayers	0.01609
barouche	0.01608
Beuve	0.01606
Brundage	0.01603
batsman	0.01603
blimp	0.01602
behooved	0.01599
benzyl	0.01596
backstory	0.01592
bestirred	0.01588
botdes	0.01585
beggared	0.01582
bulldozing	0.01567
brigs	0.01558
bioassay	0.01551
Bonferroni	0.01549
briskness	0.01547
Bibb	0.01537
Bemis	0.01527
Burnley	0.01518
Brunton	0.01515
basilisk	0.01513
bloomin	0.01512
Brune	0.01503
bustles	0.01497
Brunelleschi	0.01494
Bevis	0.01493
Bonney	0.01490
Bastile	0.01490
Barbe	0.01474
Bewick	0.01473
Beziehung	0.01470
blunderbuss	0.01469
bequeaths	0.01464
Benedictus	0.01464
behoove	0.01461
Bonar	0.01459
Bakewell	0.01456
bonheur	0.01451
BIBLIOBAZA	0.01436
Bagot	0.01432
bather	0.01432
bestrode	0.01428
breathings	0.01420
Blackheath	0.01410
bacchanalian	0.01403
Bogue	0.01401
Braintree	0.01398
Brockman	0.01395
breadfruit	0.01385
backrest	0.01384
Bayne	0.01373
Boreas	0.01373
bys	0.01371
Bhe	0.01363
burros	0.01362
Bermudas	0.01362
b'lieve	0.01360
battens	0.01353
bonafide	0.01353
behests	0.01350
Bice	0.01349
Biarritz	0.01346
Belvoir	0.01332
basketful	0.01331
borings	0.01330
borers	0.01326
broaches	0.01324
Bashan	0.01312
boozing	0.01312
Borromeo	0.01309
Bobert	0.01309
boors	0.01308
bunt	0.01308
boding	0.01307
belligerency	0.01301
Boylston	0.01296
blowtorch	0.01293
Bulow	0.01289
Blackett	0.01289
befel	0.01283
Bassano	0.01278
Belgrave	0.01278
Billingsgate	0.01272
behoof	0.01272
blazon	0.01271
Belsen	0.01270
blent	0.01261
beeves	0.01258
Benj	0.01257
bulldoze	0.01256
balking	0.01253
Bayswater	0.01251
burthens	0.01250
Biographia	0.01249
Birrell	0.01246
Besancon	0.01234
Boole	0.01231
breadths	0.01230
booh	0.01229
bobbins	0.01226
BCA	0.01226
Brunel	0.01223
beeu	0.01221
bil	0.01221
Bannockburn	0.01220
Balmoral	0.01210
brae	0.01208
blather	0.01201
bowlders	0.01195
Bishopsgate	0.01191
Bampton	0.01188
becometh	0.01185
Barca	0.01179
brusqueness	0.01178
bya	0.01170
biggie	0.01168
Biver	0.01167
barkeeper	0.01166
bespattered	0.01147
bowlers	0.01143
Brechtian	0.01143
Bittner	0.01143
babysat	0.01143
Bartok	0.01141
boastfulness	0.01138
bub	0.01129
bumptious	0.01124
blanking	0.01122
Brander	0.01122
Brentford	0.01122
blubbered	0.01120
Bindung	0.01120
bondman	0.01118
backwoodsman	0.01112
blackly	0.01108
Bhattacharyya	0.01107
brunettes	0.01107
biassed	0.01107
bettor	0.01102
Bonaventura	0.01100
brilliants	0.01099
bewilderingly	0.01098
Beerbohm	0.01095
bootless	0.01095
bookmaker	0.01095
behindhand	0.01094
barrens	0.01093
benzine	0.01091
bulks	0.01090
Bronfenbrenner	0.01087
bergs	0.01086
Bethsaida	0.01084
Bethnal	0.01080
Blumenfeld	0.01078
Bruyere	0.01078
bluebirds	0.01078
buttes	0.01077
Blass	0.01073
bruited	0.01070
baptistery	0.01064
bolls	0.01063
byre	0.01060
Bermondsey	0.01053
beene	0.01052
baulk	0.01048
baronetcy	0.01046
binnacle	0.01045
Boyal	0.01042
Buddhistic	0.01042
bankrupts	0.01040
bondmen	0.01038
backwoodsmen	0.01029
Brindisi	0.01025
Boeotia	0.01025
braes	0.01025
bombards	0.01023
betokening	0.01013
Baid	0.01012
breiten	0.01002
breakin	0.01001
bayous	0.009946
blarney	0.009915
Boutros	0.009877
bipeds	0.009821
Brava	0.009773
braw	0.009764
bedewed	0.009753
balusters	0.009735
beens	0.009729
bedfellow	0.009699
blockheads	0.009690
basilicas	0.009670
Balaclava	0.009664
Brinsley	0.009616
brainwash	0.009614
Bernardin	0.009598
Bichard	0.009583
Brut	0.009582
backless	0.009551
breakwaters	0.009533
boggled	0.009524
Bights	0.009520
blabbing	0.009513
Beranger	0.009488
bookmakers	0.009437
Bibliographie	0.009381
Bhould	0.009371
bloodily	0.009322
bagatelle	0.009302
Belgravia	0.009288
Bulfinch	0.009286
Barnhart	0.009264
B.O.	0.009248
Babylonish	0.009226
Bhall	0.009217
broths	0.009208
bless'd	0.009188
bouche	0.009181
Brea	0.009163
beauty7	0.009156
better'n	0.009145
bucklers	0.009109
Beachy	0.009060
besom	0.009059
bookbinder	0.009031
boatloads	0.009017
Bani	0.008952
bellwether	0.008934
Boadicea	0.008909
boaster	0.008885
bitterer	0.008885
belongeth	0.008884
Bellona	0.008839
Blu	0.008822
battlemented	0.008788
Bergerac	0.008752
bounder	0.008741
bloweth	0.008714
banquette	0.008712
bleared	0.008633
bint	0.008629
busies	0.008624
Bildungsroman	0.008590
bachelorhood	0.008514
bittern	0.008483
bloodred	0.008471
bitingly	0.008427
besmeared	0.008393
Braganza	0.008364
blockhouses	0.008334
brung	0.008330
browner	0.008283
breasting	0.008254
bejewelled	0.008242
bodkin	0.008202
beagles	0.008187
bajo	0.008148
BIBLIOBAZAA	0.008146
blear	0.008133
bowlder	0.008103
browbeaten	0.008088
bandbox	0.008085
buoyantly	0.008038
burdock	0.008007
bereavements	0.008000
bungler	0.007933
blamable	0.007913
brogues	0.007904
broidered	0.007881
Bourg	0.007877
bridling	0.007809
basted	0.007802
buckram	0.007767
bedizened	0.007756
baronets	0.007753
brindled	0.007717
barricading	0.007695
Brazils	0.007690
Bacchic	0.007655
Brinkman	0.007625
backstabbing	0.007623
bodices	0.007591
bosomed	0.007417
belter	0.007417
Bibl	0.007416
barm	0.007362
bridegrooms	0.007324
Belvidere	0.007270
bents	0.007268
bungle	0.007266
bayed	0.007261
brigadiers	0.007246
blameable	0.007233
beseeches	0.007224
belike	0.007188
burs	0.007165
Biot	0.007134
breaded	0.007131
blackthorn	0.007093
baronies	0.007086
boobies	0.007084
befal	0.007069
bravos	0.006986
bating	0.006985
balsams	0.006970
bullfrog	0.006956
bringin	0.006950
baptise	0.006936
beneficed	0.006918
bespeaking	0.006858
blunter	0.006848
bookstall	0.006774
backslider	0.006721
Bame	0.006716
burbling	0.006689
befo	0.006682
breakages	0.006651
blackens	0.006635
bivouacs	0.006629
boardinghouses	0.006619
bides	0.006610
biographic	0.006579
beare	0.006539
boose	0.006519
bulldogs	0.006483
brickbats	0.006463
brisker	0.006460
bushed	0.006447
birthdate	0.006427
biter	0.006399
buffing	0.006382
bellhop	0.006362
baith	0.006357
buckskins	0.006325
bumblebees	0.006303
boyishness	0.006301
benumbing	0.006260
bludgeons	0.006256
breaketh	0.006247
bow'd	0.006128
biennially	0.006119
Batavian	0.006115
blowin	0.006112
broomsticks	0.006110
barbarisms	0.006085
burlesques	0.006085
ballasted	0.006049
babbler	0.006041
bogies	0.005984
Bihari	0.005975
brawler	0.005966
brooklet	0.005946
Beata	0.005906
bevelled	0.005899
backslidings	0.005886
blacksmithing	0.005866
borate	0.005865
bethinking	0.005863
bome	0.005845
bewails	0.005791
broadswords	0.005784
burthened	0.005780
bestride	0.005762
betaking	0.005742
bourgeoise	0.005737
belfries	0.005722
bespoken	0.005681
bootmaker	0.005659
bruiser	0.005654
begetter	0.005610
bumpkins	0.005556
battie	0.005542
behove	0.005540
butcheries	0.005518
betakes	0.005403
besprinkled	0.005387
burgled	0.005353
bardic	0.005324
blandest	0.005324
blasé	0.005302
beguiles	0.005289
boundlessness	0.005244
buskins	0.005243
Brussel	0.005243
babbles	0.005241
bereave	0.005215
bonis	0.005214
bibs	0.005205
bibulous	0.005205
busde	0.005199
bosky	0.005183
basks	0.005183
befooled	0.005178
balky	0.005167
bree2e	0.005167
balefully	0.005147
bedchambers	0.005102
baptizes	0.005087
blasphemously	0.005080
benignantly	0.005078
belaboured	0.005071
boastings	0.005057
bered	0.005044
balms	0.005037
blindest	0.005021
bewilders	0.005019
basketballs	0.005017
bylaw	0.005004
balderdash	0.004986
bandying	0.004983
birthplaces	0.004983
belabored	0.004950
brutalize	0.004934
backslide	0.004909
boudoirs	0.004909
behaviourist	0.004866
blinder	0.004857
bord	0.004849
benison	0.004763
brawlers	0.004725
BiblioBa2aar	0.004718
brandishes	0.004698
bookstalls	0.004682
beribboned	0.004680
betted	0.004660
Bruder	0.004658
blabbed	0.004651
beneficently	0.004635
bunked	0.004606
befouled	0.004601
befogged	0.004597
bles	0.004561
beautifies	0.004552
barracuda	0.004537
brutishness	0.004510
bugaboo	0.004500
Bacall	0.004472
bestriding	0.004469
broadminded	0.004409
besmirch	0.004373
burlesqued	0.004326
bisque	0.004319
bauds	0.004314
broadshouldered	0.004312
bellying	0.004289
blunderer	0.004272
bagful	0.004251
blushingly	0.004180
beginnin	0.004179
bellyful	0.004148
boasters	0.004146
boorishness	0.004144
bookselling	0.004117
bugbears	0.004110
bewitchingly	0.004094
bookbinding	0.004074
bonnes	0.004045
BertelsmannSpringer	0.004041
burnin	0.003977
biro	0.003973
brighdy	0.003951
bowline	0.003922
billeting	0.003812
bulrush	0.003720
Blackwall	0.003699
bloodstain	0.003677
bere	0.003656
blacklisting	0.003648
buildin	0.003643
bodi	0.003502
be5Tond	0.003205
bleaches	0.003154
blessin	0.003100
bourn	0.003068
bails	0.003064
buyin	0.003048
buccaneering	0.003026
bap	0.003023
beiug	0.002976
baek	0.002887
believest	0.002869
brio	0.002830
bringest	0.002649
Bleep	0.002640
burneth	0.002582
beauti	0.002581
backsliders	0.002525
bearest	0.002501
beclouded	0.002500
bespangled	0.002478
begirt	0.002463
browbeating	0.002460
boggle	0.002445
backto	0.002431
brilliandy	0.002431
breeched	0.002420
backstairs	0.002404
beatin	0.002388
battledore	0.002371
beseems	0.002330
brutalised	0.002326
blackballed	0.002296
baaed	0.002220
bludgeoning	0.002209
bilk	0.002130
backfiring	0.002119
Btate	0.002101
beea	0.002054
belches	0.002036
brokendown	0.001892
