more	759.9
my	656.7
may	548.3
me	496.8
most	405.9
many	356.7
made	299.5
must	276.0
much	272.9
make	266.8
man	253.0
might	198.5
men	182.7
means	115.7
model	110.7
making	109.9
mind	107.7
mother	103.7
M.	101.2
management	99.43
market	90.86
members	90.28
money	89.19
major	89.08
matter	85.09
mean	77.33
m	76.66
Mr.	75.21
method	75.12
main	70.43
moment	70.30
material	67.52
makes	66.65
modern	63.71
movement	63.33
middle	61.13
military	59.85
music	58.62
move	58.55
months	57.93
morning	56.73
methods	56.38
medical	54.04
meaning	53.95
member	48.08
myself	47.84
minutes	47.59
meeting	46.69
meet	46.31
million	46.07
March	45.97
mass	45.52
memory	45.18
media	45.12
moral	43.91
met	43.88
moved	43.52
models	42.29
materials	41.69
manner	40.45
maybe	37.65
male	37.43
message	37.35
multiple	37.24
measure	37.18
master	36.49
marriage	36.17
mental	35.97
measures	35.80
mark	35.68
moving	35.40
miles	35.38
Mrs.	34.50
meant	34.36
Mary	34.16
month	32.87
majority	32.37
mentioned	32.21
mouth	31.43
married	29.90
merely	29.82
miss	29.54
motion	29.33
mail	28.12
Michael	27.47
minister	27.39
matters	27.26
Moreover	27.15
maintain	27.13
machine	27.10
mode	26.06
medicine	25.68
maximum	25.28
mission	25.05
medium	24.36
markets	24.27
manager	24.08
map	23.01
measured	22.76
mid	22.74
museum	22.55
Mexico	22.45
minimum	22.26
minute	22.21
mountain	22.13
movements	22.01
marketing	21.90
managed	21.89
mine	21.75
metal	21.58
Martin	21.54
marked	21.45
mm	20.57
mainly	19.79
mixed	19.43
mechanism	19.35
muscle	19.31
managers	19.06
mostly	18.77
MA	18.74
mere	18.02
Mr	17.75
measurement	17.60
mechanisms	17.59
ministry	17.56
maintenance	17.45
motor	17.22
minor	17.15
matrix	16.91
mention	16.70
moon	16.51
maintained	16.41
mountains	16.37
monitoring	16.34
milk	16.32
magazine	16.00
match	15.91
meetings	15.82
mechanical	15.80
mg	15.39
manufacturing	15.27
messages	15.24
manage	14.98
missing	14.89
moments	14.82
murder	14.63
Muslim	14.56
mutual	14.51
minority	14.50
movie	14.36
menu	14.07
musical	13.87
molecular	13.85
minds	13.84
moves	13.73
meat	13.47
mom	13.45
modified	13.37
marks	13.26
mothers	13.14
mobile	13.02
Miller	12.93
magnetic	12.83
MS	12.81
mirror	12.72
membership	12.67
measurements	12.67
ml	12.31
mixture	12.19
membrane	11.97
managing	11.96
migration	11.82
magic	11.72
monitor	11.71
Mexican	11.71
memories	11.64
mix	11.62
maintaining	11.57
mistake	11.54
muscles	11.45
mile	11.40
mood	11.35
multi	11.22
millions	11.21
massive	11.19
marine	11.17
molecules	11.14
manual	11.12
medieval	11.11
meal	11.01
Max	10.90
moderate	10.85
machines	10.80
mount	10.54
Maria	10.51
Med	10.34
mathematics	10.30
males	10.28
modes	10.26
motivation	10.21
Meanwhile	10.11
marry	10.04
mathematical	10.02
mystery	10.02
mortality	9.964
maps	9.961
min	9.800
measuring	9.718
Microsoft	9.715
myth	9.697
monthly	9.606
Mike	9.479
modeling	9.447
monetary	9.433
Margaret	9.387
meanings	9.384
mining	9.380
mouse	9.361
Massachusetts	9.356
missed	9.335
Matthew	9.193
magnitude	8.947
ministers	8.939
Muslims	8.926
morality	8.920
Michigan	8.828
mill	8.818
marginal	8.709
mad	8.657
manuscript	8.549
meaningful	8.486
masses	8.445
Moses	8.358
minimal	8.334
mercy	8.143
Moscow	8.118
masters	8.014
Morgan	7.992
Moore	7.980
mobility	7.977
methodology	7.916
Mrs	7.799
margin	7.784
mounted	7.771
mapping	7.660
Marshall	7.645
mild	7.602
movies	7.526
mask	7.401
makers	7.345
Marie	7.334
midst	7.283
mature	7.233
matching	7.151
medication	7.141
modest	7.128
metaphor	7.121
machinery	7.091
municipal	7.086
Mac	7.057
mankind	7.031
mit	7.019
motivated	6.939
Mississippi	6.929
mayor	6.926
mi	6.909
Morris	6.826
manufacturers	6.814
majesty	6.743
Monday	6.739
merchant	6.716
mice	6.674
modification	6.637
modify	6.606
mainstream	6.597
mistakes	6.526
manifest	6.514
mighty	6.402
module	6.394
mysterious	6.383
memorial	6.359
mineral	6.359
merchants	6.353
merit	6.341
mediated	6.337
meals	6.317
magazines	6.302
maternal	6.273
MD	6.270
mud	6.240
mixing	6.140
motives	6.132
Marx	6.064
meets	6.048
metals	6.032
Madison	6.032
Mediterranean	6.030
manufacturer	6.007
Madame	5.953
metropolitan	5.948
molecule	5.937
modernity	5.882
Missouri	5.820
mechanics	5.761
missionary	5.740
minimize	5.735
Murray	5.710
mills	5.688
meditation	5.683
Minnesota	5.678
minorities	5.671
mortgage	5.636
maturity	5.635
momentum	5.631
metabolism	5.612
math	5.609
manufacture	5.587
medications	5.585
midnight	5.576
Macmillan	5.560
Mitchell	5.553
Mama	5.547
motive	5.493
miracle	5.373
missions	5.345
median	5.300
mess	5.299
Ms.	5.264
Matt	5.227
Maryland	5.207
minded	5.194
mines	5.175
moisture	5.169
maintains	5.114
matched	5.106
magnificent	5.076
manners	5.071
markers	5.065
micro	5.054
maker	5.040
manipulation	5.019
metabolic	4.997
marital	4.984
musicians	4.977
mate	4.967
meters	4.965
marble	4.924
monopoly	4.924
mercury	4.904
Manchester	4.894
Martha	4.870
marker	4.831
manufactured	4.805
mentally	4.793
myths	4.759
mistress	4.745
mistaken	4.734
modifications	4.654
Milton	4.652
missionaries	4.607
Mason	4.559
misery	4.548
Mass.	4.537
miserable	4.517
margins	4.476
minerals	4.437
masculine	4.435
mutually	4.431
manifestations	4.421
matches	4.415
murdered	4.410
merits	4.409
meantime	4.333
Muhammad	4.322
mandatory	4.276
manifestation	4.266
messenger	4.235
monks	4.223
marriages	4.185
mo	4.165
Marcus	4.163
Murphy	4.162
mutations	4.159
merger	4.128
monument	4.117
marched	4.108
Malaysia	4.106
maid	4.085
mediation	4.078
meter	4.077
meta	4.056
motions	4.055
morrow	4.047
millennium	4.041
marking	4.024
monster	4.018
magical	4.006
manuscripts	4.006
morally	4.004
macro	3.994
managerial	3.981
Madrid	3.958
Mars	3.948
mortal	3.946
monk	3.939
mandate	3.938
migrants	3.917
mutation	3.894
Mt	3.880
multitude	3.872
modelling	3.867
metaphysical	3.850
memoirs	3.849
manifested	3.817
muscular	3.778
modules	3.730
melting	3.721
membranes	3.704
marketplace	3.672
museums	3.667
maritime	3.661
Maine	3.617
methodological	3.612
miracles	3.590
memorandum	3.584
monastery	3.573
malignant	3.570
missile	3.566
morphology	3.562
Montreal	3.560
monitored	3.557
medial	3.550
mystical	3.542
maximize	3.526
Maggie	3.514
misleading	3.496
muttered	3.473
madness	3.468
mentions	3.468
Michel	3.457
monarchy	3.443
mysteries	3.426
mainland	3.419
merchandise	3.399
mol	3.395
Munich	3.392
modem	3.380
murmured	3.375
Miami	3.364
McGraw	3.341
martial	3.313
multimedia	3.311
Malcolm	3.309
marrow	3.299
Maya	3.291
Minneapolis	3.286
monuments	3.278
Medicare	3.268
mastery	3.264
Maurice	3.259
militia	3.241
Montgomery	3.232
Meyer	3.224
metaphysics	3.220
mob	3.207
Marxist	3.202
metaphors	3.192
metric	3.186
mourning	3.181
marsh	3.175
mammals	3.173
Monsieur	3.172
Manhattan	3.156
mesh	3.147
modulation	3.126
myocardial	3.117
MRI	3.112
multiply	3.112
melt	3.104
melancholy	3.099
Mar	3.095
minus	3.091
Milan	3.089
mobilization	3.086
modernization	3.081
mirrors	3.073
masculinity	3.065
monkey	3.048
modeled	3.048
Mao	3.031
mat	3.029
melody	3.028
metallic	3.025
Melbourne	3.016
mist	2.996
medicines	2.992
mentor	2.982
morals	2.964
mini	2.962
mythology	2.954
motors	2.924
marshal	2.920
mounting	2.909
mansion	2.908
Molly	2.892
multicultural	2.886
Mann	2.885
massage	2.869
McDonald	2.867
merry	2.863
MC	2.836
multinational	2.818
monarch	2.803
Maxwell	2.788
mall	2.787
moss	2.780
microscope	2.777
motif	2.765
masks	2.757
manipulate	2.755
Messiah	2.755
memorable	2.742
mold	2.736
multiplied	2.731
Monte	2.711
Marc	2.699
moist	2.683
makeup	2.661
migrant	2.653
marching	2.650
mosaic	2.648
Morrison	2.646
melted	2.632
merge	2.626
miniature	2.620
miners	2.616
massacre	2.610
maiden	2.605
MacDonald	2.604
magistrate	2.593
marines	2.577
Montana	2.566
missiles	2.564
mound	2.557
mantle	2.549
metres	2.543
Manuel	2.541
modifying	2.541
Methodist	2.541
mouths	2.537
Marion	2.529
miscellaneous	2.507
matrices	2.485
microwave	2.483
markedly	2.479
morale	2.475
maize	2.468
McCarthy	2.460
musician	2.455
mon	2.452
M.D.	2.447
merged	2.446
mum	2.442
modernism	2.430
Monroe	2.426
memo	2.425
MN	2.423
MP	2.422
mock	2.413
Manila	2.412
magnesium	2.408
microbial	2.401
moderately	2.394
mosque	2.391
modernist	2.387
Morton	2.386
morphological	2.384
monkeys	2.380
medal	2.374
multilateral	2.369
Mar.	2.368
multiplication	2.362
microscopic	2.354
ministries	2.336
mRNA	2.331
malaria	2.314
misfortune	2.312
monitors	2.306
microscopy	2.304
motivations	2.299
memoir	2.283
meadow	2.282
meaningless	2.281
murders	2.280
maximal	2.275
motifs	2.274
Myers	2.273
manually	2.271
Marxism	2.270
mapped	2.265
madam	2.217
manipulated	2.215
murderer	2.200
marrying	2.196
Miranda	2.194
methodologies	2.186
mortar	2.168
myriad	2.168
moonlight	2.166
morbidity	2.144
Monica	2.139
manages	2.127
mixtures	2.123
militant	2.098
miraculous	2.086
mediator	2.079
Morocco	2.074
multiplicity	2.072
magistrates	2.072
manhood	2.065
Mart	2.061
Marquis	2.057
modal	2.056
mentioning	2.051
mentality	2.050
magnet	2.045
M.A.	2.043
mailing	2.025
microorganisms	2.015
monastic	2.011
mystic	2.009
Miguel	2.008
mutant	2.005
mast	2.005
MB	2.004
metrics	2.000
misunderstanding	1.999
mattered	1.991
meadows	1.989
macroeconomic	1.981
muddy	1.969
marijuana	1.968
methyl	1.963
motivate	1.954
materialism	1.951
Michelle	1.948
Marcel	1.946
ministerial	1.926
motherhood	1.918
Mexicans	1.915
monumental	1.909
Malay	1.909
mare	1.902
measurable	1.899
ma'am	1.885
mandated	1.877
milieu	1.874
mischief	1.864
Marco	1.862
minimizing	1.859
municipalities	1.858
manor	1.854
Medicaid	1.846
monstrous	1.838
menus	1.836
mating	1.833
mythical	1.830
mergers	1.829
maturation	1.826
Mohammed	1.826
momentarily	1.824
modulus	1.823
marina	1.820
manifold	1.820
maple	1.813
microphone	1.808
mingled	1.802
mole	1.802
medicinal	1.801
marvelous	1.793
masonry	1.792
metro	1.790
mammalian	1.789
Memphis	1.784
Mayer	1.775
Martinez	1.775
mundane	1.773
Mead	1.762
Matthews	1.755
manifesto	1.751
Mario	1.751
mentoring	1.750
Marilyn	1.745
Maori	1.744
metropolis	1.744
motionless	1.741
modalities	1.739
moods	1.739
malicious	1.738
misuse	1.735
mustard	1.731
mater	1.730
Milwaukee	1.730
mis	1.729
MHz	1.723
maneuver	1.721
Miriam	1.719
Mackenzie	1.719
Ming	1.716
municipality	1.709
mysticism	1.709
monsters	1.709
multiplying	1.703
mai	1.698
mule	1.697
mint	1.696
martyr	1.693
mastered	1.674
mushrooms	1.673
mates	1.671
Manning	1.667
m2	1.666
Muller	1.664
motivational	1.662
migrate	1.657
merging	1.651
martyrs	1.650
moody	1.649
manifests	1.649
menstrual	1.645
motel	1.644
manuals	1.638
Mickey	1.637
mediate	1.634
modesty	1.630
Mozart	1.626
marginalized	1.623
manpower	1.623
misunderstood	1.619
Melissa	1.617
momentary	1.615
mould	1.613
murmur	1.611
Merrill	1.609
MJ	1.608
maze	1.606
misconduct	1.605
Melville	1.597
Midwest	1.594
monasteries	1.584
maxim	1.582
mitochondrial	1.577
moderation	1.574
malice	1.573
motto	1.566
mornings	1.562
materially	1.558
ment	1.548
metadata	1.544
maximizing	1.543
Marty	1.540
minimized	1.535
manure	1.532
monograph	1.529
modality	1.529
manufactures	1.529
metaphorical	1.525
motioned	1.520
mildly	1.516
manly	1.513
Madonna	1.511
menace	1.504
manipulating	1.495
multivariate	1.495
masked	1.494
Mormon	1.493
motivating	1.492
Marvin	1.491
Madras	1.485
Marian	1.481
Mack	1.479
mais	1.477
mucosa	1.476
Meredith	1.471
Mae	1.469
migrated	1.464
messengers	1.463
midway	1.463
mute	1.460
Mister	1.457
mechanically	1.445
multidimensional	1.436
markings	1.431
mattress	1.426
mitigate	1.415
mirrored	1.413
methane	1.412
mobilize	1.408
misses	1.405
Microbiol	1.404
muster	1.404
marketed	1.401
mounds	1.401
molar	1.400
Mussolini	1.399
mimic	1.398
Mifflin	1.397
marvellous	1.397
majestic	1.391
mitigation	1.391
mules	1.390
macrophages	1.385
Megan	1.385
mandates	1.382
Morse	1.382
modelled	1.382
mas	1.379
Mel	1.379
Mayo	1.375
marvel	1.373
Mecca	1.370
motorcycle	1.370
markup	1.365
mobilized	1.364
maternity	1.362
martyrdom	1.361
Meg	1.360
merciful	1.360
mediators	1.358
Mme	1.355
modular	1.353
mommy	1.348
majors	1.347
mentors	1.335
MacArthur	1.334
mumbled	1.323
multiculturalism	1.323
mediating	1.322
metastases	1.322
mamma	1.314
masterpiece	1.313
menopause	1.312
Macedonia	1.310
metastatic	1.308
mechanic	1.307
mailed	1.307
MPs	1.300
Mercedes	1.294
malnutrition	1.289
mv	1.288
Malta	1.285
MW	1.285
mutants	1.284
mortgages	1.283
manageable	1.279
miner	1.278
mails	1.272
Marianne	1.263
Melanie	1.260
morphine	1.260
migraine	1.259
mania	1.256
mindful	1.252
MSS	1.247
M.J.	1.246
messaging	1.240
marches	1.229
Mitch	1.229
milling	1.228
mellitus	1.228
mug	1.221
meridian	1.212
magician	1.211
MPa	1.210
mythic	1.210
masking	1.202
muffled	1.196
monde	1.194
meats	1.193
mismatch	1.189
metre	1.186
muse	1.186
Mercer	1.180
Macbeth	1.172
messianic	1.172
molten	1.170
mosquitoes	1.169
murderers	1.165
metabolites	1.157
mountainous	1.154
mosquito	1.153
multidisciplinary	1.153
misguided	1.148
mantra	1.147
moor	1.146
Mozambique	1.145
magnification	1.143
mercantile	1.141
marketers	1.136
monographs	1.132
maids	1.132
McClellan	1.131
mythological	1.126
mitochondria	1.123
mil	1.122
messy	1.121
multiplier	1.118
murderous	1.118
mafia	1.117
meningitis	1.117
midday	1.105
marathon	1.104
Marcos	1.103
minors	1.102
mushroom	1.100
melanoma	1.100
Mick	1.100
mocking	1.095
mathematically	1.092
malpractice	1.092
mats	1.091
Marjorie	1.089
Mansfield	1.088
mesa	1.086
minimally	1.085
moth	1.084
Macintosh	1.083
mu	1.083
moose	1.083
Marguerite	1.079
mph	1.079
mistakenly	1.075
mathematician	1.070
Merton	1.070
morbid	1.067
molding	1.066
microbiology	1.063
mal	1.060
Medina	1.059
modulated	1.058
marshes	1.058
MBA	1.055
methanol	1.053
mummy	1.053
mucus	1.052
moaned	1.046
Mesopotamia	1.046
momentous	1.046
mutiny	1.043
magnetism	1.043
Mademoiselle	1.040
mucosal	1.039
mused	1.038
Malaysian	1.038
medals	1.038
Michelangelo	1.036
mortals	1.035
mixer	1.033
milky	1.033
monopolies	1.030
Maureen	1.030
Moran	1.029
Middleton	1.027
Md.	1.026
Mia	1.022
manned	1.019
manic	1.019
mucous	1.018
Markov	1.015
meditations	1.014
migrations	1.013
macroscopic	1.009
McKay	1.007
Mongolia	1.006
McKinley	1.006
mistrust	1.005
Machiavelli	1.003
migrating	1.003
migratory	1.001
Mich.	0.9996
meager	0.9991
mir	0.9987
muted	0.9977
manganese	0.9965
meteorological	0.9943
monarchs	0.9941
mural	0.9929
M.S.	0.9929
Mikhail	0.9926
Medici	0.9895
Madeleine	0.9895
mitral	0.9879
melodies	0.9878
Malone	0.9867
measles	0.9862
meditate	0.9835
Mona	0.9833
metamorphosis	0.9801
Mabel	0.9796
meticulous	0.9755
movable	0.9750
medically	0.9724
misplaced	0.9718
magnified	0.9675
mechanistic	0.9638
malignancy	0.9606
mischievous	0.9598
mourn	0.9581
mockery	0.9578
monotonous	0.9565
midline	0.9562
matured	0.9547
Morley	0.9537
monolithic	0.9530
melodic	0.9519
mastering	0.9512
mixes	0.9507
Mueller	0.9488
mod	0.9486
maneuvers	0.9476
monoclonal	0.9466
misty	0.9466
McCormick	0.9463
molded	0.9461
misunderstandings	0.9455
meek	0.9452
moors	0.9438
misrepresentation	0.9428
misfortunes	0.9379
m3	0.9373
mono	0.9371
midwives	0.9364
mindset	0.9302
midwife	0.9301
Maynard	0.9293
mounts	0.9272
Muir	0.9255
mathematicians	0.9232
Marcia	0.9214
microbes	0.9198
Malawi	0.9178
menacing	0.9177
mosques	0.9115
Madagascar	0.9084
monsoon	0.9076
miraculously	0.9045
Manitoba	0.9034
milestones	0.9017
mahogany	0.9016
Murdoch	0.9009
Merlin	0.8864
MK	0.8840
muzzle	0.8835
Michele	0.8808
millionaire	0.8800
misled	0.8784
marginally	0.8779
modestly	0.8777
Myanmar	0.8758
munitions	0.8728
manifestly	0.8726
mocked	0.8724
McLean	0.8704
materiality	0.8689
mobilizing	0.8680
magnitudes	0.8667
manipulations	0.8662
makeshift	0.8657
Mongol	0.8652
mediaeval	0.8643
mustache	0.8631
microstructure	0.8574
milestone	0.8571
Monterey	0.8569
mailbox	0.8567
Mosby	0.8531
Mildred	0.8530
millet	0.8527
Mumbai	0.8503
materialist	0.8499
Malaya	0.8498
minimization	0.8475
Maharashtra	0.8458
McGill	0.8453
moons	0.8446
Mandela	0.8433
mango	0.8422
Maud	0.8413
minimizes	0.8405
MH	0.8390
Methuen	0.8371
Moroccan	0.8344
Mach	0.8339
modifier	0.8338
masons	0.8281
Mara	0.8277
millennia	0.8256
moan	0.8249
muttering	0.8227
Marlowe	0.8222
Magnus	0.8213
modernisation	0.8209
Miiller	0.8199
menstruation	0.8187
mammal	0.8175
metastasis	0.8169
Malik	0.8166
McDowell	0.8157
maximization	0.8149
marries	0.8131
mysteriously	0.8127
maxims	0.8126
melts	0.8121
musculoskeletal	0.8116
memorials	0.8115
mammoth	0.8079
mega	0.8067
midsummer	0.8065
Mont	0.8052
misconceptions	0.8047
Moshe	0.8032
monoxide	0.8027
moi	0.8010
moles	0.7995
mend	0.7985
mandibular	0.7984
misgivings	0.7981
mores	0.7958
Meade	0.7950
magnets	0.7936
M.E.	0.7927
Matilda	0.7926
multitudes	0.7897
Mughal	0.7879
mandarin	0.7878
Minh	0.7860
modifies	0.7852
melodrama	0.7823
mer	0.7816
manipulative	0.7803
multifaceted	0.7785
modifiers	0.7781
Mortimer	0.7781
mined	0.7773
Melvin	0.7770
Mohammad	0.7765
Meier	0.7745
momma	0.7732
Mali	0.7728
materialized	0.7713
maidens	0.7699
metaphorically	0.7688
motility	0.7687
Macedonian	0.7674
Minnie	0.7661
monologue	0.7658
McNamara	0.7656
motivates	0.7641
monomer	0.7635
mournful	0.7627
magna	0.7624
militants	0.7615
mansions	0.7603
minced	0.7597
moaning	0.7592
Montaigne	0.7583
McCoy	0.7559
monies	0.7550
minimise	0.7544
mirth	0.7538
Mackay	0.7537
McLaughlin	0.7537
mouthed	0.7529
miserably	0.7510
materialistic	0.7502
Massey	0.7487
mediocre	0.7437
Mandy	0.7433
mandible	0.7418
Mormons	0.7418
Masonic	0.7411
multiples	0.7393
Maimonides	0.7386
Mather	0.7381
mane	0.7373
Marta	0.7353
marketable	0.7344
mystics	0.7342
malformations	0.7341
maturing	0.7326
McGuire	0.7322
magnificence	0.7306
MF	0.7303
madman	0.7282
Meiji	0.7195
multilevel	0.7189
mercenaries	0.7185
memorize	0.7148
marginalization	0.7147
marbles	0.7135
moustache	0.7119
multilingual	0.7096
Messrs.	0.7093
mitigating	0.7078
McPherson	0.7076
Mathews	0.7069
mirroring	0.7062
McCain	0.7061
malaise	0.7058
mingling	0.7051
Milosevic	0.7049
Mongols	0.7047
mileage	0.7041
Milner	0.7021
Museo	0.7012
murky	0.7008
malls	0.7003
Manchuria	0.6999
mutilated	0.6995
mingle	0.6989
Moslem	0.6981
mag	0.6977
McKenzie	0.6965
mover	0.6965
molds	0.6952
massacres	0.6901
Maj.	0.6885
murdering	0.6868
Millie	0.6863
milder	0.6860
maxillary	0.6843
muses	0.6831
Magdalene	0.6816
moulded	0.6785
Mendoza	0.6781
Maastricht	0.6779
Macaulay	0.6779
Mallory	0.6773
Marin	0.6768
moths	0.6745
Mauritius	0.6741
mort	0.6730
Mimi	0.6701
moderator	0.6696
manifesting	0.6687
Mendelssohn	0.6677
meditative	0.6671
manoeuvre	0.6651
moder	0.6647
Mellon	0.6639
M.C.	0.6638
musket	0.6633
Mo.	0.6633
Meyers	0.6630
magnetization	0.6615
miscarriage	0.6613
murmuring	0.6610
Munro	0.6577
mercenary	0.6568
midwestern	0.6566
Mayan	0.6560
mayors	0.6549
multinationals	0.6541
midpoint	0.6525
masturbation	0.6504
Montague	0.6498
mediates	0.6496
Maclean	0.6485
Morales	0.6485
Moreno	0.6483
mariner	0.6471
molasses	0.6465
mutilation	0.6460
M.P.	0.6449
MGM	0.6449
majorities	0.6439
Mahwah	0.6425
meticulously	0.6423
monotony	0.6416
Metab	0.6392
marred	0.6371
moms	0.6370
mace	0.6370
masterpieces	0.6365
McGee	0.6344
Madeline	0.6338
microfilm	0.6329
meagre	0.6326
MacLeod	0.6323
mislead	0.6319
methodical	0.6315
memorized	0.6309
Methodists	0.6307
MHC	0.6291
mammary	0.6291
Minerva	0.6288
madly	0.6284
medulla	0.6282
mediums	0.6263
meditating	0.6259
mem	0.6254
Middlesex	0.6253
Mbps	0.6251
Minn.	0.6248
Mahatma	0.6244
McMahon	0.6240
Maude	0.6220
misconception	0.6212
Matt.	0.6210
Marlene	0.6206
mitigated	0.6200
Mohr	0.6193
materialize	0.6186
murine	0.6186
Manfred	0.6178
Mendel	0.6176
mirage	0.6156
myrtle	0.6155
matron	0.6152
milligrams	0.6146
modulate	0.6141
masts	0.6140
motley	0.6137
machining	0.6131
militarism	0.6128
Manny	0.6118
martini	0.6112
Midland	0.6106
MSC	0.6104
Monty	0.6097
Mongolian	0.6093
Maximilian	0.6070
masse	0.6048
militarily	0.6040
mutton	0.6040
mashed	0.6015
murmurs	0.6008
Markham	0.6005
mobilisation	0.5983
Mina	0.5982
mica	0.5975
Merleau	0.5972
Maslow	0.5971
muskets	0.5965
meaningfully	0.5964
modus	0.5955
mappings	0.5953
mourners	0.5940
McBride	0.5934
Myra	0.5920
mindedness	0.5916
mists	0.5915
Marlborough	0.5908
Maximus	0.5901
merciless	0.5900
mourned	0.5893
Mahler	0.5885
myocardium	0.5858
Musee	0.5858
Montenegro	0.5849
M.L.	0.5848
memoranda	0.5844
MP3	0.5837
McLeod	0.5834
mindfulness	0.5830
Mattie	0.5821
MPEG	0.5816
marveled	0.5816
mainstay	0.5810
McGrath	0.5808
mouthful	0.5800
mellow	0.5796
Muriel	0.5794
Mei	0.5790
memos	0.5786
Mustafa	0.5783
microprocessor	0.5779
maxima	0.5770
murals	0.5767
Marxists	0.5766
Metz	0.5762
McKenna	0.5751
maneuvering	0.5750
M.R.	0.5747
magma	0.5741
magnifying	0.5740
masquerade	0.5739
monomers	0.5737
miseries	0.5732
Malays	0.5729
mustered	0.5720
Markus	0.5706
metabolite	0.5696
MX	0.5655
monotheism	0.5651
Mari	0.5647
metrical	0.5633
Matthias	0.5632
microcosm	0.5627
mic	0.5626
Macpherson	0.5615
modems	0.5611
MTV	0.5607
mmol	0.5605
McClelland	0.5602
Motorola	0.5586
malady	0.5580
mariners	0.5577
mindless	0.5575
montage	0.5572
Macon	0.5570
Marseilles	0.5567
mystique	0.5557
mimetic	0.5553
Milano	0.5544
maximized	0.5539
mothering	0.5538
Montesquieu	0.5520
Mori	0.5517
magically	0.5514
McGregor	0.5512
Marius	0.5502
mouthpiece	0.5500
moat	0.5495
Montagu	0.5489
Mouton	0.5489
macho	0.5484
methylation	0.5480
mos	0.5469
mite	0.5466
Mira	0.5465
Milo	0.5460
Micah	0.5444
moderates	0.5443
Mohamed	0.5427
MCA	0.5421
mites	0.5415
Margot	0.5399
Marino	0.5382
Marsden	0.5365
M.M.	0.5334
malignancies	0.5328
maximizes	0.5322
malevolent	0.5318
McConnell	0.5316
mortuary	0.5311
maltreatment	0.5307
Musa	0.5301
masterful	0.5299
magnum	0.5297
meteor	0.5293
Midlands	0.5287
microphones	0.5287
moulding	0.5276
ments	0.5273
millimeter	0.5273
Mooney	0.5271
mutated	0.5270
melon	0.5264
mortars	0.5262
Martian	0.5262
Mau	0.5257
Maxine	0.5255
mains	0.5253
militias	0.5248
maximise	0.5239
mightily	0.5229
misinterpreted	0.5228
Mishnah	0.5227
militancy	0.5222
milliseconds	0.5218
Madden	0.5217
Mott	0.5214
monopolistic	0.5213
mens	0.5209
Mohawk	0.5202
Marriott	0.5194
messed	0.5194
minstrel	0.5169
Mora	0.5156
Manu	0.5154
Maguire	0.5148
midwifery	0.5138
Marti	0.5135
Merck	0.5132
mimicking	0.5118
McMillan	0.5113
metallurgy	0.5094
Melinda	0.5065
merrily	0.5064
movers	0.5047
mulberry	0.5037
macromolecules	0.5034
McIntosh	0.5033
manslaughter	0.5033
mundo	0.5031
mop	0.5029
mismanagement	0.5027
Moorish	0.5018
margarine	0.5016
matrimonial	0.5012
Matisse	0.5007
malt	0.4992
milking	0.4989
mimics	0.4983
mortification	0.4972
minimalist	0.4968
magicians	0.4967
menial	0.4959
machinations	0.4958
Monmouth	0.4958
mosaics	0.4953
mangrove	0.4949
millimeters	0.4946
modernizing	0.4936
Mainz	0.4932
mein	0.4928
meritorious	0.4919
marvels	0.4893
Meir	0.4890
moot	0.4889
Maitland	0.4879
Madhya	0.4867
memberships	0.4863
moratorium	0.4859
maison	0.4859
mistaking	0.4858
Michaels	0.4851
mausoleum	0.4848
Masson	0.4846
McClure	0.4834
melodramatic	0.4834
McCabe	0.4832
Merle	0.4832
mash	0.4825
mimicry	0.4818
Mannheim	0.4814
Miss.	0.4812
macular	0.4810
mallet	0.4810
metabolized	0.4802
mink	0.4801
Mohan	0.4791
morn	0.4788
misused	0.4787
magnolia	0.4783
maladaptive	0.4779
malformation	0.4775
Malthus	0.4774
Monique	0.4772
mimesis	0.4766
modo	0.4758
Moldova	0.4755
mesenteric	0.4754
Mennonite	0.4748
McCall	0.4747
minima	0.4737
mussels	0.4736
Macy	0.4735
millennial	0.4733
mam	0.4725
Missy	0.4723
moderated	0.4719
meteorology	0.4717
Moines	0.4716
Merritt	0.4715
moderne	0.4714
macros	0.4713
Margery	0.4711
merited	0.4701
mechanized	0.4700
maths	0.4700
Mehta	0.4696
Monet	0.4696
malleable	0.4691
massively	0.4691
Milne	0.4676
Molina	0.4675
Maharaja	0.4670
mobs	0.4669
multimodal	0.4668
mending	0.4656
McCann	0.4654
merchandising	0.4644
misunderstand	0.4640
Manley	0.4639
Mahayana	0.4635
muck	0.4635
McDermott	0.4634
Mahoney	0.4631
mugs	0.4627
Moreau	0.4620
Manson	0.4618
Mordecai	0.4618
merges	0.4610
macrophage	0.4609
Marley	0.4606
Medea	0.4606
mes	0.4596
mans	0.4593
massed	0.4579
MNCs	0.4570
mangled	0.4567
merriment	0.4564
malfunction	0.4562
mannered	0.4562
monarchical	0.4560
Marsha	0.4556
medullary	0.4552
mise	0.4551
McFarland	0.4550
Mathew	0.4543
mineralization	0.4538
metaphoric	0.4534
mutuality	0.4531
Margo	0.4530
modernized	0.4528
methodically	0.4524
Marston	0.4517
metamorphic	0.4513
Millar	0.4510
Moe	0.4499
Margarita	0.4498
muslin	0.4488
massacred	0.4486
meme	0.4463
mottled	0.4451
matted	0.4444
mainframe	0.4441
motorcycles	0.4430
myeloma	0.4430
meandering	0.4425
mares	0.4422
Marge	0.4420
mistresses	0.4418
Moser	0.4411
marshals	0.4405
musculature	0.4394
Maier	0.4389
memorabilia	0.4379
Mirza	0.4379
mitosis	0.4366
musicals	0.4366
meshes	0.4359
monolayer	0.4349
Mumford	0.4339
manna	0.4336
maroon	0.4326
misdemeanor	0.4315
Mahmud	0.4309
moored	0.4306
mmHg	0.4306
mulatto	0.4304
multiracial	0.4295
matures	0.4294
modulator	0.4289
macroeconomics	0.4279
mutter	0.4278
moans	0.4273
mortally	0.4273
mitotic	0.4269
mattresses	0.4266
matrimony	0.4263
mermaid	0.4259
mortem	0.4256
Mays	0.4252
maverick	0.4250
meddling	0.4245
marginalised	0.4245
mayonnaise	0.4238
morsel	0.4237
metamorphoses	0.4228
mortified	0.4227
Moslems	0.4219
McLaren	0.4219
magnify	0.4214
marginality	0.4209
MacKinnon	0.4203
mantel	0.4191
M.H.	0.4186
Maui	0.4185
mended	0.4182
Magi	0.4177
meiosis	0.4176
Mustang	0.4172
mediocrity	0.4171
MacGregor	0.4170
MLA	0.4170
Mani	0.4169
moderns	0.4166
M.G.	0.4163
Marietta	0.4157
Marcy	0.4154
Mariana	0.4152
modernize	0.4146
Madeira	0.4138
meekly	0.4137
McKinney	0.4131
misdeeds	0.4126
Mysore	0.4121
McLuhan	0.4120
Manchu	0.4109
milled	0.4099
moiety	0.4096
musically	0.4092
mercilessly	0.4091
mistreatment	0.4091
motorized	0.4085
monocytes	0.4085
Methodism	0.4084
McGovern	0.4083
musty	0.4082
mercifully	0.4079
moulds	0.4078
messing	0.4078
motherland	0.4077
Mesopotamian	0.4076
moneys	0.4073
modulating	0.4068
multicenter	0.4062
McKee	0.4057
Martins	0.4057
McCartney	0.4046
Mech	0.4040
modernists	0.4040
menopausal	0.4038
Marcuse	0.4035
Munster	0.4034
M1	0.4034
manger	0.4033
mnemonic	0.4028
maximally	0.4028
MSA	0.4024
morphemes	0.4018
Mailer	0.4018
Magdalen	0.4015
middleware	0.4013
McCulloch	0.4009
molars	0.4004
maneuvered	0.4001
midlife	0.3999
mus	0.3997
masterly	0.3996
Monaco	0.3993
Mahabharata	0.3983
monopolist	0.3974
Mekong	0.3964
Munch	0.3956
mercies	0.3948
meditated	0.3947
moistened	0.3946
maestro	0.3944
matte	0.3943
materia	0.3932
musk	0.3931
mehr	0.3929
manoeuvres	0.3928
microarray	0.3920
marketer	0.3919
Mitsubishi	0.3907
muddled	0.3907
minutely	0.3904
M.B.	0.3898
Myron	0.3884
Moira	0.3874
Mons	0.3872
mime	0.3866
Monsanto	0.3864
medially	0.3860
maimed	0.3856
mich	0.3850
MSN	0.3848
McNeill	0.3848
moyen	0.3848
mechanization	0.3846
Morgenthau	0.3838
methadone	0.3833
mesmerized	0.3829
Moravian	0.3828
McDonnell	0.3825
Moll	0.3824
methotrexate	0.3821
mot	0.3814
mired	0.3814
Mosley	0.3806
Moliere	0.3800
même	0.3800
mythologies	0.3791
Malachi	0.3786
MCP	0.3782
misinterpretation	0.3775
mishap	0.3767
millionaires	0.3766
Marseille	0.3760
Magdalena	0.3759
ministering	0.3755
Moritz	0.3745
myelin	0.3745
mumbling	0.3739
Marquez	0.3729
melatonin	0.3726
McNeil	0.3726
medley	0.3722
Murdock	0.3712
Maltese	0.3710
mins	0.3705
Merriam	0.3703
misinformation	0.3701
moderating	0.3698
McCullough	0.3695
microbiological	0.3688
mitzvah	0.3686
Moro	0.3679
Magellan	0.3673
Mamie	0.3672
morgue	0.3671
Madge	0.3670
McNally	0.3665
mayhem	0.3658
morphologically	0.3656
minuscule	0.3649
mainline	0.3646
meanness	0.3637
Mateo	0.3621
Millard	0.3614
mowing	0.3613
Marquette	0.3611
martyred	0.3607
McAllister	0.3602
mannerisms	0.3591
motherly	0.3591
Macromedia	0.3590
methionine	0.3587
Martinique	0.3584
Mindanao	0.3581
meted	0.3577
Manet	0.3574
mimicked	0.3574
musing	0.3570
Maoist	0.3570
motorist	0.3570
monotone	0.3558
Maddox	0.3556
mistook	0.3553
Menzies	0.3541
molybdenum	0.3537
Marxian	0.3535
magnificently	0.3528
microns	0.3527
Mesoamerica	0.3526
Margie	0.3526
MCI	0.3521
MATLAB	0.3516
Mollie	0.3515
MIDI	0.3513
mire	0.3512
Malinowski	0.3510
Meister	0.3509
Mavis	0.3509
Middletown	0.3509
meanest	0.3509
Menon	0.3507
Mayhew	0.3507
Martineau	0.3506
marshy	0.3496
micrograph	0.3495
madre	0.3495
manipulator	0.3492
mastectomy	0.3482
Montpellier	0.3475
melodious	0.3473
Mukherjee	0.3469
mandala	0.3465
middlemen	0.3457
Mullen	0.3454
misrepresented	0.3451
mystified	0.3447
manliness	0.3442
Mycobacterium	0.3438
monarchies	0.3431
Mariano	0.3427
Milford	0.3423
magenta	0.3420
Messina	0.3416
misbehavior	0.3414
Menschen	0.3411
modicum	0.3410
multiplexing	0.3407
Morel	0.3400
mulch	0.3399
multiplicative	0.3398
mammography	0.3393
manicured	0.3387
muffins	0.3383
Moynihan	0.3382
Mitra	0.3375
magnates	0.3374
Metcalf	0.3372
Molotov	0.3370
mildew	0.3367
mower	0.3366
moralistic	0.3366
Marlow	0.3361
Mackie	0.3360
meddle	0.3359
memorizing	0.3355
Mulligan	0.3355
Maher	0.3355
mutagenesis	0.3354
Myles	0.3352
mountainside	0.3346
multiethnic	0.3344
Moab	0.3341
muscled	0.3341
mated	0.3338
McDougall	0.3338
monogamous	0.3333
ministered	0.3329
Madsen	0.3328
monolingual	0.3325
microscopes	0.3317
muy	0.3313
moonlit	0.3312
McClintock	0.3309
Malacca	0.3305
must've	0.3303
MFA	0.3298
motorists	0.3297
McDaniel	0.3296
Montrose	0.3293
Merrick	0.3287
Mmm	0.3285
monotonic	0.3285
Melton	0.3282
multipliers	0.3274
Marconi	0.3273
magnanimity	0.3270
Munoz	0.3270
musings	0.3270
Mahdi	0.3269
Mathias	0.3266
monochromatic	0.3256
Mishra	0.3246
metallurgical	0.3242
Mackintosh	0.3232
mantras	0.3231
Maury	0.3230
Microsystems	0.3224
maladies	0.3216
Monsignor	0.3216
maitre	0.3216
melons	0.3210
Morin	0.3209
mainstreaming	0.3204
mundi	0.3196
Mahal	0.3195
Martinus	0.3193
mala	0.3189
Mets	0.3188
mana	0.3186
mow	0.3185
myosin	0.3182
Mandeville	0.3179
medallion	0.3178
maddening	0.3177
miniatures	0.3177
McFarlane	0.3176
Moller	0.3175
molested	0.3171
miscellany	0.3170
mosses	0.3166
Mor	0.3164
middling	0.3164
Malabar	0.3152
masculinities	0.3149
maniac	0.3149
Mitterrand	0.3146
multilayer	0.3145
melancholic	0.3144
minding	0.3142
mooring	0.3140
myopia	0.3139
Matsumoto	0.3131
morte	0.3126
muddle	0.3125
Magda	0.3120
multiplies	0.3116
middleclass	0.3115
mackerel	0.3113
mismatched	0.3108
monotheistic	0.3107
Mahmoud	0.3107
Medusa	0.3103
Mendez	0.3102
massaged	0.3092
M.W.	0.3092
multipurpose	0.3091
Müller	0.3083
multiparty	0.3068
mogul	0.3061
multiplex	0.3059
methodologically	0.3059
Mandel	0.3053
Midrash	0.3053
masquerading	0.3053
Mantua	0.3052
midbrain	0.3050
methylene	0.3049
magnanimous	0.3047
Mayfield	0.3044
macaroni	0.3041
myriads	0.3032
memoria	0.3032
Mullins	0.3026
membranous	0.3025
Misc	0.3024
mistreated	0.3023
moccasins	0.3023
Mobil	0.3023
meniscus	0.3021
melancholia	0.3021
myopic	0.3021
Manassas	0.3018
Macao	0.3016
menses	0.3015
μm	0.3015
Machado	0.3009
Mesozoic	0.3008
muffin	0.3008
motorway	0.3007
microtubules	0.3004
molestation	0.2999
Maryknoll	0.2999
Malayan	0.2999
mossy	0.2996
minted	0.2994
M.F.	0.2989
Monticello	0.2988
motioning	0.2984
M.K.	0.2982
Mennonites	0.2982
motivator	0.2979
Mauritania	0.2977
marquee	0.2970
meth	0.2965
Metcalfe	0.2961
mee	0.2952
Massa	0.2951
Metzger	0.2950
Marburg	0.2949
magnate	0.2947
mobilise	0.2937
multilayered	0.2933
meteorites	0.2932
meekness	0.2932
medic	0.2929
Mardi	0.2929
McCormack	0.2929
Mendes	0.2929
moralists	0.2925
masque	0.2924
micron	0.2924
Maura	0.2921
mestizo	0.2908
moorings	0.2907
monopolize	0.2902
massaging	0.2898
Maloney	0.2896
Maurer	0.2895
Marcellus	0.2894
merest	0.2893
mandating	0.2892
macabre	0.2890
mRNAs	0.2886
maliciously	0.2883
Moseley	0.2883
misrepresentations	0.2879
Magee	0.2879
Mackey	0.2878
Marr	0.2875
María	0.2875
mammy	0.2873
metastable	0.2872
Mclntyre	0.2871
motels	0.2868
Matheson	0.2868
Mies	0.2867
mangroves	0.2867
Mohammedan	0.2861
Martens	0.2860
Moravia	0.2853
Mondays	0.2853
M.T.	0.2852
Memoires	0.2848
Marcello	0.2845
monasticism	0.2841
Mata	0.2841
monogamy	0.2838
Martyn	0.2832
Millicent	0.2828
monopolized	0.2824
Marlon	0.2805
melee	0.2801
meteorite	0.2800
metering	0.2797
moins	0.2792
misread	0.2791
Macfarlane	0.2785
Maccabees	0.2784
minutiae	0.2781
Mauss	0.2774
mav	0.2773
malabsorption	0.2771
modulates	0.2767
Mahomet	0.2765
mobilised	0.2764
Meltzer	0.2761
maketh	0.2760
Montezuma	0.2758
misappropriation	0.2757
Morison	0.2754
Mayflower	0.2751
Malibu	0.2748
Mercier	0.2748
maturities	0.2746
McKinsey	0.2746
McGowan	0.2745
mantelpiece	0.2742
misnomer	0.2741
modularity	0.2738
Mazda	0.2735
Mintz	0.2730
Michelson	0.2727
Moby	0.2726
mummies	0.2722
multicolored	0.2720
multifarious	0.2718
McMaster	0.2717
morphologic	0.2717
mien	0.2711
memorization	0.2704
moralist	0.2703
monologues	0.2701
miscegenation	0.2701
machined	0.2698
Mair	0.2697
Minas	0.2693
Mahon	0.2685
Melrose	0.2684
marchers	0.2679
manipulates	0.2678
microorganism	0.2678
moveable	0.2677
mismatches	0.2665
México	0.2664
Macedonians	0.2664
Michaelis	0.2661
magisterial	0.2661
Mencken	0.2658
mille	0.2653
Montevideo	0.2650
micrographs	0.2647
melanin	0.2645
microprocessors	0.2636
McKnight	0.2633
Marques	0.2633
monochrome	0.2629
Martina	0.2626
Meng	0.2623
mortgaged	0.2617
morose	0.2607
Mulder	0.2604
metamorphosed	0.2601
Mindy	0.2600
Maclntyre	0.2598
Mathieu	0.2591
Marche	0.2583
Machiavellian	0.2579
Menlo	0.2578
multicellular	0.2577
malnourished	0.2574
mote	0.2573
McFadden	0.2563
Maha	0.2558
mishaps	0.2557
Montfort	0.2550
Modena	0.2549
mixers	0.2549
moralizing	0.2547
Milly	0.2541
monstrosity	0.2538
Marchand	0.2537
matrilineal	0.2537
mailboxes	0.2535
McCord	0.2534
McCracken	0.2534
militiamen	0.2531
moribund	0.2531
Messer	0.2531
mumps	0.2530
MRC	0.2530
Mendelian	0.2515
Mayr	0.2514
misogyny	0.2512
McDonough	0.2512
maw	0.2505
morphogenesis	0.2504
Medica	0.2499
mimeo	0.2498
Musgrave	0.2496
McCloskey	0.2489
Mubarak	0.2484
mutable	0.2483
Mahan	0.2480
malign	0.2478
mononuclear	0.2475
msec	0.2475
McManus	0.2470
microvascular	0.2469
methinks	0.2467
mocks	0.2466
Mountbatten	0.2464
misalignment	0.2464
Montessori	0.2462
Marquess	0.2459
Matteo	0.2456
Mowbray	0.2455
Moffat	0.2453
monism	0.2446
militaristic	0.2445
microarrays	0.2445
McQueen	0.2444
modulators	0.2443
Milligan	0.2442
miser	0.2441
misreading	0.2431
multifocal	0.2430
Mellor	0.2426
marvelled	0.2426
mournfully	0.2420
meridians	0.2420
microeconomic	0.2418
Monterrey	0.2414
mush	0.2413
menaced	0.2412
mauve	0.2403
mailings	0.2403
McHugh	0.2400
Meer	0.2399
mussel	0.2399
maggots	0.2396
maligned	0.2393
misjudged	0.2392
Marcella	0.2385
Munson	0.2380
morass	0.2378
miscarriages	0.2378
millers	0.2377
minimising	0.2376
ministrations	0.2375
minimised	0.2375
mountaineers	0.2374
majoritarian	0.2371
misshapen	0.2368
multifactorial	0.2365
Myrdal	0.2365
multicast	0.2363
mak	0.2363
mano	0.2362
Minna	0.2358
Murakami	0.2357
masochistic	0.2355
medio	0.2347
midterm	0.2346
Massimo	0.2346
misrepresent	0.2344
midair	0.2341
Mauro	0.2341
malfunctioning	0.2341
Maris	0.2338
missus	0.2337
minions	0.2337
Marek	0.2335
misdirected	0.2334
multifunctional	0.2334
munching	0.2333
medics	0.2331
McArthur	0.2329
Missoula	0.2325
maples	0.2321
moieties	0.2319
misfit	0.2317
Martino	0.2313
marketplaces	0.2311
metonymy	0.2306
Marisa	0.2305
meltdown	0.2303
misspelled	0.2303
mull	0.2301
Michal	0.2298
Moulton	0.2298
mettle	0.2293
mince	0.2292
McCarty	0.2290
Marne	0.2289
Mallarme	0.2285
MCC	0.2283
micrometer	0.2283
memoire	0.2278
mercurial	0.2276
mineralogy	0.2274
migraines	0.2272
marauding	0.2267
Miocene	0.2260
meteoric	0.2257
McIntyre	0.2253
MasterCard	0.2251
makeover	0.2250
Monash	0.2244
matrons	0.2244
milked	0.2243
mutineers	0.2239
mountaintop	0.2238
meso	0.2234
Melanesia	0.2233
Minsk	0.2230
multichannel	0.2229
manmade	0.2227
memento	0.2224
manifolds	0.2224
monotonically	0.2221
Margolis	0.2221
machete	0.2221
meaningfulness	0.2219
minstrels	0.2219
materiel	0.2219
mio	0.2217
Maas	0.2215
mockingly	0.2214
mittens	0.2214
Metis	0.2214
Morrell	0.2213
Maldives	0.2209
Morrissey	0.2207
makin	0.2206
Monaghan	0.2205
mascara	0.2205
mumble	0.2199
manors	0.2192
masochism	0.2188
maximising	0.2186
marginalisation	0.2182
McVeigh	0.2179
Marlboro	0.2177
Magdeburg	0.2177
McKinnon	0.2174
Malloy	0.2173
mornin	0.2169
meshed	0.2169
Minster	0.2169
mowed	0.2168
Misra	0.2167
middleman	0.2166
matchless	0.2161
macromolecular	0.2160
mendicant	0.2157
McRae	0.2157
Martine	0.2154
misstatement	0.2152
macht	0.2148
minefield	0.2145
milliliters	0.2140
Macquarie	0.2140
Moulin	0.2138
Marten	0.2136
morphologies	0.2135
McHenry	0.2135
Mohanty	0.2134
Micronesia	0.2133
microwaves	0.2133
Moray	0.2128
Montoya	0.2128
Mojave	0.2126
Mugabe	0.2125
maelstrom	0.2120
Midas	0.2119
mourner	0.2118
Moriarty	0.2113
moduli	0.2108
Mecklenburg	0.2107
messes	0.2105
manes	0.2103
metaphysically	0.2102
midtown	0.2102
mascot	0.2100
mangoes	0.2099
maleness	0.2093
Mawr	0.2092
Milbank	0.2084
Matsushita	0.2083
mopping	0.2081
matting	0.2077
Morgenstern	0.2074
magnetized	0.2072
menagerie	0.2064
misinterpret	0.2064
meander	0.2063
migrates	0.2062
Macs	0.2057
Murat	0.2056
Martel	0.2054
metacognitive	0.2053
Mensch	0.2051
Michelin	0.2051
marketability	0.2042
Morehouse	0.2042
Marais	0.2041
mayoral	0.2037
Manchurian	0.2035
medallions	0.2035
mightiest	0.2029
McWilliams	0.2029
musketry	0.2026
monolith	0.2025
Mariah	0.2025
Mellen	0.2024
majestically	0.2024
Mancini	0.2016
Mervyn	0.2012
Marvell	0.2012
modulations	0.2011
manoeuvring	0.2011
menacingly	0.2010
Moreland	0.2007
missive	0.2003
Mello	0.2000
methamphetamine	0.1997
myrrh	0.1995
mouthing	0.1993
multitudinous	0.1991
McCallum	0.1991
Mulvey	0.1990
Mercado	0.1988
Mammon	0.1988
Murad	0.1987
microbe	0.1984
Myrna	0.1984
Miinchen	0.1982
meaty	0.1981
Marlin	0.1977
midcentury	0.1977
Monika	0.1971
McCauley	0.1970
Magyar	0.1969
Montserrat	0.1966
M.N.	0.1964
Menard	0.1961
motivators	0.1960
Mexicana	0.1960
Molloy	0.1956
molluscs	0.1956
Malaga	0.1955
Masterson	0.1954
Mex	0.1953
myeloid	0.1953
mushy	0.1950
Miro	0.1950
McNair	0.1943
Meuse	0.1942
masculinist	0.1938
malarial	0.1937
makings	0.1935
Morrill	0.1932
machismo	0.1930
maddened	0.1926
mufti	0.1918
Montmartre	0.1916
Mun	0.1912
mints	0.1912
McEwen	0.1911
militarization	0.1909
Maghreb	0.1905
mea	0.1899
multimillion	0.1899
mollusks	0.1898
Malo	0.1896
microelectronics	0.1896
micelles	0.1894
Malvern	0.1893
Mathematica	0.1892
Meriwether	0.1890
meaninglessness	0.1889
marvellously	0.1889
Mendelsohn	0.1887
Markowitz	0.1887
marinade	0.1886
mooted	0.1885
meteors	0.1882
motorbike	0.1881
mongrel	0.1879
madmen	0.1878
M4	0.1876
malevolence	0.1876
Maulana	0.1872
marvelously	0.1872
Mircea	0.1870
misdemeanors	0.1868
mischievously	0.1868
Mayne	0.1867
Mandal	0.1867
McElroy	0.1860
Metternich	0.1860
Mondale	0.1859
mystification	0.1858
Milliken	0.1856
metabolize	0.1855
Melchior	0.1855
Mommsen	0.1855
Manasseh	0.1851
microcomputer	0.1850
McGinn	0.1846
microform	0.1846
marginalize	0.1844
misapprehension	0.1843
malfunctions	0.1841
midshipman	0.1831
Marys	0.1830
mestizos	0.1827
más	0.1822
millenium	0.1822
Mercator	0.1822
Menendez	0.1821
mythos	0.1820
multicomponent	0.1818
Morita	0.1816
misconstrued	0.1815
medicated	0.1815
mazes	0.1812
Martians	0.1811
Millett	0.1811
monoamine	0.1809
multilateralism	0.1808
Munchen	0.1807
massing	0.1806
miscalculation	0.1804
mondo	0.1803
MVP	0.1803
McCarthyism	0.1801
Memoriam	0.1801
metonymic	0.1799
mouldings	0.1798
manipulators	0.1798
moron	0.1795
Meehan	0.1790
mozzarella	0.1788
marauders	0.1788
Maldonado	0.1786
microstructures	0.1784
moderators	0.1781
mildness	0.1781
Motown	0.1780
mopped	0.1780
mightier	0.1779
mutters	0.1776
Marathi	0.1775
matinee	0.1774
morsels	0.1772
mutinous	0.1771
Meagher	0.1771
memorably	0.1768
multistage	0.1768
Mathis	0.1767
Maugham	0.1762
moo	0.1761
mementos	0.1760
massages	0.1758
Minton	0.1757
militarized	0.1756
MDA	0.1755
Milanese	0.1755
monolayers	0.1753
Miinster	0.1750
misinformed	0.1750
Menachem	0.1749
Matson	0.1749
magistracy	0.1748
Messrs	0.1743
metalwork	0.1739
moniker	0.1738
motoring	0.1735
Midgley	0.1734
moldings	0.1733
mm2	0.1733
Miki	0.1726
mannitol	0.1722
mouvement	0.1721
megabytes	0.1720
Marianna	0.1715
Mundy	0.1712
microchip	0.1708
mobilising	0.1708
Meissner	0.1708
Mosul	0.1707
metered	0.1702
mah	0.1701
Malthusian	0.1696
materialists	0.1696
marriageable	0.1695
Maggiore	0.1689
Macedon	0.1688
manfully	0.1686
Myer	0.1684
mountaineer	0.1683
millimetres	0.1682
mesmerizing	0.1680
mesquite	0.1675
molest	0.1672
mobiles	0.1672
meandered	0.1669
Monti	0.1668
midsection	0.1668
MTA	0.1667
Meeks	0.1667
Matsuda	0.1666
musketeers	0.1666
Medford	0.1666
magnetically	0.1662
medico	0.1662
Mormonism	0.1662
minarets	0.1662
Muni	0.1658
McPhee	0.1658
mots	0.1658
M.I.	0.1657
mutability	0.1657
Muhammed	0.1655
majoring	0.1655
meritocracy	0.1655
Minotaur	0.1655
Motilal	0.1653
mulled	0.1651
Manipur	0.1651
Mattel	0.1651
moneylenders	0.1650
mistletoe	0.1648
McLoughlin	0.1648
marveling	0.1646
Monahan	0.1641
Mayfair	0.1641
manifestos	0.1637
marmalade	0.1637
meaner	0.1634
Milgram	0.1634
managements	0.1634
marshaled	0.1633
Magnusson	0.1632
Michie	0.1631
millisecond	0.1629
Martindale	0.1629
Modigliani	0.1626
mezzanine	0.1624
moldy	0.1623
moonshine	0.1622
meanders	0.1620
motherfucker	0.1619
mammogram	0.1617
Moffitt	0.1616
madder	0.1612
Milt	0.1612
Macau	0.1609
multitasking	0.1608
microenvironment	0.1605
minutest	0.1605
moisten	0.1604
Meeker	0.1603
monosyllabic	0.1600
Mombasa	0.1599
Manohar	0.1599
misperceptions	0.1595
minivan	0.1595
melding	0.1595
McNaughton	0.1594
McClain	0.1594
Mendelson	0.1592
modifiable	0.1587
mercantilism	0.1586
Munroe	0.1582
Morey	0.1581
Madan	0.1580
M.V.	0.1578
moneyed	0.1578
meatballs	0.1574
magpie	0.1572
Maeda	0.1572
Messner	0.1572
militate	0.1572
matriarch	0.1563
Minos	0.1561
midget	0.1559
Maurizio	0.1558
micrograms	0.1557
Mahmood	0.1556
Mulholland	0.1554
morphed	0.1553
Moskowitz	0.1552
minimalism	0.1551
manorial	0.1551
Marquise	0.1551
microfilms	0.1549
McGinnis	0.1549
microeconomics	0.1547
mountaineering	0.1547
Mosher	0.1546
mentalities	0.1546
microscopically	0.1546
mealtime	0.1546
mustering	0.1545
mutagenic	0.1542
menstruating	0.1541
McGuinness	0.1539
mulling	0.1538
mourns	0.1537
Menzel	0.1537
millenarian	0.1536
mutt	0.1534
misperception	0.1533
Matsui	0.1532
misfits	0.1529
Merrell	0.1527
Mosse	0.1526
matriarchal	0.1525
Marcelo	0.1525
methylated	0.1523
Mitteilungen	0.1521
melange	0.1521
monistic	0.1518
MMC	0.1517
malfeasance	0.1516
mildest	0.1513
mellowed	0.1512
mieux	0.1511
micronutrients	0.1511
misstatements	0.1505
mannequin	0.1504
malignity	0.1504
masturbate	0.1501
monogram	0.1501
Moyer	0.1501
marinated	0.1499
Mazel	0.1497
moorland	0.1497
miniscule	0.1497
mystifying	0.1496
Morelli	0.1495
McKeown	0.1495
masthead	0.1494
Malraux	0.1494
Miyazaki	0.1493
marbled	0.1492
maximisation	0.1492
mayest	0.1491
Minuit	0.1490
menarche	0.1488
Marv	0.1487
machinist	0.1485
Molnar	0.1484
maltreated	0.1483
morpheme	0.1482
materialization	0.1482
misgiving	0.1481
mation	0.1481
Mathilde	0.1481
McAfee	0.1479
mesenchymal	0.1479
magnesia	0.1478
Mayes	0.1476
Maki	0.1475
mealtimes	0.1474
Montes	0.1473
magnifies	0.1473
Maruyama	0.1472
mihi	0.1471
mushroomed	0.1470
meninges	0.1469
metabolically	0.1468
mutandis	0.1467
moralism	0.1466
miscommunication	0.1465
muffler	0.1464
majored	0.1462
meatus	0.1462
metropole	0.1459
Marg	0.1458
misogynist	0.1458
Malden	0.1457
mandarins	0.1455
mortifying	0.1455
monoculture	0.1453
Minoan	0.1453
motile	0.1450
Munn	0.1448
Merkel	0.1447
marshalled	0.1446
Majesties	0.1444
McCaffrey	0.1443
Mansell	0.1440
mastermind	0.1439
Ministerio	0.1438
Mariam	0.1437
Musharraf	0.1435
menaces	0.1434
Marchant	0.1434
Motte	0.1432
Mattson	0.1431
Mohammedans	0.1430
Montpelier	0.1429
marshmallows	0.1428
meld	0.1427
mercantilist	0.1426
micrometers	0.1426
manumission	0.1425
Majumdar	0.1424
mindedly	0.1422
midmorning	0.1422
minnows	0.1417
Miyamoto	0.1413
Mitsui	0.1411
melded	0.1406
Methode	0.1404
Melanesian	0.1401
Mathur	0.1399
morbidly	0.1395
Mustapha	0.1393
Mortensen	0.1393
monophosphate	0.1393
mistrusted	0.1393
melodramas	0.1391
malingering	0.1390
Morristown	0.1390
mutate	0.1389
masterfully	0.1389
Moffett	0.1388
M0	0.1388
Maia	0.1385
medians	0.1381
memorialized	0.1381
misdiagnosed	0.1381
McGrawHill	0.1380
Marat	0.1380
maidservant	0.1379
meds	0.1379
millionth	0.1378
mediations	0.1378
marooned	0.1378
McDonalds	0.1377
Moores	0.1377
moderna	0.1374
miserly	0.1373
McLellan	0.1372
Murchison	0.1372
miniaturization	0.1368
Mandell	0.1367
Masjid	0.1366
maladjustment	0.1364
Mondrian	0.1361
Maes	0.1359
mitt	0.1358
monomeric	0.1357
multiplications	0.1356
mauled	0.1355
miscalculated	0.1355
malformed	0.1353
manv	0.1353
maudlin	0.1353
mollified	0.1353
minaret	0.1352
malleability	0.1350
militaries	0.1347
Mitchel	0.1346
Mansur	0.1341
Michels	0.1340
Mises	0.1340
Mankato	0.1339
Magn	0.1338
middleaged	0.1337
McGrew	0.1336
Menelaus	0.1335
metronome	0.1334
monopolization	0.1333
maniacal	0.1332
Mesoamerican	0.1331
Mullin	0.1330
MRP	0.1327
mummified	0.1327
mentored	0.1326
Mitford	0.1325
misinterpretations	0.1324
Mose	0.1322
Mew	0.1322
materialised	0.1322
musica	0.1321
Metzler	0.1321
masturbating	0.1320
millstone	0.1318
materialise	0.1316
Medes	0.1316
Moeller	0.1316
Mazur	0.1315
Melo	0.1315
Mena	0.1314
manhole	0.1312
Melba	0.1311
matriculation	0.1311
Moltke	0.1309
masquerades	0.1309
misbehaving	0.1308
Mazzini	0.1306
MSG	0.1305
matriculated	0.1301
Musik	0.1300
morph	0.1296
mitigates	0.1295
meringue	0.1295
mantles	0.1294
moralities	0.1291
multistep	0.1291
marshalling	0.1289
Mohandas	0.1289
mentorship	0.1288
misleadingly	0.1288
mobilizations	0.1285
miscreants	0.1284
McEwan	0.1283
miscarried	0.1283
Moretti	0.1279
metaanalysis	0.1279
Mullah	0.1276
mousse	0.1274
mobilizes	0.1273
megaphone	0.1272
miniaturized	0.1272
martinis	0.1272
Mordechai	0.1269
modernising	0.1268
mouthfuls	0.1267
munificence	0.1267
moguls	0.1267
malcontents	0.1266
M.B.A.	0.1266
misrepresenting	0.1264
mingles	0.1264
multivalent	0.1262
Mfg.	0.1261
macrocosm	0.1260
meditates	0.1260
μ	0.1258
Melchizedek	0.1258
Miletus	0.1257
MDS	0.1256
mandolin	0.1254
mainframes	0.1252
motherless	0.1251
moustaches	0.1250
mutely	0.1250
mastication	0.1247
misadventure	0.1244
multiyear	0.1244
muss	0.1243
musky	0.1242
misrule	0.1242
marl	0.1241
MacIntyre	0.1241
minimisation	0.1240
microseconds	0.1239
Milburn	0.1238
Merriman	0.1238
MySQL	0.1236
miasma	0.1235
mobbed	0.1233
midwinter	0.1232
mermaids	0.1232
minimums	0.1231
Magus	0.1231
Murata	0.1230
matchmaker	0.1229
mowers	0.1229
Michaud	0.1226
monsoons	0.1225
Mogadishu	0.1223
myoglobin	0.1223
Michelet	0.1221
mindsets	0.1221
mews	0.1220
mucho	0.1220
madhouse	0.1218
mollify	0.1218
mailman	0.1218
marksman	0.1217
manservant	0.1213
Montclair	0.1211
munched	0.1210
Majid	0.1210
Manuela	0.1208
mete	0.1208
metaphysician	0.1207
monad	0.1203
miniseries	0.1203
marshmallow	0.1203
Mandelbaum	0.1202
MacDougall	0.1201
mosdy	0.1197
marjoram	0.1196
motorcade	0.1194
mindlessly	0.1194
Mehmet	0.1185
meshing	0.1184
moonless	0.1181
Moroccans	0.1178
Meryl	0.1176
McLachlan	0.1175
massif	0.1172
maturational	0.1171
minnow	0.1170
machetes	0.1167
Meigs	0.1164
measurably	0.1164
motored	0.1163
mown	0.1163
Monrovia	0.1162
minefields	0.1158
mineralized	0.1157
M.Sc.	0.1157
mononucleosis	0.1156
manoeuvred	0.1155
mutational	0.1152
Mirabeau	0.1149
muzzles	0.1148
minion	0.1147
misapplied	0.1144
misbehave	0.1144
misusing	0.1142
mandibles	0.1141
morphing	0.1138
McLennan	0.1138
mage	0.1136
Meijer	0.1133
M.O.	0.1131
mannequins	0.1129
milieus	0.1129
mouldy	0.1127
modulo	0.1127
Malhotra	0.1124
misogynistic	0.1123
maim	0.1123
misbehaviour	0.1121
monozygotic	0.1119
Michaelmas	0.1116
Modesto	0.1115
MySpace	0.1115
M5	0.1115
München	0.1114
Manichean	0.1112
McKim	0.1112
misadventures	0.1111
Middlebury	0.1111
merchantmen	0.1111
metaphysic	0.1109
mnemonics	0.1109
motorways	0.1104
marksmanship	0.1102
Manichaean	0.1101
maggot	0.1101
Mobutu	0.1100
mannerism	0.1100
millimetre	0.1099
manufactory	0.1097
MPG	0.1096
muddied	0.1096
Mancha	0.1095
Mintzberg	0.1095
motes	0.1095
Michener	0.1092
motherboard	0.1092
muffle	0.1092
midstream	0.1090
mainstays	0.1090
metalanguage	0.1088
mullahs	0.1088
McKeon	0.1088
mortis	0.1087
Moos	0.1087
McMullen	0.1086
machen	0.1084
mutatis	0.1082
Mersey	0.1082
mugged	0.1082
Madigan	0.1081
maintainability	0.1079
merchantability	0.1078
misconceived	0.1077
Murthy	0.1077
magneto	0.1077
musicality	0.1077
mesas	0.1076
Monson	0.1075
Massie	0.1074
milliliter	0.1072
marginalizing	0.1072
Moravians	0.1071
mitre	0.1071
Maj	0.1069
McNulty	0.1067
memes	0.1065
McDougal	0.1065
Malek	0.1064
materializes	0.1063
maneuverability	0.1059
mystically	0.1057
mammoths	0.1056
modernise	0.1056
molesting	0.1055
Montero	0.1055
monoliths	0.1054
minibus	0.1054
Marchioness	0.1054
marshland	0.1051
Mut	0.1051
Minsky	0.1051
mullet	0.1051
muggy	0.1050
Marko	0.1050
minuet	0.1048
Maxime	0.1047
marigolds	0.1046
mismanaged	0.1045
monopolizing	0.1044
meteorologists	0.1041
microclimate	0.1039
meritocratic	0.1038
Minn	0.1038
multipolar	0.1034
Mathura	0.1033
McGhee	0.1032
Muscovite	0.1030
Moyers	0.1030
marionette	0.1029
mincing	0.1028
masted	0.1028
mammograms	0.1026
miscreant	0.1026
mangy	0.1025
Melvyn	0.1024
modernised	0.1023
McKean	0.1020
malefactors	0.1019
Mudd	0.1018
masterminded	0.1017
midafternoon	0.1016
misstep	0.1015
manicure	0.1014
marshaling	0.1014
multigenerational	0.1013
monarchist	0.1013
Maire	0.1010
MSNBC	0.1010
Modell	0.1009
metaphysicians	0.1008
menfolk	0.1008
milkman	0.1006
Mayans	0.1004
miffed	0.1004
marts	0.1002
Mertens	0.1002
meanly	0.1002
McAuliffe	0.09999
misdiagnosis	0.09987
munificent	0.09982
Magnuson	0.09974
minstrelsy	0.09965
momento	0.09952
midriff	0.09942
monocular	0.09941
Mathers	0.09940
mumbles	0.09935
Moorhead	0.09932
mache	0.09931
Merseyside	0.09926
modeler	0.09920
mainspring	0.09907
Mephistopheles	0.09879
misapplication	0.09865
Moya	0.09864
Mattingly	0.09857
misclassification	0.09855
modi	0.09854
mendicants	0.09851
momenta	0.09849
mustaches	0.09847
Mockingbird	0.09841
Marseillaise	0.09826
metabolizing	0.09816
marque	0.09807
mutes	0.09805
multibillion	0.09803
MPI	0.09801
monopolists	0.09797
metropolises	0.09792
Murrow	0.09790
monstrosities	0.09775
Miura	0.09760
mongers	0.09754
mouthwash	0.09737
mugging	0.09728
Muncie	0.09727
misdirection	0.09707
multiplicities	0.09701
Moldavia	0.09694
McAdam	0.09684
marigold	0.09670
Menninger	0.09669
Mela	0.09662
machinists	0.09648
monotonously	0.09634
mitts	0.09633
militarist	0.09578
matronly	0.09575
motorboat	0.09574
meteorologist	0.09555
Monnet	0.09552
mutilate	0.09542
multiform	0.09539
mutilations	0.09518
mimeographed	0.09516
Mangan	0.09510
marksmen	0.09500
mechanised	0.09499
maniacs	0.09480
Mungo	0.09479
MBAs	0.09453
missteps	0.09442
Marwick	0.09441
maiming	0.09439
minuteness	0.09438
magpies	0.09434
militated	0.09416
mislaid	0.09386
Maarten	0.09383
mordant	0.09362
mutterings	0.09354
minimis	0.09354
Murillo	0.09351
misrepresents	0.09338
McEvoy	0.09336
mentation	0.09313
Mughals	0.09309
Merci	0.09296
militates	0.09276
Marquardt	0.09257
midrange	0.09253
man's	0.09249
MSE	0.09246
mobsters	0.09242
mastoid	0.09226
Miyake	0.09226
mediastinal	0.09208
memorialize	0.09200
manse	0.09199
Masai	0.09195
mutinied	0.09187
metanarrative	0.09155
magnetite	0.09154
membered	0.09132
moping	0.09124
modelers	0.09121
mutinies	0.09119
marinas	0.09111
Manas	0.09099
Mahesh	0.09078
messiness	0.09067
Muscat	0.09020
Macedo	0.09015
mistreat	0.08989
microflora	0.08983
mistrustful	0.08961
Majorca	0.08943
mutilating	0.08942
monosyllables	0.08942
murk	0.08941
monstrously	0.08935
mallard	0.08933
MST	0.08925
mutating	0.08907
matchmaking	0.08906
Melanges	0.08903
marathons	0.08890
Monumenta	0.08855
materializing	0.08846
McAdams	0.08844
Miscellanea	0.08844
Mittal	0.08840
midden	0.08839
measly	0.08811
Murcia	0.08805
Moloch	0.08795
Mazarin	0.08789
machina	0.08784
Merino	0.08778
MNC	0.08771
Montefiore	0.08764
misappropriated	0.08764
Manheim	0.08741
messianism	0.08736
Margherita	0.08731
McCrae	0.08729
missives	0.08726
microchips	0.08716
mulattoes	0.08703
motorbikes	0.08701
morons	0.08701
microcosmic	0.08700
microfilming	0.08686
moviegoers	0.08663
Masao	0.08662
moodily	0.08657
movingly	0.08656
Merz	0.08645
musique	0.08637
Moriah	0.08623
maximised	0.08619
multiphase	0.08607
Masuda	0.08592
Mmmm	0.08575
minimises	0.08571
moodiness	0.08571
misaligned	0.08563
M.I.T.	0.08556
mesure	0.08554
multidirectional	0.08550
mocha	0.08541
Mohawks	0.08537
mouldering	0.08526
manacles	0.08491
Marini	0.08472
manufactories	0.08469
moped	0.08453
molesters	0.08450
Mg2	0.08447
misted	0.08444
misdeed	0.08444
midnineteenth	0.08430
malodorous	0.08390
milieux	0.08383
Merida	0.08366
Mbeki	0.08358
metacognition	0.08332
midsize	0.08328
Malin	0.08304
ministration	0.08296
meine	0.08292
Maoris	0.08288
Marechal	0.08281
moats	0.08278
monarchic	0.08230
mottoes	0.08229
mishandling	0.08227
mimes	0.08223
moistening	0.08212
meditatively	0.08209
misspellings	0.08208
Maupassant	0.08202
manures	0.08198
methacrylate	0.08196
McMurray	0.08185
mountaintops	0.08182
mechanisation	0.08181
Malmesbury	0.08174
microcomputers	0.08174
moccasin	0.08111
Malcom	0.08105
Musée	0.08049
mid1990s	0.08026
Maidstone	0.08011
midlevel	0.08010
mums	0.08008
myopathy	0.08004
mendacity	0.07984
misinterpreting	0.07973
magis	0.07964
meddled	0.07953
meddlesome	0.07943
menage	0.07942
maddeningly	0.07922
misdemeanours	0.07916
Mauricio	0.07879
muddling	0.07876
mesmerism	0.07874
Montmorency	0.07871
Miao	0.07868
Macklin	0.07861
meriting	0.07852
modernes	0.07849
Mendenhall	0.07824
mainsail	0.07810
misbehaved	0.07800
milligram	0.07795
mineralogical	0.07784
multiplexed	0.07781
mesmeric	0.07759
MSI	0.07746
mitten	0.07720
morosely	0.07713
marvelling	0.07708
masterwork	0.07703
Mississippian	0.07683
minuses	0.07680
Maru	0.07644
mushrooming	0.07638
Mittelalter	0.07633
mid1980s	0.07630
misidentification	0.07624
maternally	0.07622
miscalculations	0.07622
musicologist	0.07616
mezzo	0.07611
merrier	0.07593
Muldoon	0.07581
metalworking	0.07575
mobster	0.07571
muff	0.07567
megalomania	0.07566
mongering	0.07560
mountainsides	0.07556
monkish	0.07551
Methuselah	0.07550
matchbox	0.07520
Mississauga	0.07507
multicoloured	0.07506
morphs	0.07504
milliner	0.07504
mellifluous	0.07500
maintainable	0.07490
mishandled	0.07480
Medicis	0.07463
mashing	0.07427
misunderstands	0.07419
Maddison	0.07409
madwoman	0.07401
mystify	0.07396
manhunt	0.07383
Marchetti	0.07381
mitogen	0.07380
Marias	0.07376
miniskirt	0.07338
Murrell	0.07329
magnolias	0.07325
monumentality	0.07313
mujer	0.07299
masques	0.07286
Meath	0.07269
Moffatt	0.07263
mantis	0.07255
mussed	0.07246
metamorphose	0.07226
misuses	0.07221
mignon	0.07217
Messieurs	0.07210
M6	0.07206
mediumsized	0.07197
modernistic	0.07162
modernen	0.07146
Moreira	0.07139
Molyneux	0.07123
misidentified	0.07113
mops	0.07111
Matti	0.07109
magnanimously	0.07087
misleads	0.07080
MMR	0.07079
manhandled	0.07078
mousetrap	0.07068
misjudge	0.07063
mendacious	0.07060
Munk	0.07052
mischiefs	0.07044
Michaela	0.07018
medicalization	0.07002
Mallon	0.06996
murmurings	0.06992
monocultural	0.06991
Moreton	0.06973
μg	0.06966
Meunier	0.06955
Martínez	0.06943
Magill	0.06935
mythologized	0.06917
Mclntosh	0.06914
midweek	0.06889
Mariani	0.06874
moneylender	0.06874
mimed	0.06864
maladjusted	0.06855
matador	0.06853
Menander	0.06848
Monteiro	0.06841
Murry	0.06832
musicianship	0.06819
mischance	0.06814
mouthpieces	0.06767
macroscopically	0.06756
mirages	0.06743
mm3	0.06739
Massumi	0.06739
microfiche	0.06735
marshlands	0.06700
marring	0.06670
mucking	0.06659
miming	0.06657
mange	0.06653
monopolised	0.06643
metonymically	0.06635
Marton	0.06634
masochist	0.06629
moonlighting	0.06625
multimillionaire	0.06615
motorcar	0.06615
mell	0.06606
measureless	0.06581
mealy	0.06580
militantly	0.06572
manipulable	0.06531
mannish	0.06510
Mansour	0.06492
Meerut	0.06466
mortgagee	0.06461
mortify	0.06458
more'n	0.06432
Marbury	0.06423
Melanchthon	0.06422
martialed	0.06416
misconstrue	0.06411
Mandalay	0.06410
Mahajan	0.06393
Mossad	0.06369
midshipmen	0.06358
morphogenetic	0.06358
majeure	0.06341
Marylebone	0.06334
mousy	0.06326
molester	0.06321
monotherapy	0.06317
Minden	0.06313
Meghan	0.06309
Mehdi	0.06308
mumbo	0.06285
Madhu	0.06272
mente	0.06266
McCollum	0.06256
misspelling	0.06247
mainstreamed	0.06240
muffling	0.06232
misquoted	0.06230
malpractices	0.06226
middles	0.06226
mishmash	0.06222
mony	0.06221
manageability	0.06196
manière	0.06192
McHale	0.06180
Monro	0.06180
moneymaking	0.06174
milkshake	0.06167
Mexicano	0.06164
maximises	0.06145
Mikado	0.06142
modish	0.06139
Mehra	0.06132
Moy	0.06128
matic	0.06124
multipoint	0.06114
muting	0.06105
medias	0.06086
Maidenhead	0.06074
monied	0.06069
Matsuoka	0.06067
maladministration	0.06067
misting	0.06060
microspheres	0.06046
memorializing	0.06042
monads	0.06032
Minto	0.06029
mediately	0.06015
Mozilla	0.06007
margaritas	0.05998
Mayberry	0.05975
misallocation	0.05963
MDGs	0.05948
Mineola	0.05933
mastiff	0.05929
Moloney	0.05913
mountings	0.05879
maximums	0.05868
mothered	0.05867
misnamed	0.05857
musingly	0.05841
mistreating	0.05840
Morpheus	0.05833
mettre	0.05828
misjudgment	0.05801
movin	0.05795
muzzled	0.05755
matin	0.05724
Monseigneur	0.05719
Miramax	0.05715
maneuverable	0.05712
Matsuo	0.05697
marketization	0.05697
misrecognition	0.05696
multisite	0.05691
madcap	0.05688
malefactor	0.05685
mothballs	0.05675
mavericks	0.05672
macaque	0.05652
manacled	0.05652
Monod	0.05650
moraux	0.05644
megawatts	0.05617
malfunctioned	0.05571
Mohamad	0.05567
mur	0.05563
missal	0.05563
massacring	0.05552
messier	0.05552
medicate	0.05551
multivitamin	0.05542
midpoints	0.05517
mechanistically	0.05508
macromolecule	0.05503
Matlock	0.05492
millinery	0.05457
masturbated	0.05456
Morehead	0.05434
mallets	0.05430
minder	0.05427
Marsilio	0.05423
misprint	0.05407
Mosca	0.05405
magnifications	0.05403
misanthropic	0.05400
Mountjoy	0.05361
midsentence	0.05355
Mgr	0.05343
meatloaf	0.05341
marginalia	0.05335
multivolume	0.05333
monogrammed	0.05332
misdemeanour	0.05327
muskrat	0.05314
Manda	0.05308
mortgaging	0.05305
multidrug	0.05298
moralize	0.05263
metier	0.05263
Mussulman	0.05258
moronic	0.05257
mirthful	0.05251
meting	0.05251
marginalizes	0.05248
midges	0.05246
muchneeded	0.05234
Mian	0.05201
mollusk	0.05199
marionettes	0.05198
McMichael	0.05198
Marmaduke	0.05197
mementoes	0.05184
Metuchen	0.05182
Merced	0.05173
manus	0.05160
Morgantown	0.05153
monarchists	0.05124
meretricious	0.05119
merchantman	0.05109
mid1970s	0.05101
Macartney	0.05077
moonbeams	0.05057
MSW	0.05056
munity	0.05038
manquant	0.05035
mangle	0.05026
mois	0.05014
monocyte	0.05010
multisensory	0.05002
McAlister	0.04991
massy	0.04989
meanderings	0.04988
MIP	0.04986
murderess	0.04985
miscarry	0.04984
metastasize	0.04975
microcosms	0.04970
mebbe	0.04966
menthol	0.04959
McCurdy	0.04951
microforme	0.04947
mooning	0.04944
Makepeace	0.04940
mayst	0.04934
millstones	0.04927
Miscellanies	0.04900
medi	0.04889
Migne	0.04886
Muscovy	0.04883
Manon	0.04876
maturer	0.04870
Mallorca	0.04867
masculinized	0.04865
muggers	0.04861
militarists	0.04850
meed	0.04839
monopolise	0.04829
multiuser	0.04799
molt	0.04798
merrymaking	0.04795
Mordaunt	0.04785
Meyerson	0.04765
mayhap	0.04756
multistory	0.04755
Matty	0.04727
Moselle	0.04721
microtubule	0.04692
Montcalm	0.04672
mudflats	0.04671
Ministere	0.04670
Malmo	0.04656
mainmast	0.04652
misfired	0.04638
matins	0.04621
Margate	0.04620
Madonnas	0.04589
MacMahon	0.04573
mugger	0.04547
motherin	0.04534
Moralia	0.04516
monographic	0.04477
mortician	0.04473
Miserables	0.04463
Mizuno	0.04442
McCutcheon	0.04423
monocle	0.04417
Mauser	0.04389
Merlot	0.04347
megalomaniac	0.04343
mongoose	0.04340
Motta	0.04335
manga	0.04324
Mitte	0.04322
Manoa	0.04317
Maltby	0.04277
misreadings	0.04275
mimeograph	0.04263
maledominated	0.04258
microlevel	0.04239
mantled	0.04226
mesmerised	0.04223
multistate	0.04213
Malory	0.04208
mimosa	0.04206
mausoleums	0.04206
misanthropy	0.04190
mately	0.04181
milks	0.04166
manque	0.04165
mends	0.04135
maturely	0.04119
Meru	0.04082
monumentally	0.04080
mov	0.04030
MEMS	0.04026
Montréal	0.04024
Mideast	0.04019
mortifications	0.04009
molto	0.03997
moisturizer	0.03995
Martín	0.03969
Magnificat	0.03969
metastasized	0.03963
mawkish	0.03956
Mohicans	0.03954
mand	0.03947
meetinghouse	0.03937
Mears	0.03933
minting	0.03927
memorandums	0.03916
mul	0.03913
morphometric	0.03913
mangers	0.03896
myasthenia	0.03878
Mencius	0.03866
metanarratives	0.03844
Margolin	0.03838
MQ	0.03814
Maritimes	0.03791
maneuverings	0.03772
mitted	0.03771
mobilities	0.03770
Mohammedanism	0.03760
miry	0.03745
machineries	0.03742
MTS	0.03734
mythically	0.03734
MBE	0.03728
microsecond	0.03727
maidservants	0.03726
muteness	0.03723
Mercure	0.03719
Mukhopadhyay	0.03719
mascots	0.03702
manioc	0.03674
monetarily	0.03663
multicentre	0.03633
misclassified	0.03629
Maxfield	0.03627
Maisonneuve	0.03622
memorise	0.03621
mufflers	0.03618
malediction	0.03615
milch	0.03614
misinterprets	0.03611
mayn't	0.03583
Magyars	0.03578
Munger	0.03559
matriarchy	0.03549
mid1960s	0.03527
Mainwaring	0.03523
magister	0.03496
milkweed	0.03476
Moorman	0.03474
Mejia	0.03460
mucky	0.03443
Marengo	0.03431
mope	0.03426
mildewed	0.03419
Mahometan	0.03415
maxilla	0.03412
matrixes	0.03396
multisystem	0.03393
mongrels	0.03388
malachite	0.03384
midyear	0.03382
mentis	0.03381
Magog	0.03370
masseuse	0.03361
mandamus	0.03351
mellowing	0.03349
MZ	0.03344
mirthless	0.03337
multidimensionality	0.03328
Methoden	0.03327
Moluccas	0.03315
minders	0.03310
Minami	0.03306
Maharaj	0.03306
Monongahela	0.03295
Maeterlinck	0.03284
meetin	0.03275
misplace	0.03269
mounded	0.03243
missis	0.03238
Maecenas	0.03224
midsized	0.03222
Morgen	0.03218
mastership	0.03205
Maistre	0.03196
Malebranche	0.03185
Matos	0.03185
Münster	0.03182
modernday	0.03181
mistranslation	0.03173
martinet	0.03158
misheard	0.03150
medievalism	0.03149
matterof	0.03146
moraine	0.03131
megabyte	0.03126
mohair	0.03110
Macready	0.03091
mailroom	0.03082
maun	0.03073
marginalise	0.03062
morbidities	0.03057
manuring	0.03057
marketeers	0.03043
marinate	0.03029
Morningside	0.03025
memorised	0.03023
Morland	0.03022
mammalia	0.03003
macrolevel	0.02997
MRIs	0.02988
midgets	0.02977
meatpacking	0.02965
mountebank	0.02965
musick	0.02963
monovalent	0.02948
maxi	0.02938
maxed	0.02923
misanthrope	0.02920
misapprehensions	0.02916
Medicina	0.02903
maul	0.02884
misgovernment	0.02879
maidenly	0.02864
Moir	0.02858
masqueraded	0.02835
maddest	0.02834
Marcion	0.02830
musters	0.02823
Malkin	0.02816
monger	0.02814
Minot	0.02811
muscarinic	0.02808
marsupials	0.02800
megahertz	0.02796
Mika	0.02791
Mémoires	0.02786
meow	0.02786
MLS	0.02786
minx	0.02780
melanogaster	0.02769
Mercia	0.02751
monosyllable	0.02731
Medway	0.02698
methought	0.02696
micromanage	0.02696
militaire	0.02694
miniskirts	0.02673
mutates	0.02663
moralising	0.02654
Musset	0.02646
Mannering	0.02638
Mab	0.02619
Millington	0.02610
multithreaded	0.02609
Midler	0.02606
matinees	0.02569
Mulford	0.02560
murderously	0.02560
mathematic	0.02554
Marrakech	0.02551
massiveness	0.02542
MMP	0.02540
muckraking	0.02538
Margret	0.02531
macadam	0.02511
muerte	0.02502
milli	0.02500
munition	0.02494
mustachioed	0.02464
moldering	0.02447
Miroslav	0.02437
Millman	0.02436
matchsticks	0.02430
mottling	0.02423
Mayence	0.02413
mous	0.02411
Marmion	0.02411
mauling	0.02387
mie	0.02381
megawatt	0.02379
miter	0.02379
microbiologist	0.02373
maniacally	0.02365
midtwentieth	0.02361
Macey	0.02360
mance	0.02341
misconstruction	0.02328
Maister	0.02327
mismatching	0.02316
mizzen	0.02316
mewing	0.02306
Multnomah	0.02301
Mauer	0.02280
Mander	0.02278
Maman	0.02269
misbegotten	0.02262
Mithridates	0.02253
meself	0.02253
moralized	0.02247
Moultrie	0.02244
melodramatically	0.02235
mispronounced	0.02229
Mussulmans	0.02224
malcontent	0.02217
multitask	0.02206
misspent	0.02204
Mihaly	0.02204
meum	0.02197
Merrimac	0.02195
mamas	0.02193
Maida	0.02159
mangling	0.02157
Managua	0.02157
Mesmer	0.02153
Manitou	0.02140
Macrae	0.02134
Melancthon	0.02129
Mylar	0.02128
Maule	0.02115
Meyerbeer	0.02111
merriest	0.02107
Minorca	0.02101
matchstick	0.02101
meaningly	0.02093
murkier	0.02081
metatarsal	0.02081
Manton	0.02069
milkmaid	0.02067
muezzin	0.02061
mémoire	0.02051
milliners	0.02050
morasses	0.02040
Medline	0.02033
Maintenon	0.02032
Magruder	0.02026
mincemeat	0.02023
menials	0.02019
malting	0.02015
manured	0.02011
menschlichen	0.02009
maintenant	0.01996
Mantegna	0.01985
MMWR	0.01976
Mycenae	0.01975
multilingualism	0.01965
maidenhood	0.01962
Maharajah	0.01957
Marblehead	0.01952
miscible	0.01943
monomania	0.01935
meas	0.01934
Martinelli	0.01926
Mahomedan	0.01922
moyens	0.01918
mils	0.01917
Massena	0.01916
maledictions	0.01913
Monckton	0.01913
m'a	0.01899
minivans	0.01896
McChesney	0.01896
MAPK	0.01896
Mittel	0.01891
Millais	0.01891
moulder	0.01885
Margrave	0.01872
Morell	0.01866
Mahometans	0.01856
Midian	0.01856
Mongolians	0.01856
Mansel	0.01841
mauvais	0.01837
misfire	0.01830
Montagne	0.01829
microcirculation	0.01822
Murfreesboro	0.01822
Milman	0.01822
Modernities	0.01798
Merrimack	0.01795
multipart	0.01793
merchandize	0.01787
microscopical	0.01784
moraines	0.01777
mislabeled	0.01761
monounsaturated	0.01755
mouthwatering	0.01751
meads	0.01751
Masada	0.01751
Memnon	0.01750
mnch	0.01747
morphia	0.01746
multa	0.01738
mulberries	0.01733
Manzoni	0.01732
Marrakesh	0.01731
Monteith	0.01730
mirabilis	0.01727
Merv	0.01724
muckle	0.01718
Middlemarch	0.01717
muscularity	0.01715
mors	0.01693
Maynooth	0.01682
moister	0.01674
metes	0.01673
maner	0.01644
martyrdoms	0.01639
mortise	0.01636
maniere	0.01636
McLane	0.01635
muoh	0.01630
Midlothian	0.01598
mucilage	0.01589
molehill	0.01581
mnst	0.01578
minutia	0.01576
Moncrieff	0.01576
malarious	0.01572
MBS	0.01571
manicures	0.01570
Macduff	0.01563
Mahomed	0.01551
Maurier	0.01545
marauder	0.01544
Magnes	0.01543
Manilla	0.01532
Micawber	0.01529
muriatic	0.01528
Montauk	0.01528
myalgia	0.01526
Martius	0.01523
menstruate	0.01523
Massinger	0.01512
Munday	0.01509
multiplexer	0.01509
Moniteur	0.01501
MMA	0.01500
Maginot	0.01488
Macomber	0.01487
medicating	0.01479
Marchese	0.01476
misers	0.01474
manifestoes	0.01471
molting	0.01470
Mercurius	0.01468
Molesworth	0.01467
maimer	0.01459
Manlius	0.01442
melds	0.01436
Marryat	0.01429
Milnes	0.01424
multimode	0.01414
Mirandola	0.01411
Moen	0.01399
Megara	0.01399
managerialism	0.01396
metacarpal	0.01392
Marcellinus	0.01385
metonym	0.01385
mistrusting	0.01384
messmates	0.01383
Merovingian	0.01376
makest	0.01374
mindfully	0.01374
mantilla	0.01373
mythologizing	0.01371
middens	0.01369
misjudgments	0.01366
Meaux	0.01360
Marquesas	0.01354
moto	0.01354
Marceau	0.01350
mummery	0.01345
mastodon	0.01340
moulting	0.01333
Madura	0.01324
mulching	0.01307
mignonette	0.01307
multifamily	0.01295
moistness	0.01293
Marse	0.01283
Mamelukes	0.01282
Moxon	0.01267
Morea	0.01266
mysteriousness	0.01266
Montparnasse	0.01262
mong	0.01257
Mercutio	0.01252
makeovers	0.01234
malnourishment	0.01229
mande	0.01213
mythmaking	0.01211
Mahendra	0.01211
Macclesfield	0.01207
Midianites	0.01204
Matterhorn	0.01193
mediatorial	0.01190
Munchausen	0.01190
Mertz	0.01180
mustached	0.01176
mullioned	0.01169
Morten	0.01165
muslins	0.01158
mightest	0.01150
Millan	0.01144
myelinated	0.01141
M7	0.01134
Manx	0.01132
Merc	0.01131
moult	0.01130
motu	0.01130
mannerly	0.01126
myrtles	0.01123
Messias	0.01122
muleteer	0.01120
Moabites	0.01115
Mede	0.01115
modum	0.01107
Mobius	0.01102
Murano	0.01099
mado	0.01094
muleteers	0.01094
Marmora	0.01091
Michell	0.01089
mottos	0.01088
mercuric	0.01086
masterworks	0.01085
merchantable	0.01085
Mahratta	0.01083
movables	0.01080
mismo	0.01073
marsupial	0.01072
messmate	0.01072
maceration	0.01071
maître	0.01071
midge	0.01064
multiprocessor	0.01057
Miltonic	0.01056
malevolently	0.01051
may'st	0.01051
Morpeth	0.01050
metempsychosis	0.01040
Meno	0.01035
motorcars	0.01034
mazy	0.01034
Maclaren	0.01032
mayoralty	0.01026
Malayalam	0.01020
Maries	0.01014
Monmouthshire	0.01008
Mondes	0.01007
Muscovites	0.01001
mollusc	0.009991
mitred	0.009931
Milesian	0.009888
Mudge	0.009886
Matsumura	0.009776
mako	0.009771
manful	0.009735
moorlands	0.009697
MEP	0.009677
Magdala	0.009578
Madurai	0.009576
mewed	0.009450
Miyoshi	0.009428
Monnier	0.009405
medicaments	0.009378
mountebanks	0.009376
myrmidons	0.009371
mantling	0.009354
multis	0.009261
moonbeam	0.009205
manumitted	0.009201
madrigals	0.009179
Mesdames	0.009163
miscalled	0.009071
Mechlin	0.009068
Maur	0.009039
misapprehended	0.008925
masterstroke	0.008925
mustbe	0.008921
magnifier	0.008837
meo	0.008833
M.A	0.008820
mattock	0.008804
Machiavel	0.008766
midtwenties	0.008707
mth	0.008700
mosquitos	0.008685
Maximilien	0.008658
meridional	0.008628
McClurg	0.008609
methyltransferase	0.008609
Morgans	0.008604
mullions	0.008599
madrigal	0.008597
mammas	0.008552
muskrats	0.008508
micromanagement	0.008485
medicinally	0.008483
Miltiades	0.008371
meanes	0.008305
mustachios	0.008278
melodiously	0.008256
millenniums	0.008155
MSB	0.008128
maltose	0.008114
manlike	0.008099
mueh	0.008077
maintainers	0.008052
mucilaginous	0.008016
mender	0.008014
motorised	0.007971
microsomal	0.007885
moun	0.007877
mallow	0.007825
misstated	0.007773
misjudging	0.007767
multicollinearity	0.007747
mark'd	0.007710
meerschaum	0.007693
Marchi	0.007692
manikin	0.007688
mellowness	0.007573
Mnemosyne	0.007522
milkshakes	0.007518
multum	0.007515
mocker	0.007493
moveth	0.007491
mummers	0.007464
membres	0.007428
mensuration	0.007347
misgave	0.007340
missals	0.007322
mechanician	0.007275
moonrise	0.007246
minuter	0.007235
minis	0.007233
MajorGeneral	0.007226
moroseness	0.007205
murmurous	0.007160
maces	0.007143
Maty	0.007138
militiaman	0.007129
magno	0.007086
Mauna	0.007086
mastiffs	0.007075
moated	0.007060
metrically	0.007037
marquises	0.007013
Maro	0.007010
macerated	0.007001
mockeries	0.006988
meaneth	0.006905
montages	0.006876
muffs	0.006875
matchlocks	0.006871
makeshifts	0.006806
measurer	0.006759
mitres	0.006756
microscale	0.006747
mockers	0.006745
mineralogist	0.006696
mither	0.006665
mto	0.006626
masticated	0.006600
maned	0.006557
meannesses	0.006534
meddler	0.006496
monograms	0.006478
mented	0.006460
meane	0.006454
misdoings	0.006445
mutineer	0.006435
mesmerize	0.006400
maltreat	0.006361
milkmaids	0.006339
mulcted	0.006326
meekest	0.006325
moire	0.006296
menorah	0.006233
masterless	0.006209
mélange	0.006202
MgCl2	0.006186
monetarist	0.006182
manhandling	0.006155
moveless	0.006151
McArdle	0.006142
mysel	0.006135
Melpomene	0.006124
malum	0.006097
mummeries	0.006079
manded	0.006022
murrain	0.006013
momently	0.006004
manlier	0.006000
mastic	0.005987
malignantly	0.005971
machination	0.005960
masticate	0.005906
mouldered	0.005904
maliciousness	0.005877
mained	0.005856
moralise	0.005845
Meshach	0.005845
monomaniac	0.005787
mêmes	0.005778
minde	0.005758
musn't	0.005731
monition	0.005670
mendicancy	0.005589
marquees	0.005562
mantels	0.005549
malic	0.005542
mantelshelf	0.005506
MacNeil	0.005452
mistily	0.005446
mellower	0.005441
mischances	0.005412
mediocrities	0.005408
meagreness	0.005385
Maypole	0.005371
Miserere	0.005358
meddles	0.005331
manias	0.005329
maltreating	0.005318
Marly	0.005284
maist	0.005264
Moise	0.005234
moistens	0.005120
mightiness	0.005118
mewling	0.005086
militating	0.004995
milksop	0.004981
mentary	0.004976
metamorphosing	0.004967
mettlesome	0.004959
masticating	0.004936
monopolizes	0.004898
marm	0.004889
molehills	0.004862
mispronunciation	0.004858
mulish	0.004821
mournfulness	0.004795
monitions	0.004790
mollifying	0.004763
moanings	0.004750
mariage	0.004712
mephitic	0.004673
mixt	0.004669
Mayday	0.004655
mou	0.004633
monitory	0.004613
morrows	0.004582
mystifications	0.004561
macaw	0.004555
meu	0.004548
minora	0.004534
maddens	0.004523
malted	0.004449
misapprehend	0.004424
mistiness	0.004411
Mantuan	0.004397
munificently	0.004397
mistranslated	0.004395
madding	0.004391
Messiahship	0.004330
membra	0.004301
Mahommedan	0.004298
meus	0.004254
minim	0.004238
margined	0.004202
mischievousness	0.004157
murkiness	0.004148
machinegun	0.004133
maligning	0.004117
misconceive	0.004097
maws	0.004087
maladie	0.004034
matchlock	0.003962
magni	0.003944
mundus	0.003894
Monist	0.003841
mers	0.003832
M4P	0.003775
microgram	0.003697
meanin	0.003692
m'en	0.003692
melius	0.003679
macadamized	0.003659
maa	0.003654
musta	0.003652
mourir	0.003614
mult	0.003609
mittee	0.003508
murther	0.003380
mauvaise	0.003315
mows	0.003311
masher	0.003311
madest	0.003279
mansard	0.003246
mecum	0.003223
mobbing	0.003178
moulders	0.003151
merce	0.003147
moil	0.003075
Martinmas	0.003033
moustached	0.003028
mili	0.003024
mure	0.002968
midmost	0.002916
maidenhair	0.002781
moke	0.002772
misplacement	0.002714
makebelieve	0.002692
mands	0.002676
matriculate	0.002647
missin	0.002588
mond	0.002573
mittened	0.002422
misplacing	0.002413
matutinal	0.002406
mettled	0.002381
misapply	0.002371
moue	0.002357
mauy	0.002317
muddles	0.002258
misdirect	0.002247
moneymaker	0.002218
moony	0.002204
munication	0.002191
midthirties	0.002186
maladroit	0.002162
mys	0.002151
mercial	0.002146
men.1	0.002141
miud	0.002126
monly	0.002112
modesdy	0.002106
mistrusts	0.002040
